id,committed_at,kickoff_utc,competition,home,away,p_home,p_draw,p_away,p_over25,market_home,market_draw,market_away,market_over25,call,biggest_lean,lean_size,note,result,home_goals,away_goals,brier,market_brier,blind_home,blind_draw,blind_away,blind_over25,blind_call,blind_note,blind_committed_at,odds_seen_at,blind_brier
J-0001,2026-09-26T20:10:15Z,2026-09-27T13:00:00Z,UEFA Nations League,Lithuania,Azerbaijan,0.38,0.31,0.31,0.38,0.386,0.312,0.302,0.379,no view,away,0.008,"Bottom tier, market is as good as I am.",D,1,1,0.7166,0.7135,,,,,,,,,
J-0002,2026-09-26T20:10:15Z,2026-09-27T16:00:00Z,UEFA Nations League,Gibraltar,Andorra,0.25,0.35,0.4,0.25,0.263,0.34,0.397,0.3,under 2.5,draw,0.01,Two sides that barely score; the market already has over at 0.30 and I would go lower still.,D,0,0,0.645,0.6624,,,,,,,,,
J-0003,2026-09-26T20:10:15Z,2026-09-27T16:00:00Z,UEFA Nations League,Austria,Kosovo,0.54,0.26,0.2,0.5,0.611,0.225,0.164,0.537,draw or Kosovo (double chance),away,0.036,Kosovo beat Sweden and Slovenia in qualifying and are still climbing; Rangnick's Austria are good but this is priced like a stroll.,H,3,1,0.3192,0.2288,,,,,,,,,
J-0004,2026-09-26T20:10:15Z,2026-09-27T16:00:00Z,UEFA Nations League,Denmark,Wales,0.55,0.26,0.19,0.5,0.648,0.21,0.142,0.541,Wales or draw (double chance),draw,0.05,Bellamy's Wales are hard to break down; Denmark at 0.65 is a legacy price for a side that has gone backwards. Under 2.5 too.,H,2,0,0.3062,0.1882,,,,,,,,,
J-0005,2026-09-26T20:10:15Z,2026-09-27T16:00:00Z,UEFA Nations League,Serbia,Netherlands,0.14,0.22,0.64,0.55,0.133,0.198,0.67,0.584,Netherlands win,draw,0.022,"Agree with the market. Serbia are a mess since Stojkovic left; Belgrade noise is worth a little, not much.",A,1,2,0.1976,0.1658,,,,,,,,,
J-0006,2026-09-26T20:10:15Z,2026-09-27T18:45:00Z,UEFA Nations League,Germany,Greece,0.6,0.23,0.17,0.52,0.676,0.189,0.135,0.635,under 2.5,draw,0.041,"Greece under Jovanovic are organised and rising, Germany's rating has gone nowhere in a year. Germany still win most often, but 0.68 and over at 0.63 both look a touch rich.",A,0,1,1.1018,1.2409,,,,,,,,,
J-0007,2026-09-26T20:10:15Z,2026-09-27T18:45:00Z,UEFA Nations League,Israel,Republic of Ireland,0.33,0.29,0.38,0.4,0.368,0.293,0.34,0.443,"Ireland win, under 2.5",away,0.04,"Neutral venue, so no real home edge. Hallgrimsson's Ireland are the better organised side and Israel leak goals to decent teams.",A,0,3,0.5774,0.6569,,,,,,,,,
J-0008,2026-09-26T20:10:15Z,2026-09-27T18:45:00Z,UEFA Nations League,Norway,Portugal,0.44,0.24,0.32,0.66,0.38,0.255,0.365,0.635,"Norway win, over 2.5",home,0.06,"Haaland, Sorloth and Nusa at home; Norway's rating has risen faster than anyone's. Portugal are better on paper and worse in September. Haaland anytime scorer is the obvious side market.",A,1,2,0.7136,0.6127,,,,,,,,,
J-0009,2026-09-26T20:10:15Z,2026-09-28T16:00:00Z,UEFA Nations League,Armenia,Montenegro,0.33,0.3,0.37,0.42,0.349,0.299,0.353,0.433,no view,away,0.017,Coin flip on a small sample. Pass.,A,2,3,0.5958,0.6298,,,,,,,,,
J-0010,2026-09-26T20:10:15Z,2026-09-28T16:00:00Z,UEFA Nations League,Latvia,Cyprus,0.36,0.31,0.33,0.4,0.36,0.296,0.343,0.431,no view,draw,0.014,Pass.,D,0,0,0.7146,0.7429,,,,,,,,,
J-0011,2026-09-26T20:10:15Z,2026-09-28T16:00:00Z,UEFA Nations League,Georgia,Ukraine,0.33,0.28,0.39,0.47,0.356,0.287,0.357,0.451,Ukraine win,away,0.033,Ukraine are on the way up and Georgia have drifted since Euro 2024; Kvaratskhelia alone does not carry a side at this level.,D,0,0,0.7794,0.7626,,,,,,,,,
J-0012,2026-09-26T20:10:15Z,2026-09-28T18:45:00Z,UEFA Nations League,Belgium,France,0.32,0.26,0.42,0.62,0.259,0.24,0.501,0.635,"Belgium or draw (double chance), both teams to score",home,0.061,"Belgium's rating is up almost 100 in a year and France's is down 40; France are also in their first window after a change of coach, and post-tournament Septembers are where favourites get caught.",A,0,1,0.5064,0.3737,,,,,,,,,
J-0013,2026-09-26T20:10:15Z,2026-09-28T18:45:00Z,UEFA Nations League,Romania,Bosnia & Herzegovina,0.4,0.29,0.31,0.45,0.436,0.282,0.283,0.475,draw,away,0.027,Bosnia had the better of Romania in qualifying; two cagey sides. Under 2.5 as well.,A,2,4,0.7202,0.7837,,,,,,,,,
J-0014,2026-09-26T20:10:15Z,2026-09-28T18:45:00Z,UEFA Nations League,Northern Ireland,Hungary,0.38,0.3,0.32,0.36,0.348,0.312,0.34,0.375,"Northern Ireland win, under 2.5",home,0.032,"Windsor Park, a young side that keeps improving, against a Hungary still bruised from losing their World Cup place in stoppage time. Low-scoring either way.",D,0,0,0.7368,0.71,,,,,,,,,
J-0015,2026-09-26T20:10:15Z,2026-09-28T18:45:00Z,UEFA Nations League,Turkey,Italy,0.4,0.27,0.33,0.55,0.346,0.275,0.379,0.533,Turkey win,home,0.054,Montella's Turkey at home with Guler and Yildiz against an Italy in transition. The market makes Italy favourites on the badge.,A,1,4,0.6818,0.581,,,,,,,,,
J-0016,2026-09-26T20:10:15Z,2026-09-28T18:45:00Z,UEFA Nations League,Sweden,Poland,0.5,0.25,0.25,0.58,0.486,0.257,0.257,0.546,"Sweden win, over 2.5",home,0.014,Isak and Gyokeres against an ageing Poland. Agree with the market on the result; the goals angle is the one I like.,H,3,1,0.375,0.3963,,,,,,,,,
J-0017,2026-09-26T20:10:15Z,2026-09-29T18:45:00Z,UEFA Nations League,Spain,Croatia,0.75,0.16,0.09,0.62,0.761,0.154,0.085,0.6,Spain win to nil,draw,0.006,"Spain are the best side in the world by a distance and Croatia's core is past 35. Spain took Croatia 3-0 at the Euros. No edge on the result, the angle is the clean sheet.",H,4,1,0.0962,0.0881,,,,,,,,,
J-0018,2026-09-26T20:10:15Z,2026-09-29T18:45:00Z,UEFA Nations League,Czech Republic,England,0.15,0.23,0.62,0.5,0.136,0.211,0.654,0.547,"England win, under 2.5",draw,0.019,"England win these, usually without much noise. The Czechs have been unsettled since sacking Hasek. Slightly below market on England because it is Prague and the window after a tournament.",A,0,2,0.2198,0.1827,,,,,,,,,
J-0019,2026-09-26T20:10:15Z,2026-09-29T18:45:00Z,UEFA Nations League,Slovenia,North Macedonia,0.52,0.28,0.2,0.36,0.555,0.261,0.184,0.437,under 2.5,draw,0.019,"Slovenia games are low-scoring by habit: Oblak behind a deep block, Sesko the one outlet. Market has over at 0.44, I would be well under that.",,,,,,,,,,,,,,
J-0020,2026-09-26T20:10:15Z,2026-09-29T18:45:00Z,UEFA Nations League,Scotland,Switzerland,0.32,0.28,0.4,0.45,0.269,0.276,0.455,0.485,Scotland or draw (double chance),home,0.051,"Hampden, a Scotland side that qualified for the World Cup and plays above its rating at home. Switzerland are the better team but 0.45 away here is generous.",A,0,3,0.5408,0.4456,,,,,,,,,
J-0021,2026-09-26T20:10:15Z,2026-10-01T18:45:00Z,UEFA Nations League,Denmark,Portugal,0.32,0.27,0.41,0.5,0.273,0.278,0.449,0.481,Denmark or draw (double chance),home,0.047,"Denmark beat Portugal 1-0 in Copenhagen in March 2025 and Portugal do not travel well in these. Priced at 0.27, I have Denmark nearer a third.",,,,,,,,,,,,,,
J-0022,2026-09-26T20:10:15Z,2026-10-01T18:45:00Z,UEFA Nations League,Germany,Serbia,0.7,0.18,0.12,0.62,0.714,0.172,0.114,0.652,Germany win,draw,0.008,Agree with the market. Nothing to add.,,,,,,,,,,,,,,
J-0023,2026-09-26T20:10:15Z,2026-10-01T18:45:00Z,UEFA Nations League,Greece,Netherlands,0.3,0.27,0.43,0.5,0.258,0.275,0.467,0.523,Greece or draw (double chance),home,0.042,"Athens is a hard place to visit and Greece are the most improved side in the group. Netherlands still favourites, but 0.47 away is thin.",,,,,,,,,,,,,,
J-0024,2026-09-26T20:10:15Z,2026-10-01T18:45:00Z,UEFA Nations League,Wales,Norway,0.27,0.25,0.48,0.58,0.262,0.239,0.499,0.547,over 2.5,draw,0.011,Agree with Norway favourites. Cardiff will not stop Haaland but Wales will score; goals is the angle.,,,,,,,,,,,,,,
J-0025,2026-09-28T23:41:20Z,2026-09-29T16:00:00Z,UEFA Nations League,Finland,Belarus,0.52,0.27,0.21,0.44,0.591,0.253,0.156,0.429,Finland win,away,0.054,"Market has Finland at 0.59, well above my blind 0.45. I move up but not all the way: Belarus have been drawing games like this.",D,0,0,0.8474,0.9316,0.45,0.28,0.27,0.45,Finland win,"Belarus play every game away from home because of sanctions and travel badly. Finland are ordinary but it is Helsinki and the sides are level on rating, so the home edge decides it.",2026-09-28T23:40:12Z,2026-09-28T23:40:36Z,0.7938
J-0026,2026-09-28T23:41:20Z,2026-09-29T16:00:00Z,UEFA Nations League,Moldova,Faroe Islands,0.37,0.31,0.32,0.37,0.338,0.32,0.343,0.365,under 2.5,home,0.032,Market is a three-way coin flip; I keep a small home lean and the under.,D,1,1,0.7154,0.6943,0.4,0.3,0.3,0.4,under 2.5,Two sides that struggle to score. The Faroes have tightened up in the last two years and Moldova rarely get more than one. Low-scoring.,2026-09-28T23:40:12Z,2026-09-28T23:40:36Z,0.74
J-0027,2026-09-28T23:41:20Z,2026-09-29T18:45:00Z,UEFA Nations League,San Marino,Albania,0.03,0.08,0.89,0.68,0.025,0.07,0.905,0.681,"Albania win, over 2.5",draw,0.01,Agree with the market.,A,0,3,0.0194,0.0145,0.05,0.1,0.85,0.65,"Albania win, over 2.5",San Marino concede three a game against anyone competent and Albania are competent. The only question is the margin.,2026-09-28T23:40:12Z,2026-09-28T23:40:36Z,0.035
J-0028,2026-09-28T23:41:20Z,2026-09-29T18:45:00Z,UEFA Nations League,Bulgaria,Estonia,0.52,0.27,0.21,0.41,0.561,0.267,0.172,0.413,Bulgaria win,away,0.038,Market a touch stronger on Bulgaria than I was blind. Split the difference.,D,0,0,0.8474,0.8816,0.47,0.28,0.25,0.42,Bulgaria win,"Two poor sides, Bulgaria the less poor and at home. Not a strong view.",2026-09-28T23:40:12Z,2026-09-28T23:40:36Z,0.8018
J-0029,2026-09-28T23:41:20Z,2026-09-29T18:45:00Z,UEFA Nations League,Luxembourg,Iceland,0.28,0.28,0.44,0.52,0.28,0.289,0.431,0.456,over 2.5,away,0.009,"Result matches the market. The gap is on goals: market 0.46 for over, I stay above it because both sides leak.",A,0,3,0.4704,0.4857,0.3,0.27,0.43,0.55,over 2.5,Iceland score and concede in equal measure and Luxembourg have become a side that scores at home. Goals rather than a winner.,2026-09-28T23:40:12Z,2026-09-28T23:40:36Z,0.4878
J-0030,2026-09-28T23:41:20Z,2026-09-29T18:45:00Z,UEFA Nations League,Slovakia,Kazakhstan,0.68,0.22,0.1,0.44,0.742,0.178,0.081,0.508,"Slovakia win, under 2.5",draw,0.042,Market 0.74 on Slovakia is stronger than my blind 0.58; I move up. I keep the under against a market over of 0.51 because Slovakia win small.,H,2,1,0.1608,0.1048,0.58,0.25,0.17,0.4,"Slovakia win, under 2.5","Calzona's Slovakia are a compact side that wins 1-0 and 2-0 at home. Kazakhstan sit deep away. One or two goals, Slovakia's.",2026-09-28T23:40:12Z,2026-09-28T23:40:36Z,0.2678
J-0031,2026-09-28T23:41:20Z,2026-10-01T16:00:00Z,UEFA Nations League,Azerbaijan,Liechtenstein,0.78,0.15,0.07,0.55,0.818,0.135,0.047,0.595,Azerbaijan win,away,0.023,Agree. Market slightly stronger than I was.,,,,,,0.72,0.18,0.1,0.45,Azerbaijan win,"Liechtenstein are the weakest side in the competition. Azerbaijan are not good, but they are good enough for this.",2026-09-28T23:40:12Z,2026-09-28T23:40:36Z,
J-0032,2026-09-28T23:41:20Z,2026-10-01T18:45:00Z,UEFA Nations League,Republic of Ireland,Austria,0.28,0.3,0.42,0.42,0.274,0.292,0.435,0.433,"under 2.5, draw lean",draw,0.008,Blind and market almost identical. Under stays.,,,,,,0.3,0.3,0.4,0.42,under 2.5,"Austria are the better team and Rangnick's press travels. But Ireland just beat Israel 3-0 and are hard to beat in Dublin. I expect a tight, low game and would not be surprised by a draw.",2026-09-28T23:40:12Z,2026-09-28T23:40:36Z,
J-0033,2026-09-28T23:41:20Z,2026-10-01T18:45:00Z,UEFA Nations League,Malta,Gibraltar,0.65,0.23,0.12,0.4,0.723,0.195,0.082,0.467,"Malta win, under 2.5",away,0.038,Market 0.72 for Malta; I was 0.55 blind and go to 0.65. Under 2.5 is the lean: market 0.47 for over is high for these two.,,,,,,0.55,0.28,0.17,0.3,"Malta win, under 2.5",Gibraltar have not scored on the road in years. Malta are poor but this is their level. 1-0 or 2-0.,2026-09-28T23:40:12Z,2026-09-28T23:40:36Z,
J-0034,2026-09-28T23:41:20Z,2026-10-01T18:45:00Z,UEFA Nations League,Israel,Kosovo,0.3,0.28,0.42,0.49,0.306,0.281,0.413,0.492,Kosovo win,away,0.007,Agree with the market within a couple of points.,,,,,,0.28,0.28,0.44,0.5,Kosovo win,"Neutral venue so no home edge for Israel, who have just shipped three to Ireland. Kosovo are the better side and lost respectably in Austria.",2026-09-28T23:40:12Z,2026-09-28T23:40:36Z,
J-0035,2026-09-28T23:41:20Z,2026-10-02T14:00:00Z,UEFA Nations League,Kazakhstan,Moldova,0.5,0.27,0.23,0.4,0.534,0.246,0.22,0.467,under 2.5,draw,0.024,Market 0.47 for over; I stay under on two sides that do not score.,,,,,,0.45,0.3,0.25,0.38,under 2.5,Two sides that do not score. Kazakhstan at home should edge it but the shape of the game is the confident call: few goals.,2026-09-28T23:40:12Z,2026-09-28T23:40:36Z,
J-0036,2026-09-28T23:41:20Z,2026-10-02T16:00:00Z,UEFA Nations League,Latvia,Montenegro,0.23,0.29,0.48,0.41,0.214,0.276,0.51,0.425,Montenegro win,home,0.016,Market stronger on Montenegro (0.51) than my blind 0.43; I move most of the way.,,,,,,0.27,0.3,0.43,0.4,Montenegro win,"Montenegro just scored three in Armenia and are a level above Latvia, who drew 0-0 with Cyprus at home. Away win.",2026-09-28T23:40:12Z,2026-09-28T23:40:36Z,
J-0037,2026-09-28T23:41:20Z,2026-10-02T18:45:00Z,UEFA Nations League,Belgium,Turkey,0.58,0.22,0.2,0.58,0.622,0.197,0.182,0.465,"Belgium win, over 2.5",draw,0.023,"Result: agree, market a little stronger. Goals: market 0.47 for over, my blind was 0.62. I hold most of that gap; Turkey conceded four on Monday.",,,,,,0.52,0.24,0.24,0.62,"Belgium win, over 2.5",Turkey conceded four at home to Italy and their defence has been the problem all year. Belgium lost narrowly to France and will score against this back line. Belgium to win in a game with goals.,2026-09-28T23:40:12Z,2026-09-28T23:40:36Z,
J-0038,2026-09-28T23:41:20Z,2026-10-04T18:45:00Z,UEFA Nations League,Wales,Denmark,0.27,0.29,0.44,0.42,0.228,0.291,0.481,0.443,"Wales or draw (double chance), under 2.5",home,0.042,Market 0.48 Denmark against my blind 0.37. I move some of the way but keep Cardiff worth more than the market gives it. Under stays.,,,,,,0.33,0.3,0.37,0.42,under 2.5,"Denmark beat Wales 2-0 on Sunday, but Cardiff is a different game and Wales under Bellamy make it ugly at home. Denmark slight favourites, few goals.",2026-09-28T23:40:12Z,2026-09-28T23:40:36Z,
J-0039,2026-09-28T23:41:20Z,2026-10-04T18:45:00Z,UEFA Nations League,Greece,Germany,0.29,0.27,0.44,0.48,0.281,0.265,0.454,,Germany win,home,0.009,Blind and market within two points. No totals line from the books yet.,,,,,,0.3,0.28,0.42,0.5,Germany win,Greece won 1-0 in Germany on Sunday and Athens will be loud. Germany are still the better side and will be stung. I think they win narrowly; a draw is the next most likely.,2026-09-28T23:40:12Z,2026-09-28T23:40:36Z,
