id,committed_at,kickoff_utc,competition,home,away,p_home,p_draw,p_away,p_over25,market_home,market_draw,market_away,market_over25,backed,stake_gbp,odds_taken,result,home_goals,away_goals,brier,market_brier,clv,pnl_gbp
P-0001,2026-10-07T22:31:44Z,2026-10-09T19:00:00Z,E1,West Ham,QPR,0.7329,0.1675,0.0996,0.6955,nan,nan,nan,nan,,,,,,,,,,
P-0002,2026-10-08T22:30:44Z,2026-10-09T17:45:00Z,P1,Moreirense,Gil Vicente,0.3016,0.2983,0.4001,0.3663,0.2875,0.2942,0.4183,0.424,,,,,,,,,,
P-0003,2026-10-08T22:30:44Z,2026-10-09T18:00:00Z,N1,PSV Eindhoven,Heerenveen,0.704,0.1689,0.1271,0.8009,0.7571,0.1348,0.1081,0.8243,draw,0.0,6.94,,,,,,,
P-0004,2026-10-08T22:30:44Z,2026-10-09T18:30:00Z,D1,Dortmund,Werder Bremen,0.7798,0.1512,0.069,0.597,0.7076,0.1718,0.1206,0.6795,home,0.0,1.337,,,,,,,
P-0005,2026-10-08T22:30:44Z,2026-10-09T18:45:00Z,F1,Lens,Lyon,0.3631,0.2691,0.3678,0.5581,0.3919,0.2575,0.3505,0.6199,,,,,,,,,,
P-0006,2026-10-08T22:30:44Z,2026-10-09T19:00:00Z,SP1,Malaga,Espanol,0.1832,0.3383,0.4785,0.2371,0.3491,0.2976,0.3533,0.4584,away,0.0,2.692,,,,,,,
P-0007,2026-10-08T22:30:44Z,2026-10-09T19:15:00Z,P1,Sp Braga,Sp Lisbon,0.2758,0.2438,0.4804,0.5606,0.283,0.2715,0.4455,0.51,,,,,,,,,,
P-0008,2026-10-08T22:30:44Z,2026-10-10T11:30:00Z,E0,Arsenal,Leeds,0.5213,0.3144,0.1643,0.3109,nan,nan,nan,nan,,,,,,,,,,
P-0009,2026-10-08T22:30:44Z,2026-10-10T14:00:00Z,E0,Aston Villa,Brentford,0.3037,0.273,0.4233,0.5488,nan,nan,nan,nan,,,,,,,,,,
P-0010,2026-10-08T22:30:44Z,2026-10-10T14:00:00Z,E0,Chelsea,Bournemouth,0.3816,0.2524,0.366,0.6442,nan,nan,nan,nan,,,,,,,,,,
P-0011,2026-10-08T22:30:44Z,2026-10-10T14:00:00Z,E0,Ipswich,Fulham,0.3568,0.2961,0.3471,0.469,nan,nan,nan,nan,,,,,,,,,,
P-0012,2026-10-08T22:30:44Z,2026-10-10T14:00:00Z,E0,Sunderland,Brighton,0.1942,0.2406,0.5652,0.5865,nan,nan,nan,nan,,,,,,,,,,
P-0013,2026-10-08T22:30:44Z,2026-10-10T16:30:00Z,E0,Man United,Tottenham,0.6674,0.2113,0.1213,0.5726,nan,nan,nan,nan,,,,,,,,,,
P-0014,2026-10-08T22:30:44Z,2026-10-10T11:30:00Z,E1,Charlton,Bristol City,0.3072,0.3279,0.3648,0.3566,nan,nan,nan,nan,,,,,,,,,,
P-0015,2026-10-08T22:30:44Z,2026-10-10T11:30:00Z,E1,Swansea,Norwich,0.5099,0.25,0.2401,0.5993,nan,nan,nan,nan,,,,,,,,,,
P-0016,2026-10-08T22:30:44Z,2026-10-10T11:30:00Z,E1,West Brom,Birmingham,0.3679,0.3329,0.2992,0.3402,nan,nan,nan,nan,,,,,,,,,,
P-0017,2026-10-08T22:30:44Z,2026-10-10T14:00:00Z,E1,Blackburn,Cardiff,0.4837,0.2851,0.2312,0.4615,nan,nan,nan,nan,,,,,,,,,,
P-0018,2026-10-08T22:30:44Z,2026-10-10T14:00:00Z,E1,Bolton,Stoke,0.3899,0.2588,0.3513,0.6168,nan,nan,nan,nan,,,,,,,,,,
P-0019,2026-10-08T22:30:44Z,2026-10-10T14:00:00Z,E1,Derby,Wrexham,0.3732,0.2839,0.3428,0.5152,nan,nan,nan,nan,,,,,,,,,,
P-0020,2026-10-08T22:30:44Z,2026-10-10T14:00:00Z,E1,Middlesbrough,Wolves,0.4235,0.2592,0.3172,0.6078,nan,nan,nan,nan,,,,,,,,,,
P-0021,2026-10-08T22:30:44Z,2026-10-10T14:00:00Z,E1,Preston,Millwall,0.2167,0.2487,0.5346,0.5816,nan,nan,nan,nan,,,,,,,,,,
P-0022,2026-10-08T22:30:44Z,2026-10-10T14:00:00Z,E1,Sheffield United,Lincoln,0.3584,0.3644,0.2772,0.2542,nan,nan,nan,nan,,,,,,,,,,
P-0023,2026-10-08T22:30:44Z,2026-10-10T14:00:00Z,E1,Watford,Burnley,0.3198,0.312,0.3682,0.41,nan,nan,nan,nan,,,,,,,,,,
P-0024,2026-10-09T22:30:25Z,2026-10-10T13:30:00Z,D1,Augsburg,Bayern Munich,0.1319,0.1528,0.7153,0.7912,0.0849,0.1155,0.7996,0.829,home,0.0,11.02,,,,,,,
P-0025,2026-10-09T22:30:25Z,2026-10-10T13:30:00Z,D1,Hoffenheim,Hamburg,0.7028,0.168,0.1292,0.7118,0.6655,0.1877,0.1468,0.6783,,,,,,,,,,
P-0026,2026-10-09T22:30:25Z,2026-10-10T13:30:00Z,D1,Mainz,Leverkusen,0.3353,0.2421,0.4226,0.6172,0.3248,0.2442,0.431,0.657,,,,,,,,,,
P-0027,2026-10-09T22:30:25Z,2026-10-10T13:30:00Z,D1,Paderborn,Stuttgart,0.2815,0.3081,0.4104,0.3476,0.2014,0.2058,0.5928,0.6902,draw,0.0,4.55,,,,,,,
P-0028,2026-10-09T22:30:25Z,2026-10-10T13:30:00Z,D1,Union Berlin,Elversberg,0.1576,0.1573,0.6851,0.8232,0.4086,0.2536,0.3378,0.6181,away,0.0,2.77,,,,,,,
P-0029,2026-10-09T22:30:25Z,2026-10-10T16:30:00Z,D1,RB Leipzig,Ein Frankfurt,0.6436,0.1795,0.1769,0.7564,0.6043,0.198,0.1976,0.7328,,,,,,,,,,
P-0030,2026-10-09T22:30:25Z,2026-10-11T13:30:00Z,D1,FC Koln,M'gladbach,0.4856,0.224,0.2904,0.6797,0.4683,0.2408,0.2909,0.6352,,,,,,,,,,
P-0031,2026-10-09T22:30:25Z,2026-10-11T15:30:00Z,D1,Freiburg,Schalke 04,0.4318,0.3525,0.2157,0.2184,0.5709,0.2352,0.1938,0.5907,draw,0.0,3.98,,,,,,,
P-0032,2026-10-09T22:30:25Z,2026-10-11T13:00:00Z,E0,Crystal Palace,Nott'm Forest,0.3009,0.2996,0.3995,0.4487,0.3625,0.2819,0.3556,0.5013,away,0.0,2.64,,,,,,,
P-0033,2026-10-09T22:30:25Z,2026-10-11T13:00:00Z,E0,Hull,Everton,0.2643,0.3293,0.4064,0.3409,0.2626,0.2765,0.4609,0.4759,draw,0.0,3.4,,,,,,,
P-0034,2026-10-09T22:30:25Z,2026-10-11T15:30:00Z,E0,Liverpool,Man City,0.2718,0.2725,0.4558,0.5357,0.358,0.2577,0.3844,0.6061,away,0.0,2.44,,,,,,,
P-0035,2026-10-09T22:30:25Z,2026-10-12T19:00:00Z,E0,Coventry,Newcastle,0.3325,0.2647,0.4028,0.59,0.2882,0.2616,0.4502,0.5733,home,0.0,3.25,,,,,,,
P-0036,2026-10-09T22:30:25Z,2026-10-11T11:00:00Z,E1,Southampton,Portsmouth,0.7191,0.1694,0.1114,0.7193,0.5951,0.2262,0.1786,0.5733,home,0.0,1.57,,,,,,,
P-0037,2026-10-09T22:30:25Z,2026-10-10T15:15:00Z,F1,Lille,Le Havre,0.5897,0.2796,0.1306,0.3456,0.6602,0.2012,0.1387,0.5844,draw,0.0,4.66,,,,,,,
P-0038,2026-10-09T22:30:25Z,2026-10-10T18:45:00Z,F1,Brest,Angers,0.4553,0.3017,0.243,0.3977,0.4741,0.26,0.2659,0.5426,draw,0.0,3.61,,,,,,,
P-0039,2026-10-09T22:30:25Z,2026-10-10T18:45:00Z,F1,Lorient,Paris FC,0.2846,0.3103,0.405,0.39,0.2978,0.2817,0.4206,0.496,,,,,,,,,,
P-0040,2026-10-09T22:30:25Z,2026-10-10T18:45:00Z,F1,Monaco,Toulouse,0.6226,0.2133,0.1641,0.6333,0.5907,0.2226,0.1867,0.6015,,,,,,,,,,
P-0041,2026-10-09T22:30:25Z,2026-10-10T18:45:00Z,F1,Paris SG,Le Mans,0.74,0.1525,0.1075,0.7685,0.8737,0.0835,0.0428,0.7794,draw,0.0,11.3,,,,,,,
P-0042,2026-10-09T22:30:25Z,2026-10-11T13:00:00Z,F1,Nice,Strasbourg,0.2427,0.255,0.5022,0.5646,0.4096,0.2635,0.3269,0.562,away,0.0,2.87,,,,,,,
P-0043,2026-10-09T22:30:25Z,2026-10-11T15:15:00Z,F1,Rennes,Auxerre,0.5846,0.2118,0.2036,0.6975,0.6601,0.1941,0.1458,0.6352,away,0.0,6.43,,,,,,,
P-0044,2026-10-09T22:30:25Z,2026-10-11T18:45:00Z,F1,Troyes,Marseille,0.1361,0.1964,0.6674,0.649,0.2559,0.2458,0.4982,0.5943,away,0.0,1.88,,,,,,,
P-0045,2026-10-09T22:30:25Z,2026-10-10T13:00:00Z,I1,Genoa,Fiorentina,0.3494,0.2621,0.3886,0.4419,0.2962,0.2889,0.4149,0.4642,home,0.0,3.18,,,,,,,
P-0046,2026-10-09T22:30:25Z,2026-10-10T16:00:00Z,I1,Inter,Parma,0.7698,0.1424,0.0877,0.6327,0.8328,0.1123,0.0549,0.7038,away,0.0,17.13,,,,,,,
P-0047,2026-10-09T22:30:25Z,2026-10-10T18:45:00Z,I1,Napoli,Frosinone,0.3114,0.2836,0.405,0.3588,0.6547,0.1989,0.1464,0.6404,away,0.0,6.44,,,,,,,
P-0048,2026-10-09T22:30:25Z,2026-10-11T10:30:00Z,I1,Como,Roma,0.3067,0.247,0.4463,0.4934,0.369,0.2648,0.3662,0.5796,away,0.0,2.56,,,,,,,
P-0049,2026-10-09T22:30:25Z,2026-10-11T13:00:00Z,I1,Lazio,Monza,0.6132,0.1966,0.1903,0.6149,0.5981,0.2359,0.1659,0.508,,,,,,,,,,
P-0050,2026-10-09T22:30:25Z,2026-10-11T13:00:00Z,I1,Lecce,Bologna,0.2546,0.2865,0.4589,0.3306,0.2286,0.2806,0.4907,0.4524,,,,,,,,,,
P-0051,2026-10-09T22:30:25Z,2026-10-11T16:00:00Z,I1,Sassuolo,Milan,0.272,0.2326,0.4954,0.5374,0.2314,0.252,0.5166,0.5426,home,0.0,4.04,,,,,,,
P-0052,2026-10-09T22:30:25Z,2026-10-11T18:45:00Z,I1,Cagliari,Juventus,0.2314,0.2837,0.4849,0.3264,0.1531,0.2413,0.6056,0.4786,home,0.0,6.13,,,,,,,
P-0053,2026-10-09T22:30:25Z,2026-10-12T16:30:00Z,I1,Atalanta,Venezia,0.7912,0.1309,0.0779,0.6574,0.6055,0.2245,0.17,0.6071,home,0.0,1.55,,,,,,,
P-0054,2026-10-09T22:30:25Z,2026-10-12T18:45:00Z,I1,Torino,Udinese,0.3326,0.2366,0.4309,0.5517,0.4058,0.2938,0.3004,0.4485,away,0.0,3.12,,,,,,,
P-0055,2026-10-09T22:30:25Z,2026-10-10T14:30:00Z,N1,Go Ahead Eagles,Sparta Rotterdam,0.585,0.2264,0.1885,0.6943,0.5341,0.2289,0.2371,0.6784,home,0.0,1.74,,,,,,,
P-0056,2026-10-09T22:30:25Z,2026-10-10T16:45:00Z,N1,Feyenoord,AZ Alkmaar,0.4945,0.2629,0.2425,0.6198,0.5173,0.2351,0.2476,0.6698,,,,,,,,,,
P-0057,2026-10-09T22:30:25Z,2026-10-10T18:00:00Z,N1,For Sittard,Twente,0.1715,0.2505,0.578,0.5885,0.1514,0.1869,0.6616,0.6897,draw,0.0,4.99,,,,,,,
P-0058,2026-10-09T22:30:25Z,2026-10-10T19:00:00Z,N1,Ajax,Nijmegen,0.6023,0.2193,0.1784,0.7063,0.7171,0.1624,0.1204,0.7249,away,0.0,7.74,,,,,,,
P-0059,2026-10-09T22:30:25Z,2026-10-11T10:15:00Z,N1,Utrecht,Willem II,0.7192,0.1789,0.1019,0.7133,0.6282,0.2052,0.1666,0.6453,home,0.0,1.48,,,,,,,
P-0060,2026-10-09T22:30:25Z,2026-10-11T12:30:00Z,N1,Telstar,Den Haag,0.4983,0.3009,0.2008,0.4543,0.4643,0.2483,0.2875,0.6158,draw,0.0,3.74,,,,,,,
P-0061,2026-10-09T22:30:25Z,2026-10-11T12:30:00Z,N1,Zwolle,Cambuur,0.3682,0.2335,0.3984,0.7683,0.4835,0.2418,0.2747,0.6291,away,0.0,3.38,,,,,,,
P-0062,2026-10-09T22:30:25Z,2026-10-11T14:45:00Z,N1,Excelsior,Groningen,0.397,0.2861,0.3168,0.5737,0.3696,0.2563,0.3741,0.6087,,,,,,,,,,
P-0063,2026-10-09T22:30:25Z,2026-10-10T14:30:00Z,P1,Casa Pia,Santa Clara,0.1187,0.2488,0.6325,0.3557,0.2153,0.283,0.5017,0.4078,away,0.0,1.85,,,,,,,
P-0064,2026-10-09T22:30:25Z,2026-10-10T17:00:00Z,P1,Maritimo,Porto,0.0703,0.1514,0.7783,0.5828,0.0999,0.1908,0.7093,0.5054,away,0.0,1.31,,,,,,,
P-0065,2026-10-09T22:30:25Z,2026-10-10T19:30:00Z,P1,Academico Viseu,Estoril,0.6048,0.2372,0.158,0.4552,0.4146,0.2748,0.3106,0.4973,home,0.0,2.24,,,,,,,
P-0066,2026-10-09T22:30:25Z,2026-10-11T14:30:00Z,P1,Rio Ave,Nacional,0.3468,0.2744,0.3788,0.4592,0.4128,0.2867,0.3006,0.4533,away,0.0,3.09,,,,,,,
P-0067,2026-10-09T22:30:25Z,2026-10-11T17:00:00Z,P1,Benfica,Guimaraes,0.8156,0.1247,0.0597,0.6691,0.7686,0.1512,0.0802,0.6444,,,,,,,,,,
P-0068,2026-10-09T22:30:25Z,2026-10-11T19:30:00Z,P1,Arouca,Estrela,0.5504,0.2085,0.2411,0.6924,0.443,0.2747,0.2823,0.5067,home,0.0,2.09,,,,,,,
P-0069,2026-10-09T22:30:25Z,2026-10-12T19:15:00Z,P1,Famalicao,Alverca,0.5256,0.2777,0.1967,0.3692,0.5069,0.2769,0.2162,0.4652,,,,,,,,,,
P-0070,2026-10-09T22:30:25Z,2026-10-10T14:00:00Z,SC0,Dundee United,Hibernian,0.3289,0.2589,0.4121,0.5035,0.3497,0.2628,0.3876,0.5759,,,,,,,,,,
P-0071,2026-10-09T22:30:25Z,2026-10-10T14:00:00Z,SC0,Falkirk,Dundee,0.3832,0.2595,0.3573,0.5058,0.4597,0.2674,0.2729,0.5387,away,0.0,3.42,,,,,,,
P-0072,2026-10-09T22:30:25Z,2026-10-10T14:00:00Z,SC0,Hearts,St Mirren,0.6586,0.2152,0.1262,0.4642,0.6443,0.1971,0.1586,0.6266,,,,,,,,,,
P-0073,2026-10-09T22:30:25Z,2026-10-10T14:00:00Z,SC0,Rangers,Kilmarnock,0.7523,0.1494,0.0983,0.6831,0.818,0.1203,0.0616,0.7031,away,0.0,15.13,,,,,,,
P-0074,2026-10-09T22:30:25Z,2026-10-11T11:00:00Z,SC0,Motherwell,Celtic,0.2163,0.2289,0.5548,0.554,0.1949,0.2128,0.5923,0.6471,,,,,,,,,,
P-0075,2026-10-09T22:30:25Z,2026-10-11T13:00:00Z,SC0,Aberdeen,St Johnstone,0.3839,0.2883,0.3278,0.3905,0.4292,0.2788,0.292,0.4919,away,0.0,3.19,,,,,,,
P-0076,2026-10-09T22:30:25Z,2026-10-10T12:00:00Z,SP1,Vallecano,Ath Bilbao,0.4291,0.2868,0.2841,0.432,0.3488,0.2819,0.3693,0.5,home,0.0,2.7,,,,,,,
P-0077,2026-10-09T22:30:25Z,2026-10-10T14:15:00Z,SP1,Alaves,Ath Madrid,0.3242,0.2683,0.4075,0.5165,0.2224,0.2549,0.5226,0.5187,home,0.0,4.23,,,,,,,
P-0078,2026-10-09T22:30:25Z,2026-10-10T16:30:00Z,SP1,Barcelona,Getafe,0.8126,0.1431,0.0443,0.5338,0.8792,0.0809,0.0399,0.753,draw,0.0,11.73,,,,,,,
P-0079,2026-10-09T22:30:25Z,2026-10-10T19:00:00Z,SP1,Real Madrid,Villarreal,0.6922,0.1688,0.139,0.744,0.6917,0.1677,0.1406,0.7429,,,,,,,,,,
P-0080,2026-10-09T22:30:25Z,2026-10-11T12:00:00Z,SP1,Elche,Celta,0.3958,0.2653,0.3389,0.5324,0.3444,0.2882,0.3674,0.4759,home,0.0,2.72,,,,,,,
P-0081,2026-10-09T22:30:25Z,2026-10-11T14:15:00Z,SP1,Sociedad,La Coruna,0.4595,0.2407,0.2998,0.6246,0.5814,0.2382,0.1804,0.5426,away,0.0,5.19,,,,,,,
P-0082,2026-10-09T22:30:25Z,2026-10-11T16:30:00Z,SP1,Betis,Osasuna,0.6708,0.2085,0.1206,0.5263,0.6103,0.2239,0.1658,0.5426,home,0.0,1.53,,,,,,,
P-0083,2026-10-09T22:30:25Z,2026-10-11T19:00:00Z,SP1,Santander,Valencia,0.4505,0.2199,0.3296,0.7304,0.4101,0.2664,0.3235,0.5707,home,0.0,2.28,,,,,,,
P-0084,2026-10-09T22:30:25Z,2026-10-12T19:00:00Z,SP1,Levante,Sevilla,0.4364,0.2606,0.303,0.5411,0.3489,0.2859,0.3652,0.4679,home,0.0,2.68,,,,,,,
P-0085,2026-10-09T22:30:25Z,2026-10-10T14:00:00Z,SC0,Dundee,Hibernian,0.3688,0.2668,0.3644,0.475,nan,nan,nan,nan,,,,,,,,,,
