utc,opponent,opp_rating,my_rating,verdict,detail
2026-10-09T22:41:37Z,raspfish,3012,3011,refused 400,"{""error"":""RaspFish played 100 games against other bots today, please wait until 2026-10-10T06:27:29.657Z to challenge th"
2026-10-09T22:42:07Z,arasanx,2993,3011,no answer,
2026-10-09T22:42:07Z,newchessengine-ai,2963,3011,refused 400,"{""error"":""BOT NewChessEngine-ai does not accept challenges.""}"
2026-10-09T22:42:07Z,resolutebot,2945,3011,declined,casual
2026-10-09T22:42:08Z,weiawaga,2876,3011,accepted,
2026-10-09T22:48:16Z,duchessai,2784,3046,refused 400,"{""error"":""duchessAI played 100 games against other bots today, please wait until 2026-10-10T06:27:31.543Z to challenge t"
2026-10-09T22:48:16Z,lynx_bot,2631,3046,refused 400,"{""error"":""Lynx_BOT played 100 games against other bots today, please wait until 2026-10-10T06:33:25.381Z to challenge th"
2026-10-09T22:48:17Z,cheng-4,2593,3046,declined,nobot
2026-10-09T22:48:17Z,simbelmyne-bot,2577,3046,refused 400,"{""error"":""simbelmyne-bot played 100 games against other bots today, please wait until 2026-10-10T06:25:38.032Z to challe"
2026-10-09T22:48:17Z,leelajester,2465,3046,declined,nobot
2026-10-09T22:48:17Z,radianceengine,2451,3046,refused 400,"{""error"":""RadianceEngine played 100 games against other bots today, please wait until 2026-10-10T06:31:21.99Z to challen"
2026-10-09T22:48:17Z,eubos,2386,3046,refused 400,"{""error"":""eubos played 100 games against other bots today, please wait until 2026-10-10T06:30:19.022Z to challenge them."
2026-10-09T22:48:18Z,leelaalien,2377,3046,declined,nobot
2026-10-09T22:48:18Z,inanisbot,2359,3046,refused 400,"{""error"":""InanisBot played 100 games against other bots today, please wait until 2026-10-10T06:31:48.138Z to challenge t"
2026-10-09T22:48:18Z,leelarogue,2339,3046,declined,generic
2026-10-09T22:48:18Z,fataliibot,2260,3046,refused 400,"{""error"":""FataliiBot played 100 games against other bots today, please wait until 2026-10-10T09:29:00.539Z to challenge "
2026-10-09T22:48:19Z,ravenengine,2231,3046,refused 400,"{""error"":""RavenEngine played 100 games against other bots today, please wait until 2026-10-10T06:26:24.6Z to challenge t"
2026-10-09T22:48:19Z,likeawizard-bot,2218,3046,refused 400,"{""error"":""likeawizard-bot played 100 games against other bots today, please wait until 2026-10-10T06:31:53.67Z to challe"
2026-10-09T22:48:19Z,halcyonbot,2205,3046,refused 400,"{""error"":""halcyonbot played 100 games against other bots today, please wait until 2026-10-10T06:26:46.532Z to challenge "
2026-10-09T22:48:19Z,boris-trapsky,2194,3046,declined,generic
2026-10-09T22:48:20Z,catriever,2163,3046,declined,nobot
2026-10-09T22:48:21Z,panic-fish,2145,3046,declined,nobot
2026-10-09T22:48:22Z,simpleeval,2144,3046,refused 400,"{""error"":""simpleEval played 100 games against other bots today, please wait until 2026-10-10T06:34:08.928Z to challenge "
2026-10-09T22:48:22Z,goldfish-engine,2128,3046,refused 400,"{""error"":""Goldfish-Engine played 100 games against other bots today, please wait until 2026-10-10T06:39:23.816Z to chall"
2026-10-09T22:48:22Z,elmichess,2075,3046,declined,nobot
2026-10-09T22:48:23Z,hummus-bot,2051,3046,declined,nobot
2026-10-09T22:48:24Z,cosettebot,2040,3046,refused 400,"{""error"":""CosetteBot played 100 games against other bots today, please wait until 2026-10-10T06:42:13.501Z to challenge "
2026-10-09T22:48:24Z,stockfishlowdepth,1972,3046,declined,casual
2026-10-09T22:48:26Z,maia9_30n,1957,3046,declined,nobot
2026-10-09T22:48:56Z,jangine,1942,3046,no answer,
2026-10-09T22:48:56Z,chesschildren,1886,3046,refused 429,"{""error"":""Too many requests. Try again later.""}"
2026-10-10T06:54:20Z,torombot,3037,3046,declined,tooslow
2026-10-10T06:54:50Z,bot1e,3012,3046,no answer,
2026-10-10T06:55:20Z,raspfish,3009,3046,no answer,
2026-10-10T06:55:23Z,bot1nokk,3009,3046,accepted,
2026-10-10T06:59:42Z,torombot,3034,3039,declined,tooslow
2026-10-10T06:59:54Z,bot1e,3012,3039,accepted,
2026-10-10T07:01:45Z,torombot,3034,3034,declined,tooslow
2026-10-10T07:01:46Z,bot1e,3012,3034,accepted,
