finished_utc,game_id,opponent,opp_rating,my_rating_before,my_rating_after,colour,result,status,moves,url,think_s,refusals,draw_kind
2026-10-03T11:41:18Z,UmxnuFAD,duchessai,2782,3000,3129,white,win,mate,95,https://lichess.org/UmxnuFAD,,,
2026-10-04T22:41:38Z,M6nGUrlK,croco_little_bot,1251,3129,3129,white,win,mate,23,https://lichess.org/M6nGUrlK,,,
2026-10-04T22:42:30Z,6fLHrF2B,louischess48-6k,1134,3129,3129,white,win,mate,18,https://lichess.org/6fLHrF2B,,,
2026-10-04T22:44:52Z,Cvcig4GO,slowmate_bot,1093,3129,3129,black,win,mate,27,https://lichess.org/Cvcig4GO,,,
2026-10-05T22:54:27Z,nhMf8XUZ,arasanx,2990,3129,3057,white,draw,draw,45,https://lichess.org/nhMf8XUZ,,,
2026-10-06T22:54:17Z,F7SaoXM6,arasanx,2996,3057,3041,black,draw,draw,55,https://lichess.org/F7SaoXM6,,,
2026-10-06T23:01:05Z,41e2YbAx,leelachesstest,2993,3041,3032,black,draw,draw,143,https://lichess.org/41e2YbAx,,,
2026-10-08T22:47:02Z,HQz6HAtS,baby_eubos,1774,3032,3032,white,win,resign,49,https://lichess.org/HQz6HAtS,,,
2026-10-09T06:57:50Z,l6FpyJfn,duchessai,2794,3032,2989,black,draw,draw,20,https://lichess.org/l6FpyJfn,,,
2026-10-09T07:03:01Z,h1lCzzOr,lynx_bot,2651,2989,3006,white,win,mate,62,https://lichess.org/h1lCzzOr,,,
2026-10-09T07:07:20Z,4Bhsh6cb,radianceengine,2446,3006,3011,white,win,resign,41,https://lichess.org/4Bhsh6cb,,,
2026-10-09T22:48:16Z,a0w0GeDj,weiawaga,2876,3011,3046,white,win,mate,76,https://lichess.org/a0w0GeDj,1.0,4,
