,Arsenal,Aston Villa,Bournemouth,Brentford,Brighton,Burnley,Chelsea,Crystal Palace,Everton,Fulham,Leeds,Liverpool,Man City,Man United
2025-08-01,9980,3993,3725,3779,4990,3187,13212,4215,4093,2278,3872,29147,7314,12559
2025-08-02,8854,4222,3474,4074,4683,3859,11680,4625,3796,2080,9505,14674,6685,11557
2025-08-03,8950,3965,5181,3646,3479,2978,15006,4130,6499,2245,8095,12957,6353,15204
2025-08-04,9778,3964,3779,3366,3540,3932,18976,4145,6544,2342,8534,17813,6778,15052
2025-08-05,9447,4147,3792,4207,3446,3162,15796,4351,4964,2215,5116,16424,6947,12947
2025-08-06,11086,4942,3380,3932,4875,3816,18442,4797,7925,2533,5893,16071,7098,17691
2025-08-07,10204,4521,2924,3657,5526,6089,21602,3820,5626,2254,8748,15205,6920,21705
2025-08-08,9330,5309,4202,4447,4552,5333,21508,4545,4832,2254,7066,13369,7883,22200
2025-08-09,11776,4807,4238,3834,4443,5062,16990,8181,5733,2563,25957,15157,8986,38713
2025-08-10,12616,5333,3994,3928,4778,4392,16715,45812,5936,2694,9316,30342,10899,25450
2025-08-11,10578,5028,4778,4073,5051,4423,14311,25309,11105,2803,8287,14946,12622,22259
2025-08-12,10445,5541,6780,3994,4788,3957,12362,11616,12200,2686,8397,13362,11653,21080
2025-08-13,12658,6140,6098,6764,4910,4481,13425,7536,9067,3248,9017,14716,11411,17978
2025-08-14,11313,6339,5963,5591,4997,4938,12914,6169,6584,3225,7626,15011,13530,16622
2025-08-15,12553,6586,24142,7362,6356,6367,13697,6771,7290,3621,12796,34781,12119,17519
2025-08-16,11867,14826,9546,7009,9003,12943,12331,9673,6804,5993,55594,24240,26101,16946
2025-08-17,23501,5923,4713,14053,5350,6095,20879,13832,6253,3692,13302,14724,18803,35860
2025-08-18,12355,5558,5106,6160,3946,4326,10947,6386,14809,2888,43645,13671,11881,19323
2025-08-19,9147,4712,4478,4047,3329,3226,9467,6210,6071,2728,14861,11798,9886,12729
2025-08-20,11947,4597,3227,3654,3093,2696,10238,5815,3924,2303,7173,10794,8888,11515
2025-08-21,18897,4550,4688,3359,3763,2666,12256,13721,3872,2412,8726,10868,8818,11936
2025-08-22,14219,4386,3515,3526,3740,2945,20056,9868,4509,2710,12025,9670,8455,11938
2025-08-23,34045,6343,5492,14677,4077,8450,16531,9966,5535,3376,87273,10397,20386,12973
2025-08-24,24780,4433,3921,6738,8870,5108,13484,12693,26334,16921,16539,11180,10680,22687
2025-08-25,16659,3754,3479,4148,3892,3278,11224,6193,13077,4679,15320,22946,8029,14720
2025-08-26,13795,3706,3440,3696,3274,3552,12341,5408,8004,2828,11979,19990,7561,12546
2025-08-27,12293,3701,3087,3400,4270,3095,12575,6033,6839,3136,5767,12344,7348,27357
2025-08-28,13429,3983,2856,3306,4171,3223,18311,7470,5624,2574,5053,13672,8516,37110
2025-08-29,13832,4839,2794,3304,4200,3484,21072,7989,4553,2592,4619,13504,7697,22617
2025-08-30,13733,4461,6925,5665,4161,11969,34752,13001,8664,9088,17047,13264,7796,25671
2025-08-31,21850,11952,4724,4500,15672,4500,23504,12159,7479,3385,6065,25605,13933,19476
2025-09-01,22126,17672,5611,6597,9390,4156,31502,13453,7850,5127,5189,54952,17281,37568
2025-09-02,20798,18708,5665,6811,7190,4542,28677,10873,7531,7019,5596,40513,34736,37935
2025-09-03,11707,8775,3675,3891,4857,3216,19389,6124,4954,3883,3865,19667,16799,18893
2025-09-04,9631,5726,3351,2837,3511,2431,14890,4662,3962,2788,3923,14785,10840,14373
2025-09-05,8515,4546,2786,2412,3029,2140,11627,3697,3559,2301,3067,11644,8248,12097
2025-09-06,7791,4151,2380,2455,3028,1999,9347,3727,3325,2239,2947,9934,7171,11190
2025-09-07,7265,3711,2042,2019,2583,1937,8613,3383,3135,2015,2823,9367,6624,12553
2025-09-08,7011,3189,2035,1977,2094,1842,7907,2983,3090,2029,2614,9505,6817,13885
2025-09-09,7299,3486,2230,2712,2065,2117,8214,3176,3211,2227,2916,9904,7062,12024
2025-09-10,6846,3030,1967,2265,1965,2062,7395,3000,2791,1885,2423,9018,6883,10512
2025-09-11,6644,2714,1701,2005,1778,1830,8793,2692,3026,1670,2344,8380,6468,11909
2025-09-12,6736,3285,1893,2262,1912,1993,8569,3116,3223,1888,2454,8758,8007,12991
2025-09-13,15687,5102,4886,11913,3539,2792,14642,10493,5577,3486,5902,9500,8315,11307
2025-09-14,11087,4205,4956,5628,2658,16297,10604,4777,4050,2609,3462,16609,22730,24171
2025-09-15,9149,3608,3232,2726,2142,3456,8106,3041,3365,1886,2397,11011,11951,18980
2025-09-16,14643,4395,2692,3727,2587,2022,8730,4784,3129,1795,2435,10240,8435,14250
2025-09-17,10534,3607,2214,2755,2061,2133,12688,4393,2997,1747,2388,15546,7446,12044
2025-09-18,8359,2914,2028,1742,1774,1603,9447,2819,2901,1477,2386,12464,10283,11718
2025-09-19,7604,2766,2019,1658,1822,1537,8061,2762,3994,1554,2264,9418,8156,11253
2025-09-20,8133,3639,3356,5658,6310,3087,16135,8315,12171,5183,5989,17778,7672,19030
2025-09-21,15225,5801,7593,4719,3112,2250,10178,5185,4142,2913,4101,12228,15167,13566
2025-09-22,9153,3665,2550,2734,2428,1615,8002,3311,3002,2024,2768,10466,8326,10084
2025-09-23,7188,3920,1868,1966,4101,1946,9119,3666,3254,2141,2583,13973,6691,9333
2025-09-24,9464,3540,1815,1955,3615,1852,7545,4035,2980,1753,2483,12699,8299,9055
2025-09-25,7981,5480,1735,2120,2352,1522,6176,3085,2574,1661,2178,9258,7179,8631
2025-09-26,6496,3400,1853,2227,3057,1487,7286,2966,2273,1474,2236,8143,5333,7904
2025-09-27,7378,3186,3886,20157,5215,3672,8981,18662,2934,2036,4464,11228,7903,17194
2025-09-28,12856,6341,2851,5148,3771,2327,6677,11736,2865,4549,3014,7995,6528,12306
2025-09-29,9844,3229,2074,3011,2576,1793,7012,7168,7909,1864,2369,7723,5599,11932
2025-09-30,8320,2545,1879,2181,2118,1570,11202,5357,3502,1395,2299,11035,5761,10477
2025-10-01,10219,2442,1597,1665,1852,1435,8432,3822,2094,1305,2081,8904,7018,9710
2025-10-02,8211,4619,1818,1569,1618,1273,6590,7182,2294,1457,2060,7896,5766,9285
2025-10-03,7896,3470,8362,1996,1770,1408,6252,6288,2394,3756,2552,7640,4992,8940
2025-10-04,11801,3018,8672,2792,2427,1806,17031,5650,2951,2272,9863,13331,5931,15297
2025-10-05,9845,4214,4105,7867,2841,2766,10759,7012,6239,1885,3052,9346,8959,12314
2025-10-06,7727,3067,2951,2259,1828,1704,7497,3509,3768,1745,2255,7526,6415,9680
2025-10-07,7535,2500,2193,1673,1722,1440,6499,2950,2989,1911,2281,6495,5058,8473
2025-10-08,6647,2257,2048,1633,1579,1493,6033,2608,2815,1403,2338,6596,4607,8646
2025-10-09,6638,2482,2172,1717,1741,1371,5909,2544,2368,1385,2349,6228,4987,9120
2025-10-10,6170,2151,1747,1411,1375,1336,5471,2486,2140,1200,1891,5342,4350,7542
2025-10-11,5742,2080,2036,1520,1440,1340,5401,2491,2448,1319,1978,5597,4614,7001
2025-10-12,5789,2241,1930,1625,1545,1273,5058,2718,2399,1533,1869,5481,4630,7041
2025-10-13,5649,1996,1695,1424,1509,1222,4942,2435,2292,1378,2045,5434,4386,7022
2025-10-14,5853,2257,1506,1468,1625,1390,4885,2403,2558,1329,1823,5253,4343,7162
2025-10-15,5418,1954,1398,1286,1458,1345,4899,2308,2496,1289,1735,5299,4027,6307
2025-10-16,5371,2441,1379,1034,1382,1384,4587,2504,2687,1312,1633,5444,3854,6541
2025-10-17,5321,4113,1561,1188,1465,1292,5136,2517,2637,1541,1908,5776,4104,6564
2025-10-18,9791,3219,6197,1690,3884,2745,10746,4686,4158,6646,3652,6410,7550,7721
2025-10-19,9452,6526,4208,2545,2821,2359,7458,3614,3288,3168,2740,16527,6832,21562
2025-10-20,8402,3610,3383,7294,2794,2378,7120,2879,3810,1933,2419,11808,6317,15983
2025-10-21,13529,3194,3075,3483,2303,2725,6722,3122,4384,1728,2397,9047,7799,13969
2025-10-22,11986,2704,1969,1844,1949,1971,10078,2767,2988,1470,2178,11098,6530,9956
2025-10-23,8245,3921,1889,1847,1914,1929,8744,3700,2943,1478,2166,9233,5349,8575
2025-10-24,8202,3097,2127,2072,2174,1834,6866,3030,3383,1435,6759,6817,5423,9048
2025-10-25,8784,2906,2913,15889,9569,1842,10532,3140,3279,2780,4268,12168,6793,20222
2025-10-26,15131,6067,9019,8305,4098,3807,7353,6318,7475,1966,3054,10912,9180,18586
2025-10-27,11850,4147,6835,4228,2781,2654,6600,3408,3339,1746,2533,7957,5998,12704
2025-10-28,8962,3093,4829,3984,2488,1800,6301,2588,2439,2299,2262,7195,5489,10568
2025-10-29,11496,2653,3598,3171,3473,1798,7690,5281,2452,1871,2057,12876,6212,9931
2025-10-30,10650,2407,3089,1988,2337,1649,7476,5327,2240,1565,2062,14726,5824,10004
2025-10-31,7938,2374,2955,1647,1774,1786,6145,2791,2177,1374,1791,7762,4595,8787
2025-11-01,12609,5525,4749,2540,3614,5925,9620,3889,3363,2236,3148,10096,5226,12740
2025-11-02,10745,3242,11709,2064,2752,2408,7818,3024,3081,1980,2439,8785,10567,8818
2025-11-03,9487,2606,3447,1627,1950,1706,6343,2582,5931,1529,2068,7082,7197,8073
2025-11-04,13426,2213,2216,1478,1850,1616,6493,2427,3416,1360,2041,13605,6027,8547
2025-11-05,23769,2433,1751,1479,1840,1794,9853,2319,2294,1374,1890,10784,8841,8659
2025-11-06,12264,4413,1529,1382,1685,1406,6711,3802,2197,1758,1787,7280,7674,7757
2025-11-07,8935,3418,2251,1393,1452,1484,5437,3135,2198,1814,1820,6716,5989,8190
2025-11-08,14733,2797,2680,2374,2021,2968,9371,3122,5292,2848,2602,7023,6541,14592
2025-11-09,9606,4568,3717,4974,3017,2023,8757,4236,3468,1832,3631,12615,15760,10322
2025-11-10,7243,3056,1928,2669,1836,1555,6488,2587,2494,1447,2379,8479,9835,8413
2025-11-11,6455,2239,1619,1585,1493,1330,5696,2142,2160,1501,2066,6327,6502,7243
2025-11-12,6145,2188,1588,1328,1386,1367,5404,1900,2191,1350,1873,5549,5635,7021
2025-11-13,5975,2129,1422,1848,1283,1276,5239,1833,2267,1370,1795,5447,5872,7516
2025-11-14,5416,2058,1314,1596,1269,1286,5027,1964,2090,1136,1699,4911,4960,6572
2025-11-15,5313,1921,1532,1396,1432,1165,4786,1818,1986,1153,2064,4719,4665,6073
2025-11-16,5626,1952,1380,1837,1387,1688,4981,2115,2071,1403,1758,5035,5063,6244
2025-11-17,5480,1900,1371,1607,1275,1310,4578,1833,1958,1274,1652,4802,4973,6394
2025-11-18,5422,1979,1822,1553,1202,1128,4810,1685,1904,1566,1904,4974,4486,6709
2025-11-19,5056,1771,1346,1171,1092,1501,4797,1595,1718,1333,1800,4857,4324,6398
2025-11-20,5199,1961,1301,1207,1058,1193,4605,1621,1808,1200,1617,4681,4267,6174
2025-11-21,5166,2177,1312,1203,1154,1255,4834,1564,1756,1193,1632,4578,4495,5763
2025-11-22,7068,2396,2716,1938,2518,6081,8975,3195,2450,2075,2331,10453,8052,6905
2025-11-23,20492,5521,2076,2069,2407,1805,7704,4014,2922,1802,6850,9754,6122,7935
2025-11-24,16122,3108,1598,1688,1808,1453,7427,3458,11613,1538,2924,8354,5687,12919
2025-11-25,13044,2671,1452,1438,2191,1401,16907,2921,8371,1435,2199,7332,6832,9351
2025-11-26,17489,2373,1398,1395,1861,1587,16016,2610,3102,1304,1954,11013,6261,7403
2025-11-27,17009,3736,1380,1302,1542,1141,9711,3662,2639,1206,2077,14175,5129,6980
2025-11-28,10424,2979,1254,1165,1361,1059,8107,2799,2335,1218,2006,8118,4541,6338
2025-11-29,9512,2618,2702,3316,1728,2043,7863,2791,5243,3895,5489,7136,6886,7252
2025-11-30,17475,4631,1934,2950,3468,1603,15854,8936,3187,2579,3063,9949,6129,11864
2025-12-01,9735,3255,1530,2075,2382,1222,9057,3484,2331,1631,2250,6758,5348,8085
2025-12-02,8001,2780,2819,2084,2030,1209,7693,2643,3196,4556,2395,6046,7756,7437
2025-12-03,11124,4362,1867,4204,3541,1884,9182,2961,3040,3056,6305,7582,7016,7659
2025-12-04,10425,4926,1513,2184,2599,1517,8013,2720,2507,1768,5822,6968,5576,12052
2025-12-05,7878,3267,1470,1480,1981,1239,5723,2278,2175,1503,3087,5284,5111,8261
2025-12-06,12522,16297,3181,2858,2191,2222,7460,2688,4836,1624,10440,9746,8168,7913
2025-12-07,7811,7584,1868,1816,4502,1578,5764,7288,4359,4399,5202,11147,6463,7682
2025-12-08,7132,5068,1548,1709,2096,1382,6250,4266,3131,1993,2923,10342,5803,12790
2025-12-09,7345,4837,1725,1607,1935,1315,7554,2944,2814,1499,2320,12972,6093,12184
2025-12-10,9638,3663,1419,1311,1721,1332,6533,2393,2486,1291,2200,9966,10912,8699
2025-12-11,9533,4639,1222,1236,1574,1054,5496,3552,2264,1254,1916,7250,8027,7872
2025-12-12,6637,3671,1277,1295,1646,1094,4962,3243,2445,1273,1885,6248,5153,7172
2025-12-13,9820,3659,1651,1472,4342,4827,7304,2950,4062,3595,2289,9670,5660,7030
2025-12-14,8579,6517,2003,4582,2370,2271,6416,5776,2950,2180,4621,7750,8724,7588
2025-12-15,7021,4907,7744,2251,1688,1410,6198,2856,2416,1648,2608,6343,6550,13181
2025-12-16,6412,3615,3887,1753,1554,1131,8437,2549,2181,1621,2240,6114,5700,10522
2025-12-17,6564,2744,1931,2545,1520,1162,8307,2718,2070,4017,1987,5988,7455,7640
2025-12-18,6345,2604,1482,1737,1580,1058,6399,5044,2061,1673,1747,5327,6643,7210
2025-12-19,5745,2627,1445,1073,1400,1030,5277,3855,2109,1271,1767,4778,5132,6762
2025-12-20,8854,3536,2067,2114,2536,1786,7814,3785,6397,1441,4192,8533,8517,7115
2025-12-21,8121,16219,1766,1882,1741,1498,5814,2949,3403,1534,4083,7258,7083,13611
2025-12-22,7147,8896,1620,1406,1535,1595,5180,2273,2273,4012,2584,6004,5530,8888
2025-12-23,10832,4520,2124,1421,1758,1611,5682,8586,2261,2904,2241,5780,6202,7156
2025-12-24,7801,3292,1904,1308,1398,1357,4899,3899,1897,1630,1935,4857,6004,6452
2025-12-25,5657,2999,1424,1092,1235,1093,4107,2280,1726,1378,1726,4694,5108,6340
2025-12-26,6784,3960,1829,1436,1728,1557,5076,2488,2218,1601,2321,5360,5768,15140
2025-12-27,10904,16084,2673,3663,4725,2561,9933,2818,3123,2564,2737,8510,10790,13198
2025-12-28,8257,11008,2267,3202,2484,1905,6706,8815,2804,2213,7025,7006,7245,9192
2025-12-29,7179,6338,2070,1770,1973,1951,5443,2956,2336,1815,3537,5768,6032,8155
2025-12-30,12785,10140,3938,1841,2272,2865,7228,2761,3744,1694,2663,6094,6368,11130
2025-12-31,11861,5466,2341,1541,1886,1786,6428,2358,3107,1501,2270,5525,5836,8823
2026-01-01,9816,4561,2299,3652,2641,1583,28319,4451,3055,2920,7564,8511,8798,8066
2026-01-02,9775,4342,3289,2416,3435,1507,19988,5454,2763,2305,3880,6611,7088,8085
2026-01-03,13666,8851,11091,2065,5077,3337,14584,4295,2841,1984,3628,5904,6808,7965
2026-01-04,12745,5867,3741,4744,3349,2359,24583,4266,3806,7459,11911,8833,12087,14635
2026-01-05,11953,5073,2848,3563,2972,2406,17642,4597,2903,3589,3930,7981,8985,56021
2026-01-06,9751,4054,2661,2686,3750,2419,24936,3505,2858,2802,3040,6755,7994,33809
2026-01-07,9679,4505,4338,5292,4509,6761,17606,3919,3438,4090,4914,6740,10266,29983
2026-01-08,17677,3903,3889,7039,3143,2873,12078,2846,2772,3566,4674,10784,9394,19536
2026-01-09,10412,3598,3767,4126,2362,1883,9510,3040,2713,2224,3253,7965,12878,14480
2026-01-10,9057,7440,4242,3847,2796,2258,12961,12336,5064,2966,2923,6808,13124,13685
2026-01-11,12724,5020,2790,3283,9368,1893,10128,6673,3242,2715,5540,7313,9947,23394
2026-01-12,9715,5014,2238,3297,4007,2300,8561,4182,2644,1991,3631,11136,8066,21681
2026-01-13,9284,4262,3646,2796,2195,1804,9217,3214,2522,1784,3004,9882,12351,26507
2026-01-14,13154,4066,2650,2229,2244,1632,15009,2983,2537,1998,2594,7698,9725,19221
2026-01-15,10473,3706,2123,2300,2163,1384,11262,2511,2346,1718,3210,6602,7176,13837
2026-01-16,8634,3955,2351,2265,1845,1468,8000,6469,2337,1612,3297,6781,12628,13188
2026-01-17,14628,5082,2510,4646,2165,4393,11027,6913,2732,2168,4375,9163,19266,37392
2026-01-18,9921,10211,2192,3096,2110,2248,8784,6553,8530,1744,3502,7484,10389,23509
2026-01-19,8602,4286,4666,2330,5978,2110,7369,5157,3923,1549,2932,6825,12516,14705
2026-01-20,13066,3859,3725,2347,3432,1468,7476,3593,3353,1618,2893,7208,13862,12982
2026-01-21,13089,3460,2282,1858,2151,1404,8489,3643,2505,1446,2287,9128,9759,11721
2026-01-22,9785,5960,2376,1828,1733,1318,7540,2889,2352,1454,2236,8379,7245,12257
2026-01-23,8914,5289,2339,1764,1744,1448,6651,2645,2483,1507,2333,7486,6257,11300
2026-01-24,9443,4347,10088,2166,2519,3957,6784,2978,2707,2735,2747,9826,9033,10758
2026-01-25,20554,8266,4780,3535,2216,2110,10853,6458,2968,2571,2948,9333,8303,32129
2026-01-26,13621,6035,2469,2354,1795,1542,9454,3384,6510,2165,6185,7737,7527,27640
2026-01-27,9582,7737,3380,1726,1705,1445,8014,2692,3564,1848,2951,7164,6519,16373
2026-01-28,11143,7990,2375,1646,1796,1838,11163,2260,2351,2485,2306,9058,8237,13922
2026-01-29,10955,8779,1768,1680,1813,1989,10736,3235,2638,1959,2357,8856,7748,11642
2026-01-30,8927,6454,1774,1479,1789,1552,7753,3308,2223,2913,2613,7219,6878,10726
2026-01-31,13049,4930,3451,1826,3222,1730,14923,3294,3804,2817,7202,10956,7316,11274
2026-02-01,12926,7594,3038,4824,2435,1879,11602,3970,3320,7702,3307,10463,12342,22914
2026-02-02,11839,4635,2354,2974,2532,4194,12095,5890,3567,3539,2993,9806,8695,18055
2026-02-03,18809,4069,2215,2220,2298,2533,16574,5555,3758,2286,2749,9442,7892,13977
2026-02-04,16125,3361,1776,1629,1989,1505,10389,3086,2662,1822,2355,7406,10858,12219
2026-02-05,10412,2965,1720,1621,1955,1327,8025,2642,2435,1748,2240,6679,8827,10717
2026-02-06,8419,2983,1695,1642,1811,1381,6721,2447,2384,1580,5690,6324,6243,11081
2026-02-07,14273,4574,3584,6879,2144,2577,9261,2931,3918,2585,4246,6646,6986,25046
2026-02-08,12637,3840,2815,4351,6133,1888,8029,6141,3649,1890,2887,12405,14630,18517
2026-02-09,9251,2999,1929,2715,2414,1420,6579,2741,2762,1551,2634,7789,8301,14155
2026-02-10,8727,3349,2966,2714,2073,1524,9172,2676,3682,1656,4645,6965,6972,19722
2026-02-11,8670,4377,3031,5899,4064,2185,7406,3521,3348,2463,3530,8053,8292,14534
2026-02-12,11680,4023,2443,12327,3056,2317,7155,2931,3142,1912,2725,7234,7855,13089
2026-02-13,8731,3086,1715,5816,2163,1495,9047,2861,2341,1430,2212,5984,6623,10353
2026-02-14,6921,6029,1842,2809,4488,2376,7232,2445,2347,1358,2339,7736,7216,9179
2026-02-15,10532,4038,1736,2267,2844,1820,6139,2251,2355,2012,4475,6843,6083,8740
2026-02-16,8878,3038,1602,4217,2063,1469,5856,2245,2253,1573,2624,5782,5794,8592
2026-02-17,8039,2702,1485,2518,1684,1384,6606,2121,2286,1360,2237,6100,5612,8358
2026-02-18,10679,2790,1448,1557,1454,1215,5987,1942,2284,1273,2172,5706,6175,8033
2026-02-19,12359,3248,1455,1643,1604,1219,6260,3168,2305,1310,2216,6347,7829,8751
2026-02-20,7748,2899,1569,2144,1584,1379,5744,2783,2184,1287,2589,5712,5870,7860
2026-02-21,8287,4514,3871,2483,3319,3419,8322,2665,2517,1522,4709,6135,10427,8443
2026-02-22,17641,3908,2108,2537,2671,2165,6791,3814,3058,2516,3349,8170,9584,9328
2026-02-23,12203,3315,1755,2011,1954,1481,6098,2762,11059,1840,2997,6343,6789,16457
2026-02-24,8661,3408,1648,1838,1638,1438,6168,2303,4665,1591,2435,6082,6945,16393
2026-02-25,7772,2710,1556,1311,1484,1008,5911,2065,2558,1446,2207,5922,6539,10155
2026-02-26,7581,2992,1482,1546,1486,1012,5989,3397,2241,1420,2166,5638,6187,9724
2026-02-27,9046,5608,1619,1554,1454,1178,6717,3788,2252,1321,2199,6813,7185,9432
2026-02-28,7716,4219,4401,2897,1557,3240,5864,2606,3928,1479,5983,7654,9083,8870
2026-03-01,14991,3347,2028,2707,2889,2597,13811,7217,3694,3616,3127,6900,8262,17923
2026-03-02,9631,2781,2271,1919,1934,1574,6917,2767,2739,1870,2378,5680,6094,12780
2026-03-03,7263,2659,2684,2380,1922,1948,5778,2018,3866,1690,3235,7054,5482,9909
2026-03-04,10797,4293,1961,2012,4367,1557,8095,2145,3363,2192,2478,6984,7744,13413
2026-03-05,11850,3407,1713,1871,3032,1528,7821,6104,2925,1501,2541,5774,6730,9552
2026-03-06,9354,2906,1648,1970,1968,1440,6414,3920,2832,1601,2504,8001,5482,7929
2026-03-07,12016,2455,1727,1788,1827,1282,11046,2413,2501,1620,2391,6379,6931,7463
2026-03-08,8078,2337,1732,1821,1697,1446,6987,2318,2348,3103,4909,5205,5984,7032
2026-03-09,9332,2292,1578,4798,1658,1220,6514,1967,2198,1785,2866,5932,5424,6833
2026-03-10,9007,2528,1610,2253,1428,1496,7527,2084,2228,1330,2502,9542,6036,7211
2026-03-11,11842,2514,1459,1636,1425,1470,9620,2403,2247,1265,2157,6563,10149,7363
2026-03-12,7206,3758,1311,1303,1361,1223,7509,2723,2062,1162,1924,5140,6684,6828
2026-03-13,6470,3019,1615,1344,1442,1187,5560,2074,2257,1186,1959,4819,4793,6574
2026-03-14,14890,2626,2158,1699,2703,2077,7346,2072,5096,1388,2167,5017,7556,7022
2026-03-15,17403,6407,2077,2023,1881,1511,6841,3169,3575,2036,3040,10128,7126,16104
2026-03-16,11946,3155,12740,5770,1481,1308,7535,1972,3167,1520,2078,7150,5932,12093
2026-03-17,14527,2408,9210,2455,1332,1229,10600,1837,2491,1360,1934,6258,10407,9420
2026-03-18,13561,2525,3948,1565,1328,1141,10529,1965,2290,1423,1973,11404,8700,8895
2026-03-19,10666,4167,2413,1486,1299,1127,6832,3506,2044,1461,2005,9188,6147,8521
2026-03-20,9585,3705,8758,1738,2162,1155,5956,2895,2273,1414,2072,6229,5491,10806
2026-03-21,10139,2953,3516,3709,7964,2622,10259,2179,8624,3243,4159,8517,5816,8303
2026-03-22,27228,5046,2525,2145,3054,1839,10988,2720,6170,2019,2873,7893,25574,9905
2026-03-23,14411,3474,2043,1798,1997,1472,7298,2189,3479,1587,2349,6323,14833,8538
2026-03-24,9150,3111,1597,1612,1917,1195,6631,2114,2769,1435,2104,9324,8036,7986
2026-03-25,7179,2639,1985,1265,1711,1064,5580,1824,2436,1376,2146,9986,6370,7520
2026-03-26,6666,2262,1277,1736,1980,1211,5585,1792,2729,1404,2851,6979,6132,7195
2026-03-27,6152,2408,1234,1593,1890,1052,4798,2340,2483,1441,2649,6398,5352,6696
2026-03-28,5342,2196,1319,1399,1413,1022,4158,1806,2163,1283,1957,5796,4844,6186
2026-03-29,5464,2121,1160,1373,1771,1077,4380,1877,2279,1315,1953,5413,4658,5984
2026-03-30,5427,2054,1209,1246,3469,956,4479,1972,2353,1196,1766,5321,4636,6043
2026-03-31,5861,2228,1203,1305,4856,1088,4952,1802,2436,1542,1800,4917,4804,6223
2026-04-01,5598,1867,1325,1558,2749,1082,5162,1532,1935,1664,1676,4687,4407,5872
2026-04-02,5206,1815,1330,1199,1992,958,4887,1570,1938,1281,1648,5350,4096,5718
2026-04-03,5359,2031,1165,1271,1802,906,5376,1732,1956,1410,1801,5296,4474,5919
2026-04-04,10935,2246,1357,1357,1904,1256,8819,2289,2249,1519,2455,8929,11224,6938
2026-04-05,8867,2237,1303,1299,1715,1209,6445,2320,2267,1395,11791,6205,8109,6637
2026-04-06,6924,2185,1202,1283,1608,1208,5410,2073,2238,1311,4402,5767,7228,6617
2026-04-07,10420,2057,1214,1192,1501,1604,5057,2110,1882,1231,2460,6337,5669,6872
2026-04-08,8565,2305,1179,1310,1383,1656,5115,2288,1912,1208,2067,9784,5352,6734
2026-04-09,7063,4306,1119,1302,1473,1274,4803,3808,2003,1154,2059,8580,4904,6193
2026-04-10,6473,3589,1484,1399,1675,1402,4790,3296,2164,1374,2075,6967,4849,6414
2026-04-11,12539,2902,8773,4253,2767,2199,6414,2596,3723,3282,2337,9566,6332,7188
2026-04-12,10685,3711,3753,2600,2979,1844,11304,3997,3077,1785,2610,7519,13512,8125
2026-04-13,9766,3071,2563,1996,2164,1695,6909,2733,2630,1548,10956,6697,9034,11620
2026-04-14,8671,2667,5003,1829,1905,1301,5738,2197,2655,1666,6347,11061,7022,8149
2026-04-15,14292,2746,3330,1492,1635,2109,6078,2508,2265,1629,3064,9511,6825,7130
2026-04-16,13512,6101,2227,1482,1599,2073,5988,4843,2371,1536,2492,8303,8111,7054
2026-04-17,9195,6298,2534,1649,1804,1630,9511,4749,2676,1464,2599,6287,6851,7171
2026-04-18,9064,3900,5514,4965,8083,2133,12775,3275,4074,3002,5245,6204,7332,12026
2026-04-19,25871,6432,3661,2910,3267,3727,10272,3798,12436,1934,3930,13278,25595,13706
2026-04-20,16687,4420,3553,2226,2274,2744,7679,7655,5795,1745,3170,8709,16571,9859
2026-04-21,10763,4112,3259,2182,8224,2674,15593,3625,5107,1872,3310,7453,10963,9101
2026-04-22,11305,3993,6024,2201,6781,8948,32128,4553,3902,2065,4862,7303,14505,10120
2026-04-23,11047,3458,3802,1841,3759,5086,19881,2997,3188,1935,3675,6503,11854,8990
2026-04-24,8298,2940,2493,1584,2794,2537,10837,2634,2813,1706,3097,5679,8798,8056
2026-04-25,12484,4664,2548,2225,2879,2419,9563,4620,3713,4075,3672,9043,13458,8815
2026-04-26,9347,3220,2344,2095,2503,2034,17343,3226,2942,2043,9425,7968,11354,8450
2026-04-27,8395,3312,2207,7211,2344,1923,10495,2715,3074,1826,3065,6907,8597,14585
2026-04-28,9192,3160,2021,3051,2683,1930,7821,3044,2897,1674,2314,6594,8853,13346
2026-04-29,19246,3196,1708,1899,2114,1805,7374,3234,2463,1722,2154,6250,9311,9731
2026-04-30,9728,6879,2095,1527,1876,7883,6942,6247,2189,1723,2025,5416,6354,8388
2026-05-01,7230,3631,2004,1583,1945,8311,6760,5194,2372,1741,5421,5386,5917,7881
2026-05-02,14793,3258,2447,5720,3160,5940,6763,3636,3008,5161,4199,6081,7332,8569
2026-05-03,11368,7666,6649,3572,2633,3510,7708,4740,3336,2334,3060,12992,8036,24478
2026-05-04,12756,4265,4346,2818,2694,2573,18226,3651,11514,1845,2652,8724,13029,17381
2026-05-05,44534,3410,3142,2434,2398,2207,11055,3297,6572,1671,2464,7440,10546,12967
2026-05-06,37716,3568,2379,1982,2144,2625,9431,3259,2948,1695,2246,7590,8789,11640
2026-05-07,21651,19835,2223,1893,2131,1839,8144,9047,2626,1659,2223,6625,7077,10215
2026-05-08,13613,17181,4626,2116,2240,1610,7265,9912,2468,1738,2100,5936,6339,9434
2026-05-09,12662,6059,5983,6749,3341,1870,10760,4417,2786,2719,2383,8906,10241,11747
2026-05-10,24335,5964,4403,2483,2867,4678,7471,5532,4152,1816,3237,7166,9381,9864
2026-05-11,18268,4805,3814,2009,3554,2797,7266,4309,3134,1641,7545,6949,8419,9756
2026-05-12,12596,3819,2733,1709,2324,2037,7375,3680,2937,1619,3677,6157,6980,9150
2026-05-13,12472,3691,2673,1671,2072,2036,6812,6561,2475,1682,2588,6183,10558,10164
2026-05-14,11326,3939,2723,1672,1889,2286,6974,3756,2574,1507,2759,6067,8957,10017
2026-05-15,10566,10291,3042,1949,2144,2110,7303,3201,4051,1453,2689,8643,7734,9925
2026-05-16,11979,9208,3761,1937,2515,2028,22647,4268,3584,1710,2541,9702,34067,12491
2026-05-17,11441,5607,3891,3493,3905,2557,21049,4417,5076,2277,4971,7854,15364,19537
2026-05-18,22171,5669,5564,2313,2665,12095,15166,4321,3737,1967,3372,8119,14313,14811
2026-05-19,97929,8113,33121,3076,3137,3868,22493,5282,4458,2025,3788,13113,31190,17422
2026-05-20,135152,85959,14362,3116,3586,2906,20811,6336,5696,2420,4533,17516,23887,23075
2026-05-21,50085,67861,7372,2674,3379,2439,13600,6318,4303,2220,6038,11939,12986,15038
2026-05-22,31506,15786,4823,3449,2501,2423,11567,4472,3750,1780,3003,11005,18835,15339
2026-05-23,26590,9592,4073,2605,2466,2789,9499,4169,3542,2071,3406,10544,14019,13166
2026-05-24,48298,12472,9445,6035,7420,4597,15465,11542,8861,3578,5451,16624,22814,20699
2026-05-25,43476,9590,8595,3695,5979,4353,13503,6972,5356,2976,4017,15190,21809,18239
2026-05-26,30200,7523,6272,2818,3678,2929,11620,7055,3906,2670,3635,11341,17860,14135
2026-05-27,27171,8059,5968,2586,4020,2551,11098,74025,3935,2890,3612,9963,12574,12739
2026-05-28,24030,7540,4988,2253,3634,2249,9988,54831,3692,2525,3172,9143,11216,11814
2026-05-29,23896,5649,3628,2008,2632,1928,8727,11591,3209,1995,2721,9617,10189,11264
2026-05-30,140470,8388,18511,2794,3101,1977,19236,9017,4031,2717,3123,29207,15972,17652
2026-05-31,62120,7273,8823,2244,2972,1772,16220,6417,3390,2609,3553,19034,13547,16522
2026-06-01,31294,5529,6698,2119,3568,1714,12026,5209,3040,2354,3116,15483,10664,12871
2026-06-02,19690,4924,9364,1928,3407,1684,10343,5459,3024,4467,2959,15554,9626,11968
2026-06-03,14731,4254,6700,1788,2817,2089,8701,4616,3023,3252,2544,17923,8432,12920
2026-06-04,13217,3696,8427,1648,2797,1655,8614,4101,2593,2319,3156,18131,8751,11048
2026-06-05,12394,3617,7717,1622,2245,1530,8196,3911,2630,2418,2712,14966,8177,10396
2026-06-06,11097,3461,4351,1901,2499,1634,7284,3708,2523,2885,2706,10099,7288,9449
2026-06-07,9787,3299,3336,1886,2858,1532,7031,3460,2546,2529,2572,8626,6923,9343
2026-06-08,9719,3325,3042,1813,2551,1454,6935,3487,2561,2603,2434,8647,6764,9376
2026-06-09,9115,3141,2668,1441,2149,1455,6879,3812,2685,2528,2325,7777,6784,8743
2026-06-10,9048,3540,2824,1623,2217,1732,7278,3733,2806,3468,2676,7826,7278,10127
2026-06-11,8877,3477,2851,1415,1839,3910,7183,3462,2493,4858,2547,7063,7377,9590
2026-06-12,9008,3280,3173,1780,2467,1873,7310,3638,2583,5202,5279,7114,7655,9542
2026-06-13,14281,3447,5284,3939,3333,1629,11680,8205,3504,9055,5008,7405,7993,10985
2026-06-14,12447,5452,3765,2936,5679,1750,10097,5762,3776,3640,3984,9609,8065,11441
2026-06-15,11818,4503,2546,1879,11315,3327,12206,5493,3334,3169,3374,10678,10020,12285
2026-06-16,10785,3710,2996,2028,4083,1901,10418,5925,3346,3054,3433,8407,11688,11780
2026-06-17,12469,5978,2619,2992,3159,2186,11205,5195,5486,2945,3484,8853,15730,16668
2026-06-18,10497,4336,2414,1998,2748,1816,9044,5785,3836,2839,3285,11083,11524,12434
2026-06-19,10846,4565,4204,1946,2856,1517,10800,6585,3765,7657,5127,10209,10589,12265
2026-06-20,11721,4378,4293,2085,8412,1659,10692,5187,3708,4381,4024,10841,10164,14050
2026-06-21,10783,4353,2644,1822,5632,3103,9395,5368,4134,3225,4222,8902,10714,12506
2026-06-22,10744,5829,2691,1743,3387,1937,9355,4061,3878,2897,3305,12335,11113,14289
2026-06-23,12629,5155,2958,2018,2685,1627,10423,6032,4681,3640,3787,9190,20071,15741
2026-06-24,9546,3991,3705,1734,2448,2124,9294,7582,4073,3385,4593,8189,11506,12872
2026-06-25,9875,3590,2757,1519,2861,2047,8691,4013,3226,3315,3397,7971,10300,11560
2026-06-26,10165,3659,2877,1539,2897,1786,10831,7151,3103,5036,5225,7848,13950,11855
2026-06-27,9607,4443,2429,2354,2718,1564,10469,4388,3691,2900,5406,8369,11829,11698
2026-06-28,8980,4314,2374,2148,2915,2008,9017,4393,3926,3088,6372,7506,10508,11972
2026-06-29,10817,3758,3813,1684,4540,1589,14006,4346,3853,3229,5856,8738,15237,11932
2026-06-30,13752,5101,3529,2174,8087,1877,12309,6199,4082,6633,5884,12990,17701,16060
2026-07-01,16060,6491,3292,2763,5390,2870,16081,9608,5868,7392,4668,13922,17329,16588
2026-07-02,15195,5805,6237,2287,4667,2097,16990,8982,6378,11558,5337,11800,16651,15635
2026-07-03,12007,6242,3301,1860,4173,2063,12049,5924,4595,4495,3607,16712,16201,17096
2026-07-04,11965,6530,2998,1833,4176,1723,11026,7225,4311,5183,5727,11174,14265,15241
2026-07-05,15381,5827,4146,2953,3220,1894,11984,5501,4669,5640,6040,11443,32027,16123
2026-07-06,25923,9034,4540,7382,4578,2460,19409,8485,13762,12744,8540,16408,55950,28829
2026-07-07,21556,9765,6291,4479,5160,3133,22797,10918,9522,20525,7836,20999,39286,26341
2026-07-08,15725,6430,3562,3230,3825,2542,18399,6669,5752,9817,6538,15524,28273,20971
2026-07-09,17522,6678,3496,2918,3535,2681,17700,9293,5309,6451,7722,13324,26765,21682
2026-07-10,17213,6779,3382,2746,3912,3930,16025,7189,5245,4693,5937,12872,29395,27588
2026-07-11,19456,6979,3519,4394,3591,4019,16566,7840,9612,5943,6715,12549,45107,23315
2026-07-12,18833,10075,3591,3447,5005,3613,15976,6760,6887,4509,5707,15577,38504,22642
2026-07-13,14337,12183,3736,2892,3874,2833,15489,6085,5393,4146,4476,12929,23448,29831
2026-07-14,16322,10774,3853,2724,5842,2479,15552,7636,4936,4027,6859,12671,21925,36739
2026-07-15,17208,11211,3876,3346,5288,2523,18758,6706,11709,3807,5670,13295,23630,28375
2026-07-16,15776,9540,3404,2897,5261,3792,18527,5518,6556,3753,4470,13694,18374,21185
2026-07-17,13661,8957,3200,2801,4597,3440,14288,6137,5259,3918,5514,12296,15450,17919
2026-07-18,18592,11165,3266,3745,4533,2483,19036,10412,6000,3855,5134,11873,17261,20965
2026-07-19,22671,25165,3652,3155,6464,2244,25575,9142,5603,3794,4274,14208,24911,23053
2026-07-20,20309,16602,3759,2987,6060,2251,28980,7764,6032,4448,4362,18145,32750,24848
2026-07-21,15216,11736,4039,2748,4878,2205,23713,6171,5047,4163,4368,15053,21203,18791
2026-07-22,14017,11569,3886,2776,4613,2094,24917,5360,4682,4215,4354,13916,17804,17319
2026-07-23,17064,11697,3683,2654,4439,2103,18247,5523,4476,4245,4776,12485,17530,16835
2026-07-24,13585,8302,4124,2431,3930,2033,18596,5958,4298,3360,4349,12963,16216,18362
2026-07-25,12543,6932,3333,2192,3561,1832,13975,5179,4436,3508,4327,12726,13578,14828
2026-07-26,12368,6325,3486,2227,3381,2897,12955,4622,5759,3683,5587,14381,11852,13884
2026-07-27,11625,6063,3437,2502,4224,2063,15701,4659,4151,3830,4963,11668,12116,14211
2026-07-28,10742,6130,3427,2603,3908,2273,19390,4419,4134,4009,4746,10632,12256,13133
2026-07-29,9990,5793,3309,2954,4558,2296,17266,4550,4049,4042,3843,11602,11169,12107
2026-07-30,9938,5595,4818,2656,3818,2100,18884,5484,3790,5996,4213,13005,10697,13283
2026-07-31,9693,5158,3860,2335,3248,3120,16525,4289,3402,4220,4256,10209,9835,12097
2026-08-01,13171,5787,4231,2651,3827,3254,17841,4106,3912,3243,3778,9116,11346,13704
2026-08-02,11966,5735,5659,2855,3845,2969,17384,3843,3849,3253,5869,10997,9580,12260
2026-08-03,10937,5549,3660,2729,3931,2344,22648,3552,3882,5445,4952,10528,8952,12391
2026-08-04,10751,6434,4157,2660,3487,2351,18497,3995,3658,7898,3566,9247,9129,11749
2026-08-05,15185,5748,3835,2348,3787,2482,16971,4700,4181,4617,3322,11290,10123,13583
2026-08-06,13573,5154,3617,2353,3839,2584,12637,4318,5428,3983,5347,9758,10325,12837
2026-08-07,11062,6300,3250,2537,3423,2659,12984,5069,4367,4054,5295,9805,11142,13359
2026-08-08,17609,5319,3371,2431,3835,3388,13705,4602,4261,3745,4535,13263,9995,14078
2026-08-09,14560,5418,3213,2655,3472,2236,16022,5054,3996,3576,3944,12286,11234,16786
2026-08-10,11449,6299,3309,2476,3176,2186,13820,6031,5266,3616,4024,16333,10326,16141
2026-08-11,11005,7121,3239,2573,3247,2212,15686,7277,6954,4138,3959,14439,10086,13198
2026-08-12,11631,23535,3232,2459,3176,2178,20350,5677,5877,3346,7395,10327,14188,18651
2026-08-13,10373,13984,3080,2213,3321,1975,16851,4830,4529,4291,4859,9042,13544,15860
2026-08-14,10249,7226,3075,2224,3396,4232,16223,4732,4089,3621,3886,12094,11742,13434
2026-08-15,9523,5932,3142,2901,3621,4321,19144,5788,3995,3647,3921,11398,10817,17018
2026-08-16,29133,6720,3746,2929,3775,8578,19577,6197,4326,3542,4394,13949,28638,15743
2026-08-17,18662,6448,3694,2883,4010,3345,17943,5198,4233,3636,5125,12634,17783,13136
2026-08-18,13296,6655,3798,2971,5355,2588,16138,5345,4279,3956,4456,12140,15720,12788
2026-08-19,16591,16671,4173,3465,7715,2648,18251,6624,4343,4049,6119,12708,17933,16571
2026-08-20,14600,11195,4471,3543,8018,2664,17208,6463,4675,4088,5346,12636,16922,15636
2026-08-21,29975,12461,5981,4528,7434,2650,16311,7537,5747,4741,5838,14846,18678,17964
2026-08-22,19140,9806,5923,24804,6303,2721,14902,11048,11073,4989,8419,13453,15100,31173
2026-08-23,12857,15465,14831,9749,12611,4114,14222,5822,6384,4857,5325,24463,25416,14819
2026-08-24,11682,8991,4282,5790,6896,2074,27692,4619,4506,22987,6652,12740,16546,12224
2026-08-25,11016,7613,4098,5295,6349,1968,22635,4498,4106,8113,9277,10053,15908,17332
2026-08-26,10137,7834,3676,5126,5502,2853,17040,5664,5809,3735,5097,9498,18262,14159
2026-08-27,12204,15359,3571,3349,6049,1951,21640,5553,4656,4346,4624,13625,17216,12771
2026-08-28,11390,16226,4442,4094,6209,1821,21488,15509,3878,4044,3762,11550,18714,11548
2026-08-29,10311,11290,8505,3605,4724,3063,15706,8033,6776,3109,3971,20465,15646,10836
2026-08-30,14696,14490,4153,6343,14141,2633,35762,5333,6754,4648,6336,12653,13117,20861
2026-08-31,19003,23029,3122,3350,6314,2119,21616,5196,7572,3240,4067,19900,15172,14545
2026-09-01,23027,14911,3013,3348,5050,3070,32293,6821,15742,4616,5162,21713,28130,14242
2026-09-02,20800,11377,3720,3813,6382,7001,32817,10702,21648,5495,6684,16145,46671,16535
2026-09-03,15466,7071,2731,2601,4190,3089,17336,5403,8895,3227,4178,11730,21202,11909
2026-09-04,12226,6052,3112,2572,3899,2145,14656,4396,6806,2898,3551,16171,14075,10526
2026-09-05,9949,9680,8350,3718,4840,3662,12456,6787,6172,4846,4249,11022,15541,9196
2026-09-06,19775,6193,2984,2914,3906,7306,22404,5792,21600,4493,3366,9381,12632,14397
2026-09-07,13144,4875,2255,2265,2710,5597,11898,3604,6653,3293,2875,8125,9524,8968
2026-09-08,10832,9319,2581,1928,2455,4868,9597,3893,4265,2595,2555,9232,11985,8915
2026-09-09,11457,5251,2391,1530,2290,2831,11508,3211,3372,2039,4780,13478,10587,8558
2026-09-10,9830,3983,2002,1502,2291,1895,11464,2785,4047,1977,3633,10011,8086,13949
2026-09-11,8333,3554,1757,1661,1991,2091,7927,2747,3317,2223,2831,7280,7065,10939
2026-09-12,12115,5487,3004,2707,2703,4412,11288,4777,7001,5786,2728,9286,8286,8541
2026-09-13,11026,4550,2371,2462,9713,4177,9054,3991,3878,2875,3030,7224,19906,16681
2026-09-14,8483,3698,1977,1932,4247,2777,6893,2842,3113,2207,9667,6629,10747,9785
2026-09-15,10643,3690,2090,2336,3632,2568,6481,2861,3027,2868,6690,9912,7844,8776
2026-09-16,9595,4365,2237,1955,10746,2170,7516,3031,4259,2427,3411,9004,7396,13946
2026-09-17,8532,4124,5777,2079,7217,1678,14004,5352,4440,2363,3456,7702,11176,13894
2026-09-18,7791,3524,5126,16706,4620,1750,13673,3812,3256,2352,3039,6727,9480,9004
2026-09-19,10761,9808,3362,11085,34100,3062,10276,3717,4595,2991,3651,6635,7795,8410
2026-09-20,6911,4565,9035,4259,17003,2668,7216,4338,3677,11698,4877,10215,11341,12428
2026-09-21,5870,3354,2662,2882,8539,1836,5992,2549,2745,3352,3191,7332,7698,8731
2026-09-22,6123,3090,1832,2188,5977,1618,5554,2430,2768,1999,2722,6412,6073,7129
2026-09-23,5656,2808,1730,1880,4336,1826,5540,2486,2739,1749,2432,6199,5665,6999
