model,year,price_gbp,miles,variant,note
McLaren 720S,2020,134100,37000,4.0T V8 SSG,all 21 parsed of 23 listed
McLaren 720S,2017,134949,23318,4.0T V8 SSG,all 21 parsed of 23 listed
McLaren 720S,2018,134995,31000,4.0T V8 SSG,all 21 parsed of 23 listed
McLaren 720S,2017,139995,27000,4.0T V8 SSG,all 21 parsed of 23 listed
McLaren 720S,2019,143290,19100,4.0T V8 SSG,all 21 parsed of 23 listed
McLaren 720S,2018,144500,18661,4.0T V8 SSG,all 21 parsed of 23 listed
McLaren 720S,2019,144990,7106,4.0T V8 SSG,all 21 parsed of 23 listed
McLaren 720S,2017,144995,8075,4.0T V8 SSG,all 21 parsed of 23 listed
McLaren 720S,2017,146995,23400,4.0T V8 SSG,all 21 parsed of 23 listed
McLaren 720S,2018,149990,12900,4.0T V8 SSG,all 21 parsed of 23 listed
McLaren 720S,2020,189995,5600,Performance Spider,all 21 parsed of 23 listed
McLaren 720S,2020,157950,34480,Spider,all 21 parsed of 23 listed
McLaren 720S,2019,159900,24433,V8 SSG,all 21 parsed of 23 listed
McLaren 720S,2021,164895,17901,Spider,all 21 parsed of 23 listed
McLaren 720S,2019,164995,20780,Spider,all 21 parsed of 23 listed
McLaren 720S,2018,164999,16000,4.0T V8 SSG,all 21 parsed of 23 listed
McLaren 720S,2023,165000,3200,Performance,all 21 parsed of 23 listed
McLaren 720S,2022,169950,11150,4.0T V8 SSG,all 21 parsed of 23 listed
McLaren 720S,2021,169990,8632,Performance Spider,all 21 parsed of 23 listed
McLaren 720S,2022,172489,8000,Performance Spider,all 21 parsed of 23 listed
McLaren 720S,2022,179900,19301,Spider,all 21 parsed of 23 listed
Ferrari 488,2015,145000,34850,GTB,"cheapest page only, 19 of 45"
Ferrari 488,2016,145000,2103,GTB,"cheapest page only, 19 of 45"
Ferrari 488,2016,149995,26764,GTB,"cheapest page only, 19 of 45"
Ferrari 488,2016,154990,35120,GTB,"cheapest page only, 19 of 45"
Ferrari 488,2017,157500,22431,GTB,"cheapest page only, 19 of 45"
Ferrari 488,2016,159900,20625,GTB,"cheapest page only, 19 of 45"
Ferrari 488,2017,164990,19900,GTB,"cheapest page only, 19 of 45"
Ferrari 488,2016,164995,19691,GTB,"cheapest page only, 19 of 45"
Ferrari 488,2016,169995,21000,GTB,"cheapest page only, 19 of 45"
Ferrari 488,2017,189000,16700,Spider,"cheapest page only, 19 of 45"
Ferrari 488,2017,174985,14400,GTB,"cheapest page only, 19 of 45"
Ferrari 488,2017,174995,12910,GTB,"cheapest page only, 19 of 45"
Ferrari 488,2017,175000,15500,GTB,"cheapest page only, 19 of 45"
Ferrari 488,2018,175500,10394,GTB,"cheapest page only, 19 of 45"
Ferrari 488,2018,178950,12909,GTB,"cheapest page only, 19 of 45"
Ferrari 488,2017,182500,7800,GTB,"cheapest page only, 19 of 45"
Ferrari 488,2018,184000,39484,Spider,"cheapest page only, 19 of 45"
Ferrari 488,2017,184950,17290,Spider,"cheapest page only, 19 of 45"
Ferrari 488,2016,184990,22791,Spider,"cheapest page only, 19 of 45"
Lamborghini Huracan,2015,99500,65500,LP610-4,"cheapest page only, 22 of 100"
Lamborghini Huracan,2015,124989,29000,LP610-4,"cheapest page only, 22 of 100"
Lamborghini Huracan,2016,125100,30000,LP610-4,"cheapest page only, 22 of 100"
Lamborghini Huracan,2015,126990,35000,LP610-4,"cheapest page only, 22 of 100"
Lamborghini Huracan,2015,127995,9000,LP580-2,"cheapest page only, 22 of 100"
Lamborghini Huracan,2016,128995,22801,LP580-2,"cheapest page only, 22 of 100"
Lamborghini Huracan,2015,129990,26093,LP610-4,"cheapest page only, 22 of 100"
Lamborghini Huracan,2014,129995,18500,LP610-4,"cheapest page only, 22 of 100"
Lamborghini Huracan,2016,129995,33000,LP580-2,"cheapest page only, 22 of 100"
Lamborghini Huracan,2017,134975,20747,LP580-2,"cheapest page only, 22 of 100"
Lamborghini Huracan,2023,189995,10160,EVO RWD,"cheapest page only, 22 of 100"
Lamborghini Huracan,2016,134995,32000,Spyder,"cheapest page only, 22 of 100"
Lamborghini Huracan,2015,134996,28990,LP610-4,"cheapest page only, 22 of 100"
Lamborghini Huracan,2016,135990,22850,LP580-2,"cheapest page only, 22 of 100"
Lamborghini Huracan,2016,138880,40500,Spyder,"cheapest page only, 22 of 100"
Lamborghini Huracan,2015,139995,32000,LP610-4,"cheapest page only, 22 of 100"
Lamborghini Huracan,2017,142500,37000,Spyder,"cheapest page only, 22 of 100"
Lamborghini Huracan,2017,144950,26900,Spyder,"cheapest page only, 22 of 100"
Lamborghini Huracan,2016,145000,27719,LP610-4,"cheapest page only, 22 of 100"
Lamborghini Huracan,2016,149900,21395,Avio,"cheapest page only, 22 of 100"
Lamborghini Huracan,2016,149950,13000,LP610-4,"cheapest page only, 22 of 100"
Lamborghini Huracan,2017,159990,25815,LP580-2,"cheapest page only, 22 of 100"
