date,team,pts,surprise,pre,post
2025-08-30,Leeds,1,-0.05639055681945315,-0.5347209786840175,-0.3662905604185074
2025-08-30,Newcastle,1,-0.6616492000149179,0.1249201391070347,0.1331780232438362
2025-08-30,Chelsea,3,1.050628975183625,0.1680241387200283,0.49614214710278226
2025-08-30,Fulham,0,-0.80876793421458,0.025559898616328347,0.23130080826319244
2025-08-30,Man United,3,0.7496298733344293,0.5171550984203339,0.13915112054418088
2025-08-30,Burnley,0,-0.5620990294456325,-0.28188280487749395,0.0394340692454076
2025-08-30,Sunderland,3,1.7919791979197919,-0.6959926969091814,-0.1468010238950015
2025-08-30,Brentford,0,-1.5005500550055006,-0.19309310366716836,0.1061015308825457
2025-08-30,Tottenham,0,-1.7553461285575627,0.024602777495109862,-0.283406412014541
2025-08-30,Bournemouth,3,2.007827421021322,-0.431144501232521,0.053479380158552914
2025-08-30,Wolves,0,-1.1610500808393056,0.26523881251403303,0.2796634912154321
2025-08-30,Everton,3,1.4664447703491705,-0.08169965848930616,0.208575757061233
2025-08-31,Nott'm Forest,0,-1.9574695503012647,0.2566040059095318,0.5912920901479257
2025-08-31,West Ham,3,2.1935678513244437,0.14905339855304156,0.35938338660707636
2025-08-31,Liverpool,3,1.5147729858557795,-0.08807724902637659,1.3172530005319274
2025-08-31,Arsenal,0,-1.2299843108135622,0.16872629604396572,0.6507453531472951
2025-08-31,Brighton,3,1.9206476476217573,-0.12431523271753342,0.6856648036676596
2025-08-31,Man City,0,-1.6603729664019866,-0.16459765569012497,0.6062139193054872
2025-08-31,Aston Villa,0,-1.632066285963481,-0.09921619885351518,1.288059817878695
2025-08-31,Crystal Palace,3,1.902353016364723,0.3346171836768388,0.7158236891053562
2025-09-13,West Ham,0,-1.143400419239184,-0.287779844608707,-0.13190468752234352
2025-09-13,Tottenham,3,1.4143366055371644,-0.45689251742225956,-0.09858627227593786
2025-09-13,Brentford,1,0.06780874354971789,-0.6246884481508497,0.32657629197214
2025-09-13,Chelsea,1,-0.8124720363502591,-0.5017032853133809,-0.2481090256354701
2025-09-13,Fulham,3,1.3214532414279625,-0.5076663234087233,-0.14278915560478023
2025-09-13,Leeds,0,-1.0396231683837687,-1.2688959003387978,-0.9052443301974051
2025-09-13,Newcastle,3,0.7156857579429898,-0.7231852331492998,-0.2685680625453504
2025-09-13,Wolves,0,-0.5257916644712577,-0.6483033054060838,-0.16931331536780014
2025-09-13,Crystal Palace,1,-0.9540627958120875,-0.9737296235672863,-0.4850658319791581
2025-09-13,Sunderland,1,0.21398563801036974,-1.0140810640543902,-0.6136402082533898
2025-09-13,Everton,1,-0.3863857374392219,-0.7997585113696424,-0.5023596878357441
2025-09-13,Aston Villa,1,-0.31636952998379253,-0.545683833549722,-0.20819381774832024
2025-09-13,Bournemouth,3,1.551798800799467,-0.9067950435430268,0.07850767854125706
2025-09-13,Brighton,0,-1.281169696392881,-0.810305443917545,-0.4657752159738733
2025-09-13,Arsenal,3,0.7788880300145169,-0.6283459684072366,-0.1308543872167114
2025-09-13,Nott'm Forest,0,-0.5800456250824833,0.6406887386856894,-0.03690668019196508
2025-09-14,Burnley,0,-0.5010929931173006,-0.5479267627719002,-0.08138664282479446
2025-09-14,Liverpool,3,0.6723576477946192,-0.4329442795550076,-0.21641860025011717
2025-09-14,Man City,3,1.0469958358120168,-0.3540598436216911,0.10500704211296963
2025-09-14,Man United,0,-0.8179654967281378,-0.38722632061825735,0.06716839597933699
2025-09-20,Fulham,3,1.3705404933453798,-0.5515315208908742,0.05473686153755075
2025-09-20,Brentford,0,-1.0824292211095337,-0.586638811716317,0.27360364177850194
2025-09-20,Wolves,0,-1.289616945461744,-0.5577019296190349,0.10308250514043316
2025-09-20,Leeds,3,1.596060576066515,-0.8846994758692484,-0.3258711893083319
2025-09-20,West Ham,0,-1.2134173795587575,-0.6126465073865175,-0.125168768219325
2025-09-20,Crystal Palace,3,1.490769923457902,-0.6473403815797507,-0.1790204172691663
2025-09-20,Man United,3,1.659050076376962,-0.14075713488286468,0.010033697137709296
2025-09-20,Chelsea,0,-1.3968198690906788,-0.231188379568108,-0.2020903560617846
2025-09-20,Brighton,1,-0.5718595122100802,-0.6900300666410439,-0.1868854552027237
2025-09-20,Tottenham,1,-0.16696628093724963,-0.36631586803892446,-0.38385436386013794
2025-09-20,Liverpool,3,0.8901506713728988,0.04172967818713147,0.04236787829645827
2025-09-20,Everton,0,-0.6713407478683021,-0.47315660579141117,-0.23446468564049106
2025-09-20,Burnley,1,-0.1212374743124609,-0.5958835361689436,-0.338032912510311
2025-09-20,Nott'm Forest,1,-0.5921493482208608,-0.36877188662202975,-0.5367638149519518
2025-09-21,Bournemouth,1,-0.4825516157989227,-0.3676407792226897,-0.3050148246072206
2025-09-21,Newcastle,1,-0.2294097845601435,0.16369839313545675,-0.599531308591958
2025-09-21,Sunderland,1,-0.03425101691917698,-0.6402706326535084,-0.3021670874636282
2025-09-21,Aston Villa,1,-0.6801273359665154,-0.3660121360726549,-0.19339642061590645
2025-09-21,Arsenal,1,-0.6593709265246306,-0.42889772155360717,-0.297463722660245
2025-09-21,Man City,1,-0.0734090892353465,0.029198198015746968,-0.00702639872493549
2025-09-27,Nott'm Forest,0,-1.8838474371440908,-0.184794211246059,-0.2493797274288152
2025-09-27,Sunderland,3,2.141002898532715,-0.45471492030689564,0.5631354224377922
2025-09-27,Brentford,3,1.8832761157430111,-0.45461587072995613,0.44317186220509797
2025-09-27,Man United,0,-1.6294752329573323,-0.5190387016357221,-0.15096722832358012
2025-09-27,Chelsea,0,-1.6940185286807192,-0.5406249815692057,-0.5844597312030277
2025-09-27,Brighton,3,1.9475451112043642,-0.061191862645086026,0.18021771277919818
2025-09-27,Crystal Palace,3,2.0341719685469153,-0.3616208079297447,0.8981161653126026
2025-09-27,Liverpool,0,-1.778361505790847,-0.22995065032763407,-0.4391909558087086
2025-09-27,Leeds,1,-0.25539571247609727,-0.46604970728682016,-0.19363596919239967
2025-09-27,Bournemouth,1,-0.450851614881274,-0.5003446188590592,-0.040641085068144456
2025-09-27,Man City,3,0.4714591044153673,-0.1705039016810037,-0.21480630229557285
2025-09-27,Burnley,0,-0.3362247823593807,-0.5992949441629065,-0.23239908088991879
2025-09-27,Tottenham,1,-1.0843473936347845,-0.449043063585588,-0.36541355307168644
2025-09-27,Wolves,1,0.3067359230811737,-0.297801946026218,0.06195392600573513
2025-09-28,Newcastle,0,-1.1288707339570432,-0.5144931801227663,-0.13625963290471432
2025-09-28,Arsenal,3,1.4200816971933061,-0.39793971294979436,-0.09332855339689594
2025-09-28,Aston Villa,3,1.4399100934185576,0.008786960174720804,-0.18025612940577318
2025-09-28,Fulham,0,-1.1466601109784365,-0.4134832028031221,-0.32622072756858245
2025-09-29,Everton,1,-0.9704653106714962,-0.3974259000490248,-0.12743685777133074
2025-09-29,West Ham,1,0.2156589579269993,0.27996403369480305,0.2704571509882463
2025-10-03,Bournemouth,3,1.2633260562657673,-0.3360623949536947,1.2585025212704322
2025-10-03,Fulham,0,-0.9866500603277156,-0.4092490408052605,0.08625246563329281
2025-10-04,Leeds,0,-1.317856061370748,-0.23048529494821146,0.08783451990882263
2025-10-04,Tottenham,3,1.6009891995558694,-0.46446292803544154,0.08272554917206953
2025-10-04,Arsenal,3,0.455559903959045,0.032775859413465724,0.15437965367525308
2025-10-04,West Ham,0,-0.32513247940090745,0.022273481889355295,0.2709074669661433
2025-10-04,Man United,3,1.0075943406557306,-0.2807612289757824,-0.0007217579178728784
2025-10-04,Sunderland,0,-0.7828029523204627,0.0198591281674112,0.2609041367252587
2025-10-04,Chelsea,3,1.7500480676792924,-0.2525727741959525,0.17300692179160215
2025-10-04,Liverpool,0,-1.4899057873485868,-0.3132345427212595,-0.17370427153731072
2025-10-05,Brentford,0,-0.7918465681474227,-0.2774802394961471,-0.18533861419037834
2025-10-05,Man City,3,1.0185391257900833,-0.37619898485471026,-0.23089600783375452
2025-10-05,Aston Villa,3,0.9317826402827207,-0.01208913012424162,-0.18436497357642345
2025-10-05,Burnley,0,-0.6977872455701815,-0.34528451143844396,-0.20385976046662524
2025-10-05,Everton,3,1.6205894392140812,-0.23997860170241747,0.15809684774377786
2025-10-05,Crystal Palace,0,-1.3146950470732706,0.5357295151372394,-0.056231553624730424
2025-10-05,Newcastle,3,0.8994085895329729,-0.20420561871748077,-0.03469420021244041
2025-10-05,Nott'm Forest,0,-0.6846561839943676,0.20314508036885037,-0.04534005531281515
2025-10-05,Wolves,1,-0.09236347325533578,-0.2664149454485347,-0.14195493437660112
2025-10-05,Brighton,1,-0.638627443651179,-0.39646271727762805,-0.4395156749011706
2025-10-18,Fulham,0,-0.6476446439910919,-0.2538831570006952,0.5799336600125091
2025-10-18,Arsenal,3,0.87470597179118,-0.43126778337973093,0.13415787254477785
2025-10-18,Sunderland,3,1.5469744931007932,-0.42869719327318023,0.3441260385513729
2025-10-18,Wolves,0,-1.2345363659696167,-0.3911104503143097,0.31218967456125934
2025-10-18,Man City,3,0.8144776608527842,-0.5399223552375307,-0.0030033519945824594
2025-10-18,Everton,0,-0.6021192149437424,-0.1358455294056613,0.09684838528437645
2025-10-18,Nott'm Forest,0,-1.1994099291677707,-0.5121209850176998,1.36528213238509
2025-10-18,Chelsea,3,1.47502283953791,-0.5005206028152074,-0.07407728261162383
2025-10-18,Burnley,3,1.888015580440982,-0.2136356006709743,0.3520811078846666
2025-10-18,Leeds,0,-1.5935174236627951,-0.30754332613195867,0.13792066079693832
2025-10-18,Brighton,3,1.7284686897035606,-0.4476854672306434,0.22858843098889015
2025-10-18,Newcastle,0,-1.4525521838273987,-0.485792914194783,-0.17261991778188346
2025-10-18,Crystal Palace,1,-0.6143764665483888,-0.47544390109103407,-0.08307488159995913
2025-10-18,Bournemouth,1,-0.10606077948835324,-0.41321680770169333,0.6565280396816888
2025-10-19,Tottenham,0,-1.5507246376811592,-0.1638635883785149,0.007642042097435464
2025-10-19,Aston Villa,3,1.8326745718050068,-0.03943021737386765,0.08573381064566377
2025-10-19,Liverpool,0,-1.9302508407459715,-0.4615233243395487,0.2385590244144602
2025-10-19,Man United,3,2.1514944168644177,-0.35750843863658766,0.47947251157206416
2025-10-20,West Ham,0,-1.32002458252443,0.23819752045836573,0.9693314436892351
2025-10-20,Brentford,3,1.607668608034904,-0.1775704999939558,0.5266133580972685
2025-10-24,Leeds,3,1.1469222800578074,-0.020041718361042626,0.6226012388978592
2025-10-24,West Ham,0,-0.8859459528590248,0.39192369422798734,0.8396045109967343
2025-10-25,Brentford,3,2.0372382411663645,0.04585366257324619,1.5113733553889244
2025-10-25,Liverpool,0,-1.8006221850768442,0.1441892293088376,0.35106285471832877
2025-10-25,Man United,3,1.3256611751565677,0.019597031863321845,0.7254822688747478
2025-10-25,Brighton,0,-1.0795803582113368,0.08794919612376173,0.8007547451887351
2025-10-25,Newcastle,3,0.98243906052413,0.10179531167241684,0.10514120745785327
2025-10-25,Fulham,0,-0.7445542039904973,-0.09088666930848799,0.20607532824040664
2025-10-25,Chelsea,0,-2.185314685314685,0.24299035869430874,0.10299732651901294
2025-10-25,Sunderland,3,2.395104895104895,-0.017283923461123507,1.8606553315071395
2025-10-26,Arsenal,3,0.740085765377871,0.09683252873458059,0.44018810706618794
2025-10-26,Crystal Palace,0,-0.5464990711644299,-0.03925126455255423,-0.00016506861602394451
2025-10-26,Aston Villa,3,2.0650953984287317,0.048119681506465284,0.2826521329542597
2025-10-26,Man City,0,-1.8136924803591472,0.02430094798056537,0.05457653976831445
2025-10-26,Bournemouth,3,1.2746908210330465,0.1357276501023872,1.2378029193733777
2025-10-26,Nott'm Forest,0,-1.0101976685970748,0.9582726606857594,0.33893463754777464
2025-10-26,Wolves,0,-1.7694854919491703,0.14936415509877143,0.9144265218793066
2025-10-26,Burnley,3,2.05691460739269,0.22601025551279008,0.5772938428924794
2025-10-26,Everton,0,-1.5761126305320738,0.1502164900249685,0.19397756534901234
2025-10-26,Tottenham,3,1.859864495275982,-0.18352129852061871,0.1703423916472282
2025-11-01,Liverpool,3,1.052996538637495,0.4055259474350965,0.1471650739642243
2025-11-01,Aston Villa,0,-0.8312880699523235,-0.1794697860322021,0.09050446056660988
2025-11-01,Nott'm Forest,1,-0.13288122544635272,-0.25511120130841647,0.2617350699889833
2025-11-01,Man United,1,-0.6055000169823499,0.05079974436673673,-0.029711684514284187
2025-11-01,Fulham,3,1.154323561641179,0.0550701438202319,0.2741386334986
2025-11-01,Wolves,0,-0.8974214757420894,0.3905567589161807,1.5841333322207607
2025-11-01,Tottenham,0,-1.2174514250495825,0.025810776219278964,0.2613546670422604
2025-11-01,Chelsea,3,1.493066365353161,0.05372521495363358,0.15440151028144022
2025-11-01,Burnley,0,-0.3729851620991186,0.12967591840176507,0.4528649584879396
2025-11-01,Arsenal,3,0.537339269011182,0.18814709224941772,0.2695141572462152
2025-11-01,Brighton,3,1.2605603864734298,0.2792969331073749,0.40258361544312393
2025-11-01,Leeds,0,-0.99746332894159,-0.15264438809359415,0.0630440246921351
2025-11-01,Crystal Palace,3,1.3428873864136148,0.33091633126402265,-0.01693776248997203
2025-11-01,Brentford,0,-1.0664783188842257,0.20378599813716214,0.14838799409444636
2025-11-02,West Ham,3,2.1980132826247374,-0.1678592044011431,0.30816788686719043
2025-11-02,Newcastle,0,-1.965748992450474,0.030722951667094378,-0.07020022013311511
2025-11-02,Man City,3,0.7900596313767072,-0.05975117784602091,0.2670456834128281
2025-11-02,Bournemouth,0,-0.6029115280878875,0.5332553029615337,0.5143328790424295
2025-11-03,Sunderland,1,-0.18529845644586773,0.374659856515386,0.8680779056650518
2025-11-03,Everton,1,-0.5077177706616773,-0.042108304397710405,0.14768349332025466
2025-11-08,Tottenham,1,-0.25587941451656393,0.11317352062810038,0.12918599000272302
2025-11-08,Man United,1,-0.4704879557240045,-0.10313717083690399,0.12777076827650546
2025-11-08,Everton,3,1.472305077897539,-0.25554997605780105,0.18638219349680085
2025-11-08,Fulham,0,-1.1767460100535954,0.052320424753648176,0.16524957608689128
2025-11-08,West Ham,3,1.2048246593701135,-0.19203327034648865,0.33118974646298405
2025-11-08,Burnley,0,-0.9385546327695089,-0.1433474753284445,0.1212548489337415
2025-11-08,Sunderland,1,0.38957678532271034,0.23719465969158016,1.6143223753144813
2025-11-08,Arsenal,1,-1.1660801737550512,0.5146830087866601,0.1553954117519183
2025-11-08,Chelsea,3,0.7222349438974125,0.06535610639242861,0.2736256913724411
2025-11-08,Wolves,0,-0.5362949393176094,0.5561498659036372,1.1850788946712365
2025-11-09,Man City,3,1.2530689623022653,0.2181714369913692,0.6021680541370049
2025-11-09,Liverpool,0,-1.012244771109799,-0.049603656721696865,0.1417175020665784
2025-11-09,Nott'm Forest,3,1.4243464256676468,-0.16467735314740395,-0.29999914015995355
2025-11-09,Leeds,0,-1.1227406341860027,-0.10281463620551623,0.051980555996535394
2025-11-09,Crystal Palace,1,-0.47880786031398404,0.13591932242390392,-0.11912518778699077
2025-11-09,Brighton,1,-0.2407488960567501,-0.12548921723528927,-0.05066656457979413
2025-11-09,Brentford,3,1.7136294826956204,-0.10622734106554521,0.36895395724663427
2025-11-09,Newcastle,0,-1.4329487915644412,-0.04849719159666677,-0.03791000807056477
2025-11-09,Aston Villa,3,1.48108812381554,0.21663104806914024,0.08635200963987
2025-11-09,Bournemouth,0,-1.199581490840177,-0.18662521257509557,-0.27074377751817025
2025-11-22,Burnley,0,-0.7479111732376021,-0.3173180443588235,0.0033297913090697406
2025-11-22,Chelsea,3,0.9763001556692186,-0.35904782066637786,0.12575596232661646
2025-11-22,Bournemouth,1,-0.9457333151942664,-0.7502257624917643,-0.29705717094638917
2025-11-22,West Ham,1,0.185009797990616,-0.49025298924880545,-0.04307365076152614
2025-11-22,Brighton,3,1.3704731584479615,-0.5898357792169939,0.19267025330236454
2025-11-22,Brentford,0,-1.094949296349791,-0.5289493233523448,0.02117792083655612
2025-11-22,Fulham,3,1.3121382805670212,-0.28201700015155584,0.09147191199915561
2025-11-22,Sunderland,0,-1.0282514634767117,-0.5144013273356425,-0.30352343990225084
2025-11-22,Liverpool,0,-2.1589319907915403,-0.6069208042431598,0.12235833730739643
2025-11-22,Nott'm Forest,3,2.364207491555326,-0.7784682681547572,0.4791743318190669
2025-11-22,Wolves,0,-0.9039919725403727,-0.6064074705227265,0.11398999541746768
2025-11-22,Crystal Palace,3,1.1643745758143553,-0.6418503318814599,0.2822167114548648
2025-11-22,Newcastle,3,1.9695533174719593,-0.4084671404927134,0.34012032910340473
2025-11-22,Man City,0,-1.713511386200605,-0.3621778012993655,-0.022974818078282055
2025-11-23,Leeds,0,-1.1713180001887802,-0.14417332021565699,0.323220489275041
2025-11-23,Aston Villa,3,1.45879086303999,-0.272594819777348,0.08631694282144409
2025-11-23,Arsenal,3,0.841011743450768,-0.47274374554312004,0.5587268704740644
2025-11-23,Tottenham,0,-0.6196928635953026,-0.31306050766967886,0.36879729886286405
2025-11-24,Man United,0,-1.788853596906934,-0.24760719505829876,0.06954698996362474
2025-11-24,Everton,3,2.046182884629045,-0.06159765496654934,1.2193774190120141
2025-11-29,Brentford,3,0.8639180383174416,-0.24300762435707757,0.5889585306355265
2025-11-29,Burnley,0,-0.6467888279266323,-0.2730363088236887,-0.018184628210766718
2025-11-29,Man City,3,0.5325004379014944,-0.11926057986856442,0.03297173220632388
2025-11-29,Leeds,0,-0.38887689468774567,-0.01836231789782783,0.4020505806013732
2025-11-29,Sunderland,3,1.8086120600619688,-0.6103141399542773,0.3771634266364199
2025-11-29,Bournemouth,0,-1.5217287677762772,-0.4316052874728751,-0.06650308550559281
2025-11-29,Everton,0,-1.3501680774371227,0.17101971910262836,0.3466134167390287
2025-11-29,Newcastle,3,1.637803248147098,-0.2069178500438822,0.3337296488641641
2025-11-29,Tottenham,0,-1.4984365427305204,0.0949581585731476,0.2892135294275846
2025-11-29,Fulham,3,1.7814342432946382,-0.1987208294334044,0.532028987100083
2025-11-30,Crystal Palace,0,-1.6370370370370368,0.16835893929910206,0.29864946117608504
2025-11-30,Man United,3,1.9003367003367004,-0.15627443355042026,0.01010623583344561
2025-11-30,Aston Villa,3,0.8409464652403229,0.24791370100141386,0.30410135613346334
2025-11-30,Wolves,0,-0.628532842548333,-0.5141247540638778,-0.15587432181883365
2025-11-30,Nott'm Forest,0,-1.288015523703097,0.3092993598348368,-0.15882900562003144
2025-11-30,Brighton,3,1.5766039075516682,-0.1609915316454007,0.27752738289026446
2025-11-30,West Ham,0,-0.7735383201607643,-0.07072253510197424,0.48593473125834485
2025-11-30,Liverpool,3,0.9850722620817502,0.271434007421556,-0.05474435872242189
2025-11-30,Chelsea,1,-0.2439911474182681,0.29868835740321664,0.3595078425869733
2025-11-30,Arsenal,1,-0.4547688402141541,0.3459837868281941,0.14490888733803153
2025-12-02,Fulham,0,-0.7869321496230535,0.5442842431365955,0.7292948711539387
2025-12-02,Man City,3,1.0196612203401132,0.02635500392260326,0.16813338277261103
2025-12-02,Newcastle,1,-0.8017384815513224,0.28870779979908434,0.04105240740138427
2025-12-02,Tottenham,1,0.052093942541369676,0.22953638451163094,0.0592123027482252
2025-12-02,Bournemouth,0,-1.5901823584201247,0.11288919792041074,0.04427193848884414
2025-12-02,Everton,3,1.8691391666474224,0.40829046433023564,0.2993908967219596
2025-12-03,Arsenal,3,0.8014763389787767,0.2745364021178762,0.21338801619873315
2025-12-03,Brentford,0,-0.5921628346338801,0.3777503564170077,0.31022326499116293
2025-12-03,Brighton,0,-1.5449318046351812,0.35712236803968,0.37239768273066787
2025-12-03,Aston Villa,3,1.822797237123523,0.3759501887335581,0.7253388114780073
2025-12-03,Burnley,0,-0.8319553628588157,-0.13641711380477073,-0.007068848774866687
2025-12-03,Crystal Palace,3,1.0938769565916546,0.5205296543122646,0.051100282493734106
2025-12-03,Wolves,0,-1.2117600969014717,0.0506501823105765,0.32260007820147507
2025-12-03,Nott'm Forest,3,1.5054627005288805,0.0343481466541391,0.04064911122042414
2025-12-03,Leeds,3,2.0049279554341424,0.24291020625246595,1.0699846265992825
2025-12-03,Chelsea,0,-1.7305693931115755,0.4771037863624219,0.22241214306349733
2025-12-03,Liverpool,1,-1.2836056931997897,0.03118836813637671,-0.030015368398951026
2025-12-03,Sunderland,1,0.4638903531892461,0.270820504572308,0.6005669867789951
2025-12-04,Man United,1,-1.226362909462701,0.011304949029252498,0.07873077405039197
2025-12-04,West Ham,1,0.4153809854631729,0.284781725261265,0.4572106241746443
2025-12-06,Leeds,1,0.10789766407119017,0.8719375667363867,0.9442518803427351
2025-12-06,Liverpool,1,-0.8631813125695222,-0.0840914933822372,0.4498160289237756
2025-12-06,Tottenham,3,1.5441626409017712,-0.06670289529488294,0.04380025548968014
2025-12-06,Brentford,0,-1.261634460547504,0.4193590571432324,0.1462498044312044
2025-12-06,Newcastle,3,0.6419374531731279,0.02547331302378275,0.0709660962635299
2025-12-06,Burnley,0,-0.47058578683020236,0.03729306172252311,0.07197245775701511
2025-12-06,Man City,3,0.5745949192616022,-0.027066911120199322,0.07300669238914104
2025-12-06,Sunderland,0,-0.4213985397303744,0.658876698531567,-0.027068543081645302
2025-12-06,Everton,3,1.3430587109888796,0.09683654479762449,0.6330882183422357
2025-12-06,Nott'm Forest,0,-1.053928016262107,-0.025995087328817945,-0.03505875280733939
2025-12-06,Bournemouth,1,-0.10693850341647693,0.00894912830096839,0.1592542347221375
2025-12-06,Chelsea,1,-0.6402422087661797,0.14392830884691143,-0.1187078170324547
2025-12-06,Aston Villa,3,2.045406961528396,0.5356471613382787,1.1445778929254278
2025-12-06,Arsenal,0,-1.7719183459827268,0.05251262835736625,-0.16441629788290513
2025-12-07,Brighton,1,-1.0014735199791973,0.33027260852363405,0.26260784698606443
2025-12-07,West Ham,1,0.22510184623385643,0.6680873122164268,0.17269514316541468
2025-12-07,Fulham,0,-1.4292878635907722,0.13751261374263724,0.33975221606470285
2025-12-07,Crystal Palace,3,1.715145436308927,-0.01195587514957186,0.5011450222349865
2025-12-08,Wolves,0,-0.7977227511324425,0.11498383409307422,1.2485002590342553
2025-12-08,Man United,3,1.0299886474760303,0.08139620920026225,0.5085423074160769
2025-12-13,Chelsea,3,1.0899730326060313,-0.27977347943532216,-0.14854384088719996
2025-12-13,Everton,0,-0.8430987987251777,0.001901134280016592,0.20975521251298002
2025-12-13,Liverpool,3,1.1272367299884718,0.11145311316657747,0.12166522944410652
2025-12-13,Brighton,0,-0.8890343842413914,-0.07130170968276062,0.29329698897111545
2025-12-13,Burnley,0,-1.0122936487621632,-0.1818641704692876,0.4953178505750806
2025-12-13,Fulham,3,1.2906564664231972,-0.14676804226683426,0.3915128766506619
2025-12-13,Arsenal,3,0.3420708462269104,0.06589074608943868,0.0774970573824767
2025-12-13,Wolves,0,-0.23506579043158832,0.07774403676085484,0.7085611183449263
2025-12-14,Brentford,1,-0.6190855053283044,-0.21328571663334284,0.3124178204600243
2025-12-14,Leeds,1,-0.08950633811975472,-0.05536944776027575,0.19912001583110683
2025-12-14,West Ham,0,-1.1381600209298388,-0.14307760808978642,0.1324597480192038
2025-12-14,Aston Villa,3,1.4157804829252527,0.4049524712993593,0.6182309563000006
2025-12-14,Nott'm Forest,3,1.62720392817787,0.09381426776869262,0.24991195966640767
2025-12-14,Tottenham,0,-1.3406122382835288,-0.05179538955222718,0.16981006544658328
2025-12-14,Crystal Palace,0,-0.9605038888110862,0.20963917912390073,0.08378961599896062
2025-12-14,Man City,3,1.2138999805303268,0.08501459899533792,0.14587504173895915
2025-12-14,Sunderland,3,1.8828630821783587,0.011687140856956546,1.1070026225187677
2025-12-14,Newcastle,0,-1.5998439967569766,0.02934022367722733,0.5188283881823956
2025-12-15,Man United,1,-0.8488969057860412,-0.009268203630707461,0.3618869951318313
2025-12-15,Bournemouth,1,0.07645344803663101,0.05425936286265287,0.9317167485087152
2025-12-20,Leeds,3,1.686795027787826,-0.21491956590699246,0.5873093837440599
2025-12-20,Crystal Palace,0,-1.3773553882074385,0.271894796646178,0.030872012863679466
2025-12-20,Newcastle,1,-0.28572282983584496,0.23915324424461204,0.21458049741795016
2025-12-20,Chelsea,1,-0.4461780150638561,-0.1284727063054838,-0.24706990931472994
2025-12-20,Bournemouth,1,-1.1471564304223305,0.0534988655229407,0.14903601707648662
2025-12-20,Burnley,1,0.353048142928581,-0.2516650649810499,0.07377188874485352
2025-12-20,Brighton,1,-0.8142364631920502,-0.23640817923150426,-0.08615099128487724
2025-12-20,Sunderland,1,0.07402149665382285,0.0957899658453174,0.212080970916511
2025-12-20,Man City,3,0.49327545114061966,0.09770240778449768,0.20941860000491985
2025-12-20,West Ham,0,-0.36538134150493706,-0.15243889045118308,0.31348244425333505
2025-12-20,Wolves,0,-1.113520569287128,-0.27148600672852563,0.5193750950058256
2025-12-20,Brentford,3,1.3949869659583751,0.0445471135479627,0.15796595440781225
2025-12-20,Tottenham,0,-1.0662087993154121,-0.23333995057793722,0.15592061661810952
2025-12-20,Liverpool,3,1.3299669509280299,-0.333490092403844,-0.026908364744921087
2025-12-20,Everton,0,-0.6881774985120644,-0.21242550145459216,0.2799139571700966
2025-12-20,Arsenal,3,0.9233298533529775,-0.4277910828849887,-0.15920351214968598
2025-12-21,Aston Villa,3,1.3242632287044565,-0.17856854938629407,0.9450707281802249
2025-12-21,Man United,0,-1.065566538204914,-0.08156044379198946,0.15347731283721622
2025-12-22,Fulham,3,1.6016665652940816,-0.12236841559745937,0.5993806773085009
2025-12-22,Nott'm Forest,0,-1.3173164649352231,-0.28403800980584126,-0.07511432464400247
2025-12-26,Man United,3,1.5890410958904109,-0.15802268005064235,0.5289692581243983
2025-12-26,Newcastle,0,-1.3287671232876712,-0.2864093208202645,0.2445549683251329
2025-12-27,Nott'm Forest,0,-0.777926824260509,0.10966532927479378,0.33329709069000124
2025-12-27,Man City,3,1.0057954747662785,-0.09849934332533117,0.156625815139261
2025-12-27,Arsenal,3,0.6691878371123625,-0.3530859629643608,-0.14259548601466854
2025-12-27,Brighton,0,-0.49506944124299745,-0.3074951190079389,0.23801561697215234
2025-12-27,Brentford,3,1.4806944028733913,-0.3172868462711138,0.6070315679754916
2025-12-27,Bournemouth,0,-1.2077222388506437,0.048665033448192396,0.3333903653843553
2025-12-27,Burnley,1,-0.08319658932323204,-0.05137116871717584,0.3141230122284906
2025-12-27,Everton,1,-0.6109006701734478,-0.3925422451629226,-0.0223906668380085
2025-12-27,Liverpool,3,0.5503017102943089,-0.434844918271315,-0.08996800545440387
2025-12-27,Wolves,0,-0.4023413654703894,-0.21096819397136102,0.6363886172401543
2025-12-27,West Ham,0,-1.23971876837184,-0.18881013618740816,0.5656369665361956
2025-12-27,Fulham,3,1.5245577760625173,-0.06042890888094288,0.30730627837973135
2025-12-27,Chelsea,0,-1.8468055167362205,-0.48911152855586515,-0.12819137633949396
2025-12-27,Aston Villa,3,2.0873386855826594,-0.07573011563418142,1.1008860962741132
2025-12-28,Sunderland,1,-0.3071292300890027,-0.09450372802033247,0.1234200356739148
2025-12-28,Leeds,1,-0.3870843602361398,-0.059252824933188286,0.40580370195279514
2025-12-28,Crystal Palace,0,-1.5558168239485033,-0.1577416396525102,0.0022013529935218656
2025-12-28,Tottenham,3,1.8362914817823888,-0.24979627753268652,0.0022299380689663195
2025-12-30,Chelsea,1,-1.0334723142267075,-0.034590253844395846,-0.13832533087890297
2025-12-30,Bournemouth,1,0.24622998090636317,0.3197650309424924,0.3272740807981158
2025-12-30,Man United,1,-1.2542861801261713,0.2616293481013017,0.13998126981438297
2025-12-30,Wolves,1,0.4415737523986303,0.6094479196899556,0.3498774013778636
2025-12-30,Arsenal,3,0.7415016506026868,-0.007976306309100067,0.30816236159675015
2025-12-30,Aston Villa,0,-0.553522140355158,1.031763698057599,0.389307275065228
2025-12-30,Burnley,0,-0.7254040144107051,0.41751324427789793,0.24641776758652956
2025-12-30,Newcastle,3,0.9546268656716417,0.06841949111125345,-0.1426313624946287
2025-12-30,Nott'm Forest,0,-1.7759597122500541,0.6005679839870712,-0.024762994647066883
2025-12-30,Everton,3,2.05691920044948,0.061350265797750936,0.18891419206223858
2025-12-30,West Ham,1,-0.11953174068664918,0.4689181763764907,0.14273733596587768
2025-12-30,Brighton,1,-0.6166751167243034,0.45478559555758924,0.04181279574971608
2026-01-01,Crystal Palace,1,-0.5697843413033288,-0.09588773737604939,0.6147136343309629
2026-01-01,Fulham,1,-0.14052977027660596,0.015391994636256179,0.340702798885534
2026-01-01,Liverpool,1,-1.1480544447361627,-0.19693587476396246,-0.06450538906251424
2026-01-01,Leeds,1,0.3611205738699115,0.16336214124560122,0.49835994536463346
2026-01-01,Brentford,1,-0.46441409058231486,-0.018837378207479993,0.32536923347353675
2026-01-01,Tottenham,1,-0.2566498921639109,0.06326402127835173,0.40587345139357467
2026-01-01,Sunderland,1,0.4051915100860932,0.0008998166349867276,0.7542890803240372
2026-01-01,Man City,1,-1.2035756928297623,-0.014815142621500854,0.13945150071185353
2026-01-03,Wolves,3,1.6351099304809813,0.038347310352971675,0.6151851307747602
2026-01-03,West Ham,0,-1.3526818515797208,0.3411470772845373,0.9455311408556746
2026-01-03,Bournemouth,0,-0.6911922497698199,0.37163543137033095,0.7331097195707601
2026-01-03,Arsenal,3,0.9049445307537298,0.27387887423404145,0.47331873861972795
2026-01-03,Aston Villa,3,1.233518197573657,0.13688733904093375,0.3447560834208101
2026-01-03,Nott'm Forest,0,-0.9635008665511265,0.05465724900941016,0.37924763597288624
2026-01-03,Brighton,3,0.82716356365068,0.33440218486115914,0.5965197309397023
2026-01-03,Burnley,0,-0.6168422797583896,0.14957967946473705,0.5246770855577605
2026-01-04,Leeds,1,-0.3283022085784941,0.6982815998171725,0.5109487468035807
2026-01-04,Man United,1,-0.3845825871919504,0.018332142758914927,1.9598170522517186
2026-01-04,Everton,0,-1.455637550729451,0.15672418913795205,0.16338462703481582
2026-01-04,Brentford,3,1.7555427747490864,0.41076210980706396,0.7138588400246668
2026-01-04,Newcastle,3,1.0639398792657384,-0.14229913176735476,0.12193483344613476
2026-01-04,Crystal Palace,0,-0.8224713564124677,0.46734089320534444,0.4437682667316576
2026-01-04,Tottenham,1,-0.7218126914252272,0.3209796641367699,0.27911600293777283
2026-01-04,Sunderland,1,0.0012172220766024644,0.8208075535210355,0.28530794605491216
2026-01-04,Fulham,1,0.038415988411010904,0.36954855630074945,0.7834957346023916
2026-01-04,Liverpool,1,-0.7757551208158979,0.009213872793662148,0.1510361029727214
2026-01-04,Man City,1,-1.129032258064516,0.171525962353952,0.3500738067560132
2026-01-04,Chelsea,1,0.32258064516129037,1.1487283967478774,1.012814123475808
2026-01-06,West Ham,0,-1.2524209658242493,1.0830545527616593,1.3247846544792203
2026-01-06,Nott'm Forest,3,1.5317998214550215,0.5121699272088396,0.5159588715280865
2026-01-07,Newcastle,3,0.992795970044138,0.1993617066763793,0.4582350607092103
2026-01-07,Leeds,0,-0.7521706172348354,0.7569847381263601,0.6463468795103386
2026-01-07,Burnley,1,0.1560394492725321,0.4627530904712609,0.6449239872664414
2026-01-07,Man United,1,-0.9041109266673175,1.3048680857794093,0.8671704765416752
2026-01-07,Fulham,3,1.9464628273173092,0.9451382491981279,0.7773732962879736
2026-01-07,Chelsea,0,-1.6803138284800447,1.2518551081936735,0.6470240199328927
2026-01-07,Man City,1,-1.0992522093813735,0.4394532291616855,0.42406499163249656
2026-01-07,Brighton,1,0.3042573079537729,0.6072334284795078,0.5458602660783045
2026-01-07,Crystal Palace,1,-0.23578003304224682,0.3294726871033822,-0.03470316568222387
2026-01-07,Aston Villa,1,-0.4795526095774514,0.04226318571413579,-0.19365127160674867
2026-01-07,Brentford,3,1.2889117849436027,0.7278116031105126,1.407432168929783
2026-01-07,Sunderland,0,-0.9941999329930146,0.4064985290341525,-0.03868757241668774
2026-01-07,Bournemouth,3,1.4229095340335403,0.5005717923627415,0.7438332005659198
2026-01-07,Tottenham,0,-1.1534381709510821,0.3116044007521399,0.5726271277316446
2026-01-07,Everton,1,-0.8207232386502543,0.24845511980036594,0.11720902331997962
2026-01-07,Wolves,1,0.09487469193310738,0.1802717738175481,-0.03148961745314871
2026-01-08,Arsenal,1,-1.0403822576126376,0.28296671171682064,0.28315545654388075
2026-01-08,Liverpool,1,0.2683822678939076,0.12532891014884306,0.2352503157674395
2026-01-17,Man United,3,1.795461169292945,0.5193678436320184,0.9558655301139947
2026-01-17,Man City,0,-1.5346221850894748,0.3024024816151165,0.3826971740512626
2026-01-17,Chelsea,3,1.2231812577065353,0.38623557854738166,0.15599220008574477
2026-01-17,Brentford,0,-0.9728113440197288,0.037367420738291024,0.3501327310411604
2026-01-17,Leeds,3,1.4850418542710382,0.011927661601636608,0.16110023309003996
2026-01-17,Fulham,0,-1.2012175787938362,-0.21657591964400247,-0.23065564344816725
2026-01-17,Liverpool,1,-1.463449851496459,0.07944253849648675,0.14472402291024267
2026-01-17,Burnley,1,0.6122001370801919,-0.1804168011444025,0.2300624495771375
2026-01-17,Sunderland,3,1.5053757372238057,-0.31872638413359144,0.11776587647821124
2026-01-17,Crystal Palace,0,-1.2031492507830799,0.0009258372353198041,0.5873047563693774
2026-01-17,Tottenham,0,-1.8012184811927157,0.33981436797523834,0.5848951556451318
2026-01-17,West Ham,3,2.0561601739153774,0.07747336444234243,0.2423953678683386
2026-01-17,Nott'm Forest,1,0.26472336008747255,-0.33938499910962694,0.13821839921610213
2026-01-17,Arsenal,1,-1.0200537195648556,0.1682077994164377,0.10245008581638437
2026-01-18,Aston Villa,0,-2.023355230495064,-0.07614740779326645,-0.05767304873546664
2026-01-18,Everton,3,2.264589833236651,-0.12310344275115082,0.34154864197741475
2026-01-18,Wolves,1,0.12982680732160667,-0.4444253442680015,-0.3017237892126534
2026-01-18,Newcastle,1,-0.8916407144351852,-0.22497276167041225,-0.26995665535393343
2026-01-19,Brighton,1,-0.6997115754160246,-0.17416024544489606,0.34845374070251367
2026-01-19,Bournemouth,1,-0.05036834297741799,0.011786413450888489,0.47354063468661334
2026-01-24,West Ham,3,1.433104617751888,-0.34109041053374334,0.1397598673650542
2026-01-24,Sunderland,0,-1.1485656863822638,-0.38382119460285136,-0.13121333095031673
2026-01-24,Burnley,1,-0.020772558646426242,-0.30697321573528047,0.11117338653687447
2026-01-24,Tottenham,1,-0.6952697570480293,0.17085871143083864,0.14189183756572632
2026-01-24,Fulham,3,1.6062761438174449,-0.39966359815907015,0.16021785596059512
2026-01-24,Brighton,0,-1.3176483992252481,-0.21609521381508667,-0.04438084043199986
2026-01-24,Man City,3,0.6377915083249035,-0.05244036205408875,0.03344241690973959
2026-01-24,Wolves,0,-0.4689695710419117,-0.5547457187975144,-0.09433900570098608
2026-01-24,Bournemouth,3,2.085325466128676,-0.10068981639013685,0.6170193499324528
2026-01-24,Liverpool,0,-1.8468870891876068,0.20059177840466447,0.3174450190972209
2026-01-25,Brentford,0,-1.8119560698912474,-0.3602252681711864,-0.15200545239822016
2026-01-25,Nott'm Forest,3,2.082134284526571,-0.023947525137065995,-0.11997971354218606
2026-01-25,Crystal Palace,0,-1.1098547516629966,-0.32166717425691793,-0.14421987286500126
2026-01-25,Chelsea,3,1.3819015779925377,-0.3309177786246753,-0.02766527952421427
2026-01-25,Newcastle,0,-1.5908956841835111,-0.08437669052608499,-0.09353518478002165
2026-01-25,Aston Villa,3,1.8593749401485464,0.07517392632308884,0.23268790581666288
2026-01-25,Arsenal,0,-2.062820967991959,-0.05141791448707522,0.32227900442701696
2026-01-25,Man United,3,2.2819067811442086,-0.18630672244715463,0.6974407458095229
2026-01-26,Everton,1,-0.4475054203363671,-0.027575744428891547,0.2455754843585627
2026-01-26,Leeds,1,-0.24443573379717543,-0.20669818096389658,-0.10415120982960158
2026-01-31,Liverpool,3,1.0432044338077844,0.11927616254879858,0.3466347270485812
2026-01-31,Newcastle,0,-0.8187887185242014,0.16427416378007997,0.12008816083358731
2026-01-31,Chelsea,3,0.9932451502436637,0.04139898704850076,0.21448075625945862
2026-01-31,West Ham,0,-0.7748508852804485,-0.02481011654953491,0.44517627179191877
2026-01-31,Brighton,1,-0.7588853002823839,-0.3294655119944183,-0.026919324186299498
2026-01-31,Everton,1,0.03156962849174727,-0.15073487230496152,0.17465675767839706
2026-01-31,Leeds,0,-0.7199928023341002,-0.3018276283439585,0.009746128209252802
2026-01-31,Arsenal,3,0.9568962636402194,0.04189557273167033,0.26990707180251583
2026-01-31,Wolves,0,-1.2447866192886115,-0.2745044814112587,0.24638754677427954
2026-01-31,Bournemouth,3,1.5226660923872077,-0.3330106987179322,0.10882761025916743
2026-02-01,Aston Villa,0,-1.5211641679814165,0.31257924714331686,-0.03125174971501288
2026-02-01,Brentford,3,1.8065375437038682,-0.4309872693146053,0.15482465895115638
2026-02-01,Man United,3,0.9278112792878721,-0.2334608956325237,0.24336537940701142
2026-02-01,Fulham,0,-0.7234162854213939,0.2353715159571026,0.5734523487091163
2026-02-01,Nott'm Forest,1,-0.651617984556887,0.3419661000781353,0.2787576787558912
2026-02-01,Crystal Palace,1,-0.05460485904107992,-0.1418302396653761,0.44393397904153353
2026-02-01,Tottenham,1,0.19356785132444343,-0.10859318562247999,0.15793830706135203
2026-02-01,Man City,1,-0.9574695503012647,-0.231869066858442,-0.05772971508000957
2026-02-02,Sunderland,3,1.2217456012813772,-0.07529586845810154,0.6473046162182143
2026-02-02,Burnley,0,-0.9289468166647761,-0.15295689295690007,0.2369789611619577
2026-02-06,Leeds,3,1.3947305536926977,-0.214483190487198,0.3400762386210552
2026-02-06,Nott'm Forest,0,-1.1142998096030956,-0.1171906141576855,0.21205729608791302
2026-02-07,Newcastle,0,-1.734993672988965,0.040243822491964565,0.0033797185908372995
2026-02-07,Brentford,3,1.9908452745357246,-0.3656521017189247,0.615778740885057
2026-02-07,Wolves,0,-0.7582188416727279,0.24282327499023637,0.3435861381131602
2026-02-07,Chelsea,3,0.9833945714983541,-0.17430847894879342,-0.2007638837770127
2026-02-07,Fulham,0,-1.610158126846314,-0.2345020814792651,-0.13653589344437567
2026-02-07,Everton,3,1.8876368331717708,-0.09970010294790832,0.282151645936211
2026-02-07,Burnley,0,-1.1763280059259489,-0.29734071829174624,3.506772207728659e-06
2026-02-07,West Ham,3,1.440470973321595,-0.24260516463209036,0.08749833844016308
2026-02-07,Bournemouth,1,-0.2636709933397219,-0.45424823517182844,0.03259046767724083
2026-02-07,Aston Villa,1,-0.4720561332372437,-0.48215027114478026,-0.2673596001202352
2026-02-07,Arsenal,3,0.5724140069135495,0.07206055009489631,0.1907492668148798
2026-02-07,Sunderland,0,-0.40444265319092876,0.09360584625945823,0.1408809269013105
2026-02-07,Man United,3,1.0032287481822888,-0.2591166417350941,0.23288748298077522
2026-02-07,Tottenham,0,-0.7876913218150001,-0.35688680377251636,0.04058352727367165
2026-02-08,Brighton,0,-1.5846860428426184,-0.12633433975702246,0.07930324440259628
2026-02-08,Crystal Palace,3,1.873891245661396,-0.2560435970187891,-0.22830166379461492
2026-02-08,Liverpool,0,-1.5653525274006215,-0.1814236911236229,-0.007822997526853115
2026-02-08,Man City,3,1.811549157533126,-0.23608313338547404,-0.10410187341335764
2026-02-10,Chelsea,1,-1.0978848805500308,-0.2195722778147129,-0.281533388488139
2026-02-10,Leeds,1,0.31323540193891863,0.0690227933453027,0.17208770852952426
2026-02-10,Everton,0,-1.4999282902809428,0.213028332469821,0.19606164110912783
2026-02-10,Bournemouth,3,1.7772058706356668,0.0420599669717312,0.16147140150475447
2026-02-10,Tottenham,0,-1.2105263157894737,0.10089502149800289,1.424576759732922
2026-02-10,Newcastle,3,1.473684210526316,0.01723564770718511,-0.08490261056782344
2026-02-10,West Ham,1,0.13658611704103163,0.07764412764110773,0.34672968090709233
2026-02-10,Man United,1,-0.9084856408692477,0.24934578110536343,-0.003987247287319917
2026-02-11,Sunderland,0,-0.8846147747633469,-0.06459841409724643,0.15708230623931918
2026-02-11,Liverpool,3,1.1315743574294004,0.07017714260786612,-0.12160062596667665
2026-02-11,Nott'm Forest,1,-0.8911458833515595,-0.2029045267896903,2.2280351206648614
2026-02-11,Wolves,1,0.1408926297789026,0.12634112430078037,0.7929852764482099
2026-02-11,Crystal Palace,0,-2.1615407394872665,0.06151007552525378,-0.13235744772395464
2026-02-11,Burnley,3,2.374629833319232,-0.1505377399821004,0.22056437326782774
2026-02-11,Aston Villa,3,1.364039930762803,-0.38631547383582543,-0.21175860092770016
2026-02-11,Brighton,0,-1.107369881819267,0.3503790865515226,0.3261639635981881
2026-02-11,Man City,3,0.7466294155863906,0.026639581167978932,-0.15932759117867157
2026-02-11,Fulham,0,-0.5656729266856502,-0.2056562644307336,-0.08413370621119842
2026-02-12,Brentford,1,0.1906077672870934,0.4320908456714534,0.9353707992961677
2026-02-12,Arsenal,1,-0.9397406201131109,-0.1876242073316181,-0.20441833409054944
2026-02-18,Wolves,1,0.6102966861204117,0.10083610153264111,0.9920590116137884
2026-02-18,Arsenal,1,-1.4506140077390937,-0.16386516312197763,0.1430862976883791
2026-02-21,Man City,3,0.9461683657994278,-0.20451012596646478,0.1728521473133533
2026-02-21,Newcastle,0,-0.7411845215564676,0.19897936186568366,-0.12551635280109963
2026-02-21,Aston Villa,1,-0.8106819008609654,-0.4088935375472653,-0.13535009272413667
2026-02-21,Leeds,1,0.06693703768576786,-0.19485293102324341,0.1729342388801145
2026-02-21,Brentford,0,-1.537718496718841,-0.2821837671847325,0.08147918839389678
2026-02-21,Brighton,3,1.8162906881534133,-0.3331237713122963,0.2137384354995664
2026-02-21,Chelsea,1,-1.4558179391401231,-0.3202734412121391,-0.19531739134753323
2026-02-21,Burnley,1,0.6056520693555179,-0.34035520752065374,0.1940206452328619
2026-02-21,West Ham,1,-0.32623016189488774,-0.5501069755085446,-0.12376740757569671
2026-02-21,Bournemouth,1,-0.4128399393891058,-0.4666653633808755,-0.1194682888143852
2026-02-22,Tottenham,0,-0.6108597285067873,0.09703003278065303,0.9582585875897358
2026-02-22,Arsenal,3,0.8280542986425341,-0.14860467066766248,0.12757471580895619
2026-02-22,Sunderland,0,-1.292763763579451,-0.3095763443559454,-0.05738931477023268
2026-02-22,Fulham,3,1.5901307309887682,-0.3282412134281989,-0.03259775022948652
2026-02-22,Nott'm Forest,0,-0.9881496859771284,0.7224148392733944,0.26413637436111514
2026-02-22,Liverpool,3,1.2376297978619275,-0.24442886568432698,-0.19859754420739684
2026-02-22,Crystal Palace,3,1.1462817861408052,-0.05678583939681392,-0.09310878911429299
2026-02-22,Wolves,0,-0.8919344033089627,0.25788604871163834,-0.08155328571911724
2026-02-23,Everton,0,-1.0617862045935218,-0.06523573896206347,0.5341898014896742
2026-02-23,Man United,3,1.3216949278319916,-0.39211551523961496,0.262023921959166
2026-02-27,Wolves,3,2.132073805950384,-0.4388290480838535,0.5582511144630917
2026-02-27,Aston Villa,0,-1.8797058860623792,-0.2932346264647965,0.040024738687101546
2026-02-28,Newcastle,0,-1.8423777853420968,0.0291038704922979,-0.0731468294713764
2026-02-28,Everton,3,2.0952253148647584,-0.12189385104972583,0.3321604946430279
2026-02-28,Liverpool,3,0.8023001392379885,-0.16874222828918128,-0.04623287474025162
2026-02-28,West Ham,0,-0.6127737292273194,-0.44559842495331115,-0.013716832225494358
2026-02-28,Leeds,0,-0.836887265568024,-0.22267982284048315,0.13322125982654676
2026-02-28,Man City,3,1.0788237659776887,-0.1422222892455789,0.07870103817599983
2026-02-28,Bournemouth,1,-0.8261234495530185,-0.2870205262684804,-0.019076982981409252
2026-02-28,Sunderland,1,0.08212206397633848,-0.3795066734879162,-0.13062330711363312
2026-02-28,Burnley,0,-0.9016819775152649,-0.43259463988740876,0.4605240175452545
2026-02-28,Brentford,3,1.1507780807881005,-0.500360622051307,0.11304925295010726
2026-03-01,Man United,3,0.9092324214743397,-0.20476588058432021,0.10932222969492322
2026-03-01,Crystal Palace,0,-0.6924014432069119,0.10759167650327939,-0.04549373709357596
2026-03-01,Arsenal,3,0.8994356202224179,-0.2709274245206359,-0.09636165633300742
2026-03-01,Chelsea,0,-0.683328173743243,-0.2607431592312146,-0.14789369099656824
2026-03-01,Brighton,3,1.3688019728164247,-0.3414459655781803,-0.08624464129999687
2026-03-01,Nott'm Forest,0,-1.0907266158169409,0.10173598520553107,-0.4104806907480132
2026-03-01,Fulham,3,1.338224178560313,-0.28520304085151427,0.0005980297209742247
2026-03-01,Tottenham,0,-1.0800097816904541,-0.17888224855581036,0.1427489192178122
2026-03-03,Bournemouth,1,-0.39937497495893237,0.4104262543588897,0.08084675601266245
2026-03-03,Brentford,1,-0.33518971112624696,0.039811209789269775,-0.16483318678821757
2026-03-03,Everton,3,0.9928997443907983,0.2529283337160484,0.23828404562411176
2026-03-03,Burnley,0,-0.7433683612610055,0.36735055569133124,-0.0510720222834955
2026-03-03,Leeds,0,-1.8339435120591308,0.2795993146659139,-0.07803423251119757
2026-03-03,Sunderland,3,2.102941709532958,0.04223232534302124,0.1808591127409489
2026-03-03,Wolves,3,2.3851453960810995,0.07998429789933503,0.9030028814183826
2026-03-03,Liverpool,0,-2.1843944887005247,-0.05757334608113496,-0.01518520465709372
2026-03-04,Aston Villa,0,-1.3433284813197477,-0.2161906178693842,-0.05996684910452288
2026-03-04,Chelsea,3,1.6144590004852015,0.11409865646211159,0.06640937082882559
2026-03-04,Brighton,0,-0.8098458455056098,0.045454004690001604,0.36338742944902513
2026-03-04,Arsenal,3,1.0559802625988552,-0.030278597638879745,0.12363925319795044
2026-03-04,Fulham,0,-1.5567880348358818,0.23280826274158084,-0.1730719853842304
2026-03-04,West Ham,3,1.8258323142262143,-0.12686738013765186,0.03683433208883535
2026-03-04,Man City,1,-1.2362849079931477,-0.1097018008382431,-0.07660711298783518
2026-03-04,Nott'm Forest,1,0.4320302494358724,-0.3204026606157697,0.06853606889012731
2026-03-04,Newcastle,3,1.638594570223181,-0.1828350746182572,0.45260950939241695
2026-03-04,Man United,0,-1.3788927892821488,0.16193766961841582,-0.15711500315654092
2026-03-05,Tottenham,0,-1.439949564364223,-0.09414127978851816,1.2778661031033067
2026-03-05,Crystal Palace,3,1.719907886041411,-0.20968028993380283,0.32874130549650715
2026-03-14,West Ham,1,0.18619317541949787,-0.1878263761399479,0.31507853866497015
2026-03-14,Man City,1,-0.9597957881301851,-0.008930269778636202,0.026737027612567132
2026-03-14,Chelsea,0,-1.8969465415158921,0.10220491472595583,0.026623943152198848
2026-03-14,Newcastle,3,2.119419800028165,0.03212699768732108,-0.03002161417510507
2026-03-14,Sunderland,0,-1.048940272618312,-0.2470539868847439,-0.012562639325477853
2026-03-14,Brighton,3,1.3212756928986726,-0.3577819909420219,-0.06878596604069553
2026-03-14,Arsenal,3,0.7345597625732267,-0.10894627743965124,0.6431154427296217
2026-03-14,Everton,0,-0.531971438469135,-0.22933768042290126,0.26219120351195
2026-03-14,Burnley,1,0.03705973879013613,-0.1590662076791487,0.0010393512370505675
2026-03-14,Bournemouth,1,-0.7967843839879301,-0.1810674262457166,0.17389830831598108
2026-03-15,Crystal Palace,1,-0.35953658346940354,-0.1764137638279175,-0.3172747236128721
2026-03-15,Leeds,1,-0.3476401523987249,-0.24185329796700028,-0.21050880987667764
2026-03-15,Man United,3,1.0913093461830097,-0.3326952406358359,0.2421974128604809
2026-03-15,Aston Villa,0,-0.8556857373480422,-0.056823747103100786,-0.03926002697545172
2026-03-15,Nott'm Forest,1,-0.5233691387969523,-0.19572504203772567,-0.4620737026172739
2026-03-15,Fulham,1,-0.19115497512735047,-0.24247607968594043,-0.03996335185771027
2026-03-15,Liverpool,1,-1.335694734664632,-0.24301291524961321,0.11661555391384049
2026-03-15,Tottenham,1,0.49626602789911234,0.131810213261085,-0.0777379417280244
2026-03-16,Brentford,1,-1.0702778130153496,-0.280474759708186,0.10756145387951044
2026-03-16,Wolves,1,0.2902448306482305,-0.47181378713168787,-0.14156371048019079
2026-03-20,Bournemouth,1,-0.17585678103224955,0.991894154673167,0.757761548335651
2026-03-20,Man United,1,-0.5704622409094926,0.021746953573394734,-0.05192218933067494
2026-03-21,Leeds,1,-0.48411349503109324,-0.21103322689375226,0.1430856823713178
2026-03-21,Brentford,1,-0.23864749755053882,-0.19934928084410242,0.09822067249224986
2026-03-21,Everton,3,1.8258821584992977,-0.09842867808926048,0.9330831482353652
2026-03-21,Chelsea,0,-1.5506982893975705,0.13908395848289956,0.5158377513217083
2026-03-21,Fulham,3,0.9179587447453321,-0.05364139959519054,0.2895239332852917
2026-03-21,Burnley,0,-0.698034998533581,-0.24483662716037902,0.23253043515802663
2026-03-21,Brighton,3,1.8122838550703164,-0.08624944838287174,0.5914352557603273
2026-03-21,Liverpool,0,-1.5518572381015505,0.34920999604536007,0.2548268660551951
2026-03-22,Newcastle,0,-2.068138853531969,-0.04593798586420128,0.1406989190743353
2026-03-22,Sunderland,3,2.2920774555067673,0.002189721358233143,0.9498599097638003
2026-03-22,Aston Villa,3,1.118095394456425,0.1727998825649184,0.14487281240044858
2026-03-22,West Ham,0,-0.8695690610525781,-0.14435559625272187,0.23302045557794315
2026-03-22,Tottenham,0,-1.482001670884237,-0.40785754416199005,0.41115706841369715
2026-03-22,Nott'm Forest,3,1.7689578767662333,-0.08348826187981473,-0.03845328789953584
2026-04-10,West Ham,3,1.1499336663024813,-0.016866663347930633,0.692691655392073
2026-04-10,Wolves,0,-0.8978461058217575,-0.09689179810703052,0.41271070876705007
2026-04-11,Arsenal,0,-2.1358739898938923,-0.21581339878910377,0.1629629227265923
2026-04-11,Bournemouth,3,2.34687767034712,-0.24823279223788575,0.8503749960382603
2026-04-11,Brentford,1,-0.5969325177262159,-0.18165187861191345,0.4839641075212624
2026-04-11,Everton,1,-0.12094711143472336,-0.13613978233362367,0.2828972365739064
2026-04-11,Burnley,0,-0.7633623440279155,0.1766924755979309,0.42714080015718814
2026-04-11,Brighton,3,0.991766574791924,-0.2012272362724703,0.48123731897862587
2026-04-11,Liverpool,3,1.1115063696640095,0.2847617971493239,0.17840593823430595
2026-04-11,Fulham,0,-0.8790136333159504,-0.13295278949148592,0.22982347194055386
2026-04-12,Sunderland,3,1.6870751361815155,-0.11090258068888748,0.4382297406892395
2026-04-12,Tottenham,0,-1.402331967766623,-0.1042514741400371,0.7772862659246265
2026-04-12,Chelsea,0,-1.0559008442608226,-0.21810325282822696,0.04997024488627311
2026-04-12,Man City,3,1.2984444045266748,-0.1341513046989551,0.39536398627482683
2026-04-12,Crystal Palace,3,1.7414255091103965,0.4322651255037746,0.276403189843645
2026-04-12,Newcastle,0,-1.455519828510182,-0.4174037361410319,-0.10207399693450991
2026-04-12,Nott'm Forest,1,-0.48682908306504036,0.21855528905468802,0.11490751013660816
2026-04-12,Aston Villa,1,-0.22933270855129995,0.34370296874219,0.19794515501099585
2026-04-13,Man United,0,-1.9791315713859141,0.014063390426573008,0.136678011295297
2026-04-13,Leeds,3,2.2109604322423984,0.10843671641507857,1.1103591665480828
2026-04-18,Chelsea,0,-1.6053108232801339,0.2293241237268866,0.6097851424904146
2026-04-18,Man United,3,1.861282936331636,0.03041602709874347,0.6855993265488749
2026-04-18,Brentford,1,-0.6940092971744165,0.06530353642151887,0.7022302601939447
2026-04-18,Fulham,1,-0.05464640135231624,0.08776732402927401,0.31458426109887405
2026-04-18,Leeds,3,0.9140707830564954,0.2652943463077868,0.6379559027013215
2026-04-18,Wolves,0,-0.6838058694977964,0.09784842376183889,0.8797612971226201
2026-04-18,Newcastle,0,-1.5550987798918734,0.00926645470684484,0.27383589284639065
2026-04-18,Bournemouth,3,1.8121204129596735,0.682581263178978,1.0025086725949013
2026-04-18,Tottenham,1,-0.21713297960987066,0.1414032258138196,0.8814418911939512
2026-04-18,Brighton,1,-0.5319029366282069,-0.09334113480536388,0.5735217778664143
2026-04-19,Nott'm Forest,3,0.8444232865322232,0.9443381579948547,0.6358185439395054
2026-04-19,Burnley,0,-0.6293076336502712,0.46898892701453665,0.8200368742909996
2026-04-19,Man City,3,1.197363161496196,0.23280095844202187,1.037167097394203
2026-04-19,Arsenal,0,-0.9343297132133253,0.17717252767551983,0.64961964707779
2026-04-19,Aston Villa,3,1.1055651817487375,0.7910905952148095,0.6073431686430322
2026-04-19,Sunderland,0,-0.8477074134108398,0.044273713667756454,0.30594282018175445
2026-04-19,Everton,0,-1.1685862549044423,0.2579424718031067,0.930851192876867
2026-04-19,Liverpool,3,1.452094671560562,0.028179971210716914,0.26577189492294906
2026-04-20,Crystal Palace,1,-0.40476858345021016,0.5958515453095021,0.524130316601374
2026-04-20,West Ham,1,-0.3113604488078541,0.34184295324900393,0.9208848307280215
2026-04-21,Brighton,3,1.4870258922323303,0.7208390670924096,1.2699051112277857
2026-04-21,Chelsea,0,-1.2125962211336598,0.5854971333380679,1.750091319612073
2026-04-22,Bournemouth,1,-0.7965428780845345,0.9537553554676084,1.0402995825230406
2026-04-22,Leeds,1,0.04617639872953816,0.4335362178371618,0.495316282782186
2026-04-22,Burnley,0,-0.29683153013910357,0.9122452515783657,1.4358716488981234
2026-04-22,Man City,3,0.4136978361669241,1.0277922047961425,0.6855985127452531
2026-04-24,Sunderland,0,-1.3655235406460184,0.3805461507372385,0.44998150191683184
2026-04-24,Nott'm Forest,3,1.669226936809765,0.3259445861630681,0.8839950704436408
2026-04-25,Fulham,3,1.5743869209809263,0.2765452508735917,0.3511682327210002
2026-04-25,Aston Villa,0,-1.3095367847411445,0.3099493064137109,0.24478306707243558
2026-04-25,Liverpool,3,0.9733324494530993,-0.013047889087527409,0.19661096705467607
2026-04-25,Crystal Palace,0,-0.7578176997016906,0.38658181587607565,0.36385754624300404
2026-04-25,West Ham,3,1.55641598330589,0.3322460202648676,0.44939694555507526
2026-04-25,Everton,0,-1.2782732030192863,0.32554338579795505,0.2195881637649988
2026-04-25,Wolves,0,-0.8340963748107242,0.7965196962663805,0.5793089478409161
2026-04-25,Tottenham,3,1.059054066090674,0.19240824494505127,0.16025603611732286
2026-04-25,Arsenal,3,0.7590775895018473,0.16063871375803096,0.0812213081148947
2026-04-25,Newcastle,0,-0.5656771563256466,0.14073326060067703,0.26091541142429264
2026-04-27,Man United,3,1.3056412315441757,0.20011177093030064,0.6589823478666581
2026-04-27,Brentford,0,-1.053098023470151,0.30184614284956,0.7508942944559127
2026-05-01,Leeds,3,0.7173484891114739,-0.16348154227088507,0.5007402234097764
2026-05-01,Burnley,0,-0.525125203984019,0.6237227834616386,1.301168871243056
2026-05-02,Arsenal,3,0.8313312220159439,0.19203167855190273,0.21931719990380394
2026-05-02,Fulham,0,-0.6175603363547014,0.11231564962479101,0.41256150871002717
2026-05-02,Wolves,1,-0.037592157498177015,0.16043404179362586,0.5843949510304345
2026-05-02,Sunderland,1,-0.694806773069756,-0.09189218004017885,0.3146063050937009
2026-05-02,Brentford,3,1.233756173138375,0.08622452170677608,0.8513654383991902
2026-05-02,West Ham,0,-0.989320643528061,-0.17850603312356306,0.6398590421695385
2026-05-02,Newcastle,3,1.6742420602508048,-0.014793425889521039,0.2387185340602347
2026-05-02,Brighton,0,-1.4122423485321673,-0.04955352170582383,0.2375751204408525
2026-05-03,Bournemouth,3,0.9704091068524607,-0.10615233110900846,0.5865830437061446
2026-05-03,Crystal Palace,0,-0.7482223143394661,0.6032114575555614,0.30804934753999014
2026-05-03,Man United,3,1.5414308787698092,0.14595780936940095,0.888199480918022
2026-05-03,Liverpool,0,-1.2871551046681067,-0.2386250739638598,0.2013428789964049
2026-05-03,Aston Villa,0,-1.5251350558072012,0.36615855364733996,0.3502357695390046
2026-05-03,Tottenham,3,1.7907884403334946,-0.2679714108858473,0.046893726308388395
2026-05-04,Chelsea,0,-2.206521289361526,0.05685130011769424,0.5048180413605046
2026-05-04,Nott'm Forest,3,2.404057480980558,0.3758018315388494,0.6580587067596362
2026-05-04,Everton,1,0.3728087211782761,0.08487954013140264,0.9111039497332332
2026-05-04,Man City,1,-1.1683296931413687,-0.09127499609503609,0.31313519813833857
2026-05-09,Man City,3,0.723731587561375,-0.10074050853258676,0.14558850661849831
2026-05-09,Brentford,0,-0.5547454561116376,0.06478077366979917,0.28364933948548376
2026-05-09,Sunderland,1,-0.14878028862419357,-0.015881486761364805,0.24133016980155997
2026-05-09,Man United,1,-0.5828365435094556,0.22852628512277207,0.17654309917316624
2026-05-09,Fulham,0,-1.334565760517539,-0.014899088814359196,0.052859598403435015
2026-05-09,Bournemouth,3,1.5959140814528427,0.16156868220306464,0.5781113322726394
2026-05-09,Brighton,3,0.6043032841184544,-0.021502557425628233,0.25651680874494254
2026-05-09,Wolves,0,-0.4451748934715102,-0.12181442203121318,0.17965117447719336
2026-05-09,Liverpool,1,-0.6764897914015384,-0.037287563362440324,0.03248756580535428
2026-05-09,Chelsea,1,-0.06805732307862566,0.14034218883827876,0.043253750367890476
2026-05-10,Burnley,1,0.3399412027050397,-0.16714051564679,0.29094204674468216
2026-05-10,Aston Villa,1,-1.1264323876616698,1.2849836489563735,0.3103750427089711
2026-05-10,Crystal Palace,1,-0.30696639179999363,0.8043662887610576,0.27119211806648025
2026-05-10,Everton,1,-0.40306021879825216,-0.0844713717203458,0.09334651978636188
2026-05-10,Nott'm Forest,1,-0.13800033495226938,0.3426792936574312,-0.011928941439517615
2026-05-10,Newcastle,1,-0.5881761848936526,-0.12367902010422593,0.020395986736563287
2026-05-10,West Ham,0,-0.7116991643454038,0.15698973074898603,1.177955614061343
2026-05-10,Arsenal,3,0.9390529247910866,0.4302437468211604,0.593833894340408
2026-05-11,Tottenham,1,-0.8139148619978953,-0.4257926114899728,-0.12980471210853928
2026-05-11,Leeds,1,0.06646762355298685,-0.19156957136989927,0.182212791685874
2026-05-13,Man City,3,0.661620977353993,-0.0699372344966438,0.018422668238541107
2026-05-13,Crystal Palace,0,-0.49640941597139454,0.25095571534090233,0.08292093514790189
2026-05-15,Aston Villa,3,1.675027441471846,0.03853290150467181,0.9196679341642504
2026-05-15,Liverpool,0,-1.4006127230131555,-0.18349220725293058,0.27475401408153743
2026-05-17,Newcastle,3,1.3836007537258037,-0.09586913368731764,0.3564493532537405
2026-05-17,West Ham,0,-1.137783360931879,-0.06059085199391312,1.0179182668149007
2026-05-17,Wolves,1,0.044232382769389345,-0.23599545255341692,0.11220626204701034
2026-05-17,Fulham,1,-0.7860726309302899,-0.11552554997119735,0.12090243118670063
2026-05-17,Leeds,3,1.9131096155619067,-0.14637560956965245,0.09026530494998752
2026-05-17,Brighton,0,-1.6443256199870933,-0.12239798943426994,0.0841415230903273
2026-05-17,Brentford,1,-0.8792653418941834,-0.15072559416586806,0.07366068254583613
2026-05-17,Crystal Palace,1,0.1201249833292054,0.019711745763382638,0.17054421745542925
2026-05-17,Man United,3,0.9772664263931246,0.09293224901250419,0.4135194432284557
2026-05-17,Nott'm Forest,0,-0.7643471028555586,-0.4071327332040342,-0.21537624912503972
2026-05-17,Everton,0,-1.7933093559944497,0.12685982458255562,0.23817485225017965
2026-05-17,Sunderland,3,2.0556057959809193,-0.12626402098847045,0.2694512124733386
2026-05-18,Arsenal,3,0.31123723778313916,-0.10552666652852594,2.0527161230398594
2026-05-18,Burnley,0,-0.2179606174516185,-0.10964401294719739,0.4455693214685308
2026-05-19,Bournemouth,1,0.16944749725247288,0.39142639246092337,1.5894561062984458
2026-05-19,Man City,1,-0.9481584221259689,0.7998288185705409,0.9993216966433067
2026-05-19,Chelsea,3,1.4336376784304927,0.7913370443703904,0.8648398953863161
2026-05-19,Tottenham,0,-1.1484894253766922,-0.1671579412431914,0.7747866827457006
2026-05-24,Nott'm Forest,1,-0.051523724366397294,-0.13458425131038432,0.4305089793154995
2026-05-24,Bournemouth,1,-0.694214391463039,0.5995307861287138,1.092223088443296
2026-05-24,West Ham,3,1.1081973311015019,0.21258032076092803,2.073348818012853
2026-05-24,Leeds,0,-0.8789696377923467,0.2551764914992134,0.27130411270091415
2026-05-24,Sunderland,3,1.9082869861652296,0.21045791531608593,1.7580812610898748
2026-05-24,Chelsea,0,-1.650204202559939,0.3594239046072847,0.525864941265084
2026-05-24,Man City,0,-2.2137969001937625,0.5015181593391738,0.8705068054353635
2026-05-24,Aston Villa,3,2.3965271668962167,1.6799452833765471,0.8614947107783735
2026-05-24,Tottenham,3,1.2255138419131864,0.19774143719976678,0.9667779473188958
2026-05-24,Everton,0,-0.9559533938528828,0.23645908546447636,0.5660899022269277
2026-05-24,Fulham,3,1.631595268683826,0.14712003705258336,0.5369827731562191
2026-05-24,Newcastle,0,-1.3727905019270812,0.2976786395729185,0.5435549587028436
2026-05-24,Crystal Palace,0,-0.9681428869855859,0.20238826498435536,0.5546521802650126
2026-05-24,Arsenal,3,1.2252350114894508,1.0448242994818084,1.2688884374486058
2026-05-24,Burnley,1,-0.4526020034204741,0.026924300448658123,0.5636970064476436
2026-05-24,Wolves,1,-0.2729538236012705,0.13846651931214193,0.7478194553078801
2026-05-24,Liverpool,1,-0.8247943712218808,0.45726632342646667,0.7666646250002067
2026-05-24,Brentford,1,0.05632742047368944,0.31515696226151935,0.5624400207150888
2026-05-24,Brighton,0,-1.734239358199126,0.09240788012259316,0.8683719218980972
2026-05-24,Man United,3,1.9640783092857568,0.3808979320381827,0.6115878623642121
2026-08-21,Arsenal,3,0.48587570621468945,0.1938574887564144,0.45318949261835506
2026-08-22,Man United,0,-2.2972427237415984,0.1775247643418787,0.0582349446153021
2026-08-22,Everton,3,1.4943788018726711,0.13266399557060105,0.3999680237784613
2026-08-22,Crystal Palace,0,-1.2126819325456224,0.3280258444264419,0.1641306070081896
2026-08-22,Sunderland,0,-1.415081326513018,0.22387410736790514,0.2551520662975779
2026-08-22,Nott'm Forest,0,-1.4488977955911824,0.26617149943562346,0.2624340730291497
2026-08-22,Leeds,3,1.7434869739478958,0.280191409995755,0.20189226338156097
2026-08-22,Brentford,3,1.334570263499826,0.3884536868193438,1.3262961359911172
2026-08-22,Tottenham,0,-1.0819631616983514,0.4478361700096123,0.3973527148697418
2026-08-23,Newcastle,1,-0.024260129556712418,0.003579024276398002,0.3769355636463345
2026-08-23,Liverpool,1,-0.7278038867013843,0.13638107011795242,0.06996689321576888
2026-08-23,Man City,3,0.8390264069040358,0.39964680849626255,0.38223930426068264
2026-08-23,Bournemouth,0,-0.6418272957469898,0.42114770083580133,0.1872202401335965
2026-08-23,Brighton,3,1.3567820314783114,0.6406091617638427,0.5952910962497864
2026-08-23,Aston Villa,0,-1.0802404709222229,0.5665515580615264,0.3557538149839967
2026-08-24,Fulham,0,-1.061434696225034,0.2188514583581327,0.7310176597168976
2026-08-24,Chelsea,3,1.3307539475060128,-0.1361030062421431,0.2673526345041939
2026-08-28,Crystal Palace,0,-0.7982539348946057,0.05318727241409604,0.486044818876433
2026-08-28,Man City,3,1.0264579416425736,0.41525615999901255,0.32631021675558003
2026-08-29,Liverpool,1,-1.1353782641223713,-0.038222081046901835,0.06311458427887828
2026-08-29,Nott'm Forest,1,0.33574152026752957,0.3400840997259369,0.406973955560213
2026-08-29,Bournemouth,1,-0.5763003362203871,0.06370448266771156,0.13227691445699996
2026-08-29,Everton,1,-0.15010613408531026,0.10475415072505001,0.4639275039350945
2026-08-29,Tottenham,0,-1.5669287968342045,0.3576709507528104,0.49875085598881874
2026-08-29,Newcastle,3,1.822924003003926,-0.03490067803417851,0.3771063472265421
2026-08-30,Chelsea,3,1.2149016581514007,0.13740229594684727,0.24547577759407702
2026-08-30,Brighton,0,-0.9696516607352641,0.3830575859828258,0.49964406950440754
2026-08-30,Leeds,1,-0.307539359170768,-0.122820682657661,-0.13165799386524846
2026-08-30,Brentford,1,-0.41559372860914623,0.32353574077531366,0.2323274026829294
2026-08-30,Sunderland,3,1.437332030295627,0.21035780658745828,0.04344170814948889
2026-08-30,Fulham,0,-1.1503905172481734,-0.05904362163120602,-0.2170673965166614
2026-08-30,Man United,3,0.7172112919927351,-0.1543989987518657,0.06399390601607813
2026-08-31,Aston Villa,0,-0.6467124631992148,0.776923978381852,0.8510261645016097
2026-08-31,Arsenal,3,0.8606476938174685,0.014448225342929888,0.6666081951825031
2026-09-04,Liverpool,3,1.023402340234023,0.2792827850545656,-0.09471434828014225
2026-09-05,Newcastle,1,-0.5987206823027718,-0.12854655289501515,-0.4384488548950234
2026-09-05,Bournemouth,1,-0.1413646055437099,-0.1624802038685491,-0.2204345605579583
2026-09-05,Brentford,1,-0.9312174985257062,0.017721896008004556,0.007583245875246725
2026-09-05,Sunderland,1,0.17589663861041127,0.33854877532784755,-0.062245147508809495
2026-09-05,Brighton,1,-0.7203028222429122,0.19113373256485566,0.004680107755822505
2026-09-05,Leeds,1,-0.019573446256600846,-0.05805258612687325,-0.3765869996344158
2026-09-05,Fulham,0,-1.5938900015049255,-0.08471467082949147,0.10466851098389895
2026-09-05,Crystal Palace,3,1.8731116076079783,0.15077674372923333,0.0612277217151771
2026-09-05,Man City,3,0.48263279422044514,0.4969939188504586,-0.14731236341278553
2026-09-05,Nott'm Forest,1,-0.3539784212961836,-0.13618248467873606,-0.3351011834303481
2026-09-05,Tottenham,1,-0.36632650576000403,0.2610248906933137,-0.17404982471548358
2026-09-05,Aston Villa,1,-0.7556771749089919,0.09229459517254845,-0.14694727690679343
2026-09-06,Everton,1,-0.023019634394042088,0.4846958856424042,0.4053248225030117
2026-09-06,Man United,1,-0.7298578199052137,-0.2975114095382576,-0.4538191939745282
2026-09-06,Arsenal,3,1.0882442469256057,0.03332049923059621,0.09605889949869706
2026-09-06,Chelsea,0,-0.8429623767198344,-0.1469222609826364,-0.3571644444494346
2026-09-12,Sunderland,0,-0.7369727047146402,-0.3885402155997708,0.3095355810846758
2026-09-12,Arsenal,3,0.9915632754342436,-0.247305498697445,-0.12847050068683075
2026-09-12,Tottenham,1,-0.6907378335949765,-0.7873493511338925,-0.390923231608971
2026-09-12,Everton,1,-0.049148653544258014,-0.4341269649671098,-0.3496549634794004
2026-09-12,Liverpool,1,-1.0943087250893004,-0.2434383364172099,-0.5626542126925145
2026-09-12,Fulham,1,0.3004414736217116,-0.6668862288498385,-0.34179944485480984
2026-09-12,Crystal Palace,0,-1.6109843992336463,-0.6789916346123244,-0.3620630404123162
2026-09-12,Chelsea,1,-1.4804765651343148,-0.5315702314096793,-0.6458731790859762
2026-09-12,Bournemouth,1,-0.5002664624445856,-0.6003947155063258,-0.44690496794778234
2026-09-12,Brentford,1,-0.23666996948511576,-0.7623160300320384,-0.3078370420622578
2026-09-12,Aston Villa,0,-1.5565467019786956,-0.8403523160628676,-0.7614009392959051
2026-09-12,Nott'm Forest,3,1.8327684188765938,-0.533775401982358,-0.25244958563138553
2026-09-13,Brighton,3,1.2648068987670182,-0.8113802416442466,-0.20249662226235543
2026-09-13,Man United,0,-1.2108764601222246,-0.28126013734177135,-0.3912829708976524
2026-09-13,Man City,3,1.4619014465846678,-0.7075931135031599,-0.3862513113142363
2026-09-14,Leeds,3,1.4959319821039054,-0.5051259381861692,0.3445674807432155
2026-09-14,Newcastle,0,-1.2231120734949927,-0.6611111344150284,-0.43540487283337903
2026-09-18,Brentford,3,1.6192920121068561,-0.4585719807314588,1.196781773243755
2026-09-18,Chelsea,0,-1.3589946045532306,-0.6739958600700042,-0.5192687488521059
2026-09-19,Tottenham,0,-1.7529513870734996,-0.6691663075549261,-0.26002914417641776
2026-09-19,Aston Villa,3,2.0039421538590236,-0.8307935473963397,-0.6957211878561456
2026-09-19,Brighton,3,2.178234790059983,0.3117464102366476,1.1846803254818585
2026-09-19,Arsenal,0,-1.9323050556983716,-0.41224851161271125,-0.6318125503092826
2026-09-19,Everton,3,1.1287461025277554,-0.38064713742616796,-0.4519460069488659
2026-09-19,Newcastle,3,1.000197178701414,-0.8297975500981538,-0.590239387120377
2026-09-19,Nott'm Forest,0,-1.9765700312380736,-0.6951479033874817,-0.47688806939937045
2026-09-20,Leeds,1,-0.9466801892775827,-0.29720866114753974,-0.3524214697014223
2026-09-20,Crystal Palace,1,0.1858725737484035,-0.238710883025135,-0.7458568242754895
2026-09-20,Man City,3,0.6987524735989341,-0.5220661435961436,-0.7199174023116992
2026-09-20,Sunderland,0,-0.5163945974678033,-0.09239985055264022,-0.14484743012473977
2026-09-20,Bournemouth,0,-1.1679151518422706,0.22931451677390058,-0.3251898231623249
2026-09-20,Liverpool,3,1.4257019596655112,-0.5898147436347223,-0.5442224077307163
2026-09-20,Fulham,1,-0.06422829581993561,-0.4609168498078038,-0.18829493648428652
2026-09-20,Man United,1,-0.6832797427652735,-0.2858663571434068,-0.43850227608141346
