mint,symbol,night,asof,source,count,authors,first_seen,shill_share,max_followers,paid,cost_usd,detail,pulled_at
82ezhRLKdKwkSC9jkM3js1yf93VbmvLXNMPkBmompump,SI,2026-09-24T07:32:26Z,2026-09-24T07:32:26Z,dexpaid,5,,,,,"boost,tokenProfile",,"orders 1 paid-before-asof 1, boosts 4 (boost times not given)",2026-09-30T10:53:34Z
82ezhRLKdKwkSC9jkM3js1yf93VbmvLXNMPkBmompump,SI,2026-09-24T07:32:26Z,2026-09-24T07:32:26Z,reddit,0,0,,,,,,,2026-09-30T10:53:52Z
82ezhRLKdKwkSC9jkM3js1yf93VbmvLXNMPkBmompump,SI,2026-09-24T07:32:26Z,2026-09-24T07:32:26Z,x,0,0,,0.0,,,0.0897,no matching posts for exact contract,2026-09-30T10:53:58Z
BDKC1AV3saXrN8jKnWB2TTQmDD6z8CFdY55ku7eAfunk,FUNKOS,2026-09-24T07:32:26Z,2026-09-24T07:32:26Z,dexpaid,1,,,,,tokenProfile,,"orders 1 paid-before-asof 1, boosts 0 (boost times not given)",2026-09-30T10:53:58Z
BDKC1AV3saXrN8jKnWB2TTQmDD6z8CFdY55ku7eAfunk,FUNKOS,2026-09-24T07:32:26Z,2026-09-24T07:32:26Z,reddit,0,0,,,,,,,2026-09-30T10:53:58Z
BDKC1AV3saXrN8jKnWB2TTQmDD6z8CFdY55ku7eAfunk,FUNKOS,2026-09-24T07:32:26Z,2026-09-24T07:32:26Z,x,0,0,,0.0,,,0.0014,no matching posts,2026-09-30T10:54:02Z
2PENPmfgJfq6CG3k4byj4oWwHf8SerqakmYHMkUupump,familiars,2026-09-24T07:32:26Z,2026-09-24T07:32:26Z,dexpaid,1,,,,,tokenProfile,,"orders 1 paid-before-asof 1, boosts 0 (boost times not given)",2026-09-30T10:54:02Z
2PENPmfgJfq6CG3k4byj4oWwHf8SerqakmYHMkUupump,familiars,2026-09-24T07:32:26Z,2026-09-24T07:32:26Z,reddit,0,0,,,,,,,2026-09-30T10:54:02Z
2PENPmfgJfq6CG3k4byj4oWwHf8SerqakmYHMkUupump,familiars,2026-09-24T07:32:26Z,2026-09-24T07:32:26Z,x,9,6,2026-09-23T23:42:12.000Z,0.89,,,0.1303,All 9 posts explicitly reference the exact CA or $familiars ticker + Solana context; majority are profit/update shills/calls from callers.,2026-09-30T10:54:08Z
7GUnr7krtQhJwd6ASY2VUprd9t4c64zcgCsjdmZepump,NPC,2026-09-24T07:32:26Z,2026-09-24T07:32:26Z,dexpaid,3,,,,,"boost,tokenProfile",,"orders 1 paid-before-asof 1, boosts 2 (boost times not given)",2026-09-30T10:54:09Z
7GUnr7krtQhJwd6ASY2VUprd9t4c64zcgCsjdmZepump,NPC,2026-09-24T07:32:26Z,2026-09-24T07:32:26Z,reddit,0,0,,,,,,,2026-09-30T10:54:09Z
7GUnr7krtQhJwd6ASY2VUprd9t4c64zcgCsjdmZepump,NPC,2026-09-24T07:32:26Z,2026-09-24T07:32:26Z,x,4,3,2026-09-23T10:35:07Z,0.5,,,0.0297,4 qualifying mentions of $NPC in Solana context; 2 appear promotional/shill-like (bags + calls to enter); address rarely used directly,2026-09-30T10:54:16Z
HSUMi4rMgjrx7zRUabw3ogGu1pa5hmF2eVcXj9Apump,goon,2026-09-24T07:32:26Z,2026-09-24T07:32:26Z,dexpaid,2,,,,,"boost,tokenProfile",,"orders 1 paid-before-asof 1, boosts 1 (boost times not given)",2026-09-30T10:54:16Z
HSUMi4rMgjrx7zRUabw3ogGu1pa5hmF2eVcXj9Apump,goon,2026-09-24T07:32:26Z,2026-09-24T07:32:26Z,reddit,0,0,,,,,,,2026-09-30T10:54:16Z
HSUMi4rMgjrx7zRUabw3ogGu1pa5hmF2eVcXj9Apump,goon,2026-09-24T07:32:26Z,2026-09-24T07:32:26Z,x,7,2,2026-09-23T23:52:37Z,1.0,2027,,0.1447,7 unique qualifying posts (profit updates + 1 early call); all explicitly reference the exact CA or $GOON on Solana; duplicates across the 2 searches excluded,2026-09-30T10:54:24Z
MboMMGXjGDi45hfjCVzYru32kEM5nw7VzCqCofZpump,KCAT,2026-09-24T07:32:26Z,2026-09-24T07:32:26Z,dexpaid,2,,,,,"boost,tokenProfile",,"orders 1 paid-before-asof 1, boosts 1 (boost times not given)",2026-09-30T10:54:25Z
MboMMGXjGDi45hfjCVzYru32kEM5nw7VzCqCofZpump,KCAT,2026-09-24T07:32:26Z,2026-09-24T07:32:26Z,reddit,0,0,,,,,,,2026-09-30T10:54:25Z
MboMMGXjGDi45hfjCVzYru32kEM5nw7VzCqCofZpump,KCAT,2026-09-24T07:32:26Z,2026-09-24T07:32:26Z,x,5,4,2026-09-23T22:04:24Z,1.0,2457,,0.0978,All 5 posts are promotional calls/shills for the exact token; no unrelated mentions found in the window.,2026-09-30T10:54:30Z
4WECKfvfgEiojyZJq5Xm12Hvk76rhM4VHQAZGaELpump,JEANCOIN,2026-09-24T07:32:26Z,2026-09-24T07:32:26Z,dexpaid,2,,,,,"boost,tokenProfile",,"orders 1 paid-before-asof 1, boosts 1 (boost times not given)",2026-09-30T10:54:30Z
4WECKfvfgEiojyZJq5Xm12Hvk76rhM4VHQAZGaELpump,JEANCOIN,2026-09-24T07:32:26Z,2026-09-24T07:32:26Z,reddit,0,0,,,,,,,2026-09-30T10:54:30Z
4WECKfvfgEiojyZJq5Xm12Hvk76rhM4VHQAZGaELpump,JEANCOIN,2026-09-24T07:32:26Z,2026-09-24T07:32:26Z,x,12,10,2026-09-23T21:45:59Z,0.75,,,0.1007,"12 qualifying posts (exact CA or $JEANCOIN + Solana context) from 10 authors in the 24h window; 9 are clear shill/call/promotional (performance boasts, alpha TG promos, vote/airdrops), 3 adjacent ment",2026-09-30T10:54:37Z
8Vte25yt28L8BfLXm8DrzjSYEyaKX8yry6hRKRmX7FGd,UPTOBER,2026-09-24T07:32:26Z,2026-09-24T07:32:26Z,dexpaid,7,,,,,"boost,tokenProfile",,"orders 1 paid-before-asof 1, boosts 6 (boost times not given)",2026-09-30T10:54:37Z
8Vte25yt28L8BfLXm8DrzjSYEyaKX8yry6hRKRmX7FGd,UPTOBER,2026-09-24T07:32:26Z,2026-09-24T07:32:26Z,reddit,0,0,,,,,,,2026-09-30T10:54:37Z
8Vte25yt28L8BfLXm8DrzjSYEyaKX8yry6hRKRmX7FGd,UPTOBER,2026-09-24T07:32:26Z,2026-09-24T07:32:26Z,x,5,5,2026-09-23T22:44:11Z,1.0,,,0.0778,5 relevant posts (exact CA or $UPTOBER+Solana ref); all promotional/vote/call-to-action style; 2nd search added 3 new qualifying posts (1 duplicate filtered),2026-09-30T10:54:43Z
6TfTBpkgRX5kzb1qbtijV1nZVTfzfbmbXE1hPsFrpump,Agrippa,2026-09-24T22:23:33Z,2026-09-24T22:23:33Z,dexpaid,1,,,,,tokenProfile,,"orders 1 paid-before-asof 1, boosts 0 (boost times not given)",2026-09-30T10:54:43Z
6TfTBpkgRX5kzb1qbtijV1nZVTfzfbmbXE1hPsFrpump,Agrippa,2026-09-24T22:23:33Z,2026-09-24T22:23:33Z,reddit,0,0,,,,,,,2026-09-30T10:56:06Z
6TfTBpkgRX5kzb1qbtijV1nZVTfzfbmbXE1hPsFrpump,Agrippa,2026-09-24T22:23:33Z,2026-09-24T22:23:33Z,x,8,7,2026-09-23T06:11:53Z,0.5,,,0.1129,Only clear Solana-specific refs to given CA or $Agrippa on Sol; many RH/Muse mentions excluded,2026-09-30T10:56:13Z
8LHgAXXPbMVqd3wmAQbTu4NxuRRe3qowgUSLiKmFpump,dap,2026-09-24T22:23:33Z,2026-09-24T22:23:33Z,dexpaid,2,,,,,"boost,tokenProfile",,"orders 1 paid-before-asof 1, boosts 1 (boost times not given)",2026-09-30T10:56:14Z
8LHgAXXPbMVqd3wmAQbTu4NxuRRe3qowgUSLiKmFpump,dap,2026-09-24T22:23:33Z,2026-09-24T22:23:33Z,reddit,0,0,,,,,,,2026-09-30T10:56:14Z
8LHgAXXPbMVqd3wmAQbTu4NxuRRe3qowgUSLiKmFpump,dap,2026-09-24T22:23:33Z,2026-09-24T22:23:33Z,x,0,0,,0.0,,,0.0016,no matching posts,2026-09-30T10:56:19Z
DmQDfFpbKHna4MgtsZgBQYmyMSNJjvLAj6XjduqRpump,TRUMP,2026-09-25T22:23:35Z,2026-09-25T22:23:35Z,dexpaid,2,,,,,"boost,tokenProfile",,"orders 1 paid-before-asof 1, boosts 1 (boost times not given)",2026-09-30T10:56:19Z
DmQDfFpbKHna4MgtsZgBQYmyMSNJjvLAj6XjduqRpump,TRUMP,2026-09-25T22:23:35Z,2026-09-25T22:23:35Z,reddit,0,0,,,,,,,2026-09-30T10:56:55Z
DmQDfFpbKHna4MgtsZgBQYmyMSNJjvLAj6XjduqRpump,TRUMP,2026-09-25T22:23:35Z,2026-09-25T22:23:35Z,x,0,0,,0.0,,,0.1479,no qualifying posts,2026-09-30T10:57:01Z
CbcyNo7m1amFWqEQm2m4PLv1UNvpcL3C1Ujm6AkzpKoU,e/acc,2026-09-25T22:23:35Z,2026-09-25T22:23:35Z,dexpaid,2,,,,,"boost,tokenProfile",,"orders 1 paid-before-asof 1, boosts 1 (boost times not given)",2026-09-30T10:57:01Z
CbcyNo7m1amFWqEQm2m4PLv1UNvpcL3C1Ujm6AkzpKoU,e/acc,2026-09-25T22:23:35Z,2026-09-25T22:23:35Z,reddit,0,0,,,,,,,2026-09-30T10:57:01Z
CbcyNo7m1amFWqEQm2m4PLv1UNvpcL3C1Ujm6AkzpKoU,e/acc,2026-09-25T22:23:35Z,2026-09-25T22:23:35Z,x,0,0,,0.0,,,0.1192,no matching Solana token posts found in timeframe,2026-09-30T10:57:10Z
5g9PWcRUHpmqm5uKycpShKXJB18sGLeCEzgB3qrRpump,SWARM,2026-09-25T22:23:35Z,2026-09-25T22:23:35Z,dexpaid,3,,,,,"boost,tokenProfile",,"orders 1 paid-before-asof 1, boosts 2 (boost times not given)",2026-09-30T10:57:11Z
5g9PWcRUHpmqm5uKycpShKXJB18sGLeCEzgB3qrRpump,SWARM,2026-09-25T22:23:35Z,2026-09-25T22:23:35Z,reddit,0,0,,,,,,,2026-09-30T10:57:11Z
5g9PWcRUHpmqm5uKycpShKXJB18sGLeCEzgB3qrRpump,SWARM,2026-09-25T22:23:35Z,2026-09-25T22:23:35Z,x,0,0,,0.0,,,0.0018,no matching posts in window,2026-09-30T10:57:15Z
5NhN6zzDkzwXFGPFqtpTopV4ttBeZ6CWy1oRL9Rkpump,Bagwork,2026-09-25T22:23:35Z,2026-09-25T22:23:35Z,dexpaid,2,,,,,"boost,tokenProfile",,"orders 1 paid-before-asof 1, boosts 1 (boost times not given)",2026-09-30T10:57:15Z
5NhN6zzDkzwXFGPFqtpTopV4ttBeZ6CWy1oRL9Rkpump,Bagwork,2026-09-25T22:23:35Z,2026-09-25T22:23:35Z,reddit,0,0,,,,,,,2026-09-30T10:57:15Z
5NhN6zzDkzwXFGPFqtpTopV4ttBeZ6CWy1oRL9Rkpump,Bagwork,2026-09-25T22:23:35Z,2026-09-25T22:23:35Z,x,5,5,2026-09-24T07:33:25Z,1.0,,,0.0294,all 5 posts are coordinated voting/promotion for a different but similar ticker/contract (7Pnqg1S6MYrL6AP1ZXcToTHfdBbTB77ze6Y33qBBpump); no mentions of the queried address or clear Solana confirmation,2026-09-30T10:57:21Z
pwfAeX3kpWpkuumA6iodJxtVcGAen6BkRPToR2VqLp9,AMERICA,2026-09-25T22:23:35Z,2026-09-25T22:23:35Z,dexpaid,2,,,,,"boost,tokenProfile",,"orders 1 paid-before-asof 1, boosts 1 (boost times not given)",2026-09-30T10:57:21Z
pwfAeX3kpWpkuumA6iodJxtVcGAen6BkRPToR2VqLp9,AMERICA,2026-09-25T22:23:35Z,2026-09-25T22:23:35Z,reddit,0,0,,,,,,,2026-09-30T10:57:21Z
pwfAeX3kpWpkuumA6iodJxtVcGAen6BkRPToR2VqLp9,AMERICA,2026-09-25T22:23:35Z,2026-09-25T22:23:35Z,x,0,0,,0.0,,,0.0025,no qualifying posts,2026-09-30T10:57:26Z
4G5YDqDvwgwSS3nLPDGDpGuetbG7rZYzNSBb1U4Tqbzi,ARENA,2026-09-25T22:23:35Z,2026-09-25T22:23:35Z,dexpaid,9,,,,,"boost,tokenProfile",,"orders 1 paid-before-asof 1, boosts 8 (boost times not given)",2026-09-30T10:57:27Z
4G5YDqDvwgwSS3nLPDGDpGuetbG7rZYzNSBb1U4Tqbzi,ARENA,2026-09-25T22:23:35Z,2026-09-25T22:23:35Z,reddit,0,0,,,,,,,2026-09-30T10:57:27Z
4G5YDqDvwgwSS3nLPDGDpGuetbG7rZYzNSBb1U4Tqbzi,ARENA,2026-09-25T22:23:35Z,2026-09-25T22:23:35Z,x,2,2,2026-09-24T22:49:10Z,1.0,,,0.0401,only 2 qualifying posts found; both promotional shill/alpha calls for the Solana memecoin,2026-09-30T10:57:35Z
nDZknLvfFRp5rgUHdzTrQsmSY5NKzoavqdLjSHVpump,COLLECT,2026-09-25T22:23:35Z,2026-09-25T22:23:35Z,dexpaid,1,,,,,tokenProfile,,"orders 1 paid-before-asof 1, boosts 0 (boost times not given)",2026-09-30T10:57:35Z
nDZknLvfFRp5rgUHdzTrQsmSY5NKzoavqdLjSHVpump,COLLECT,2026-09-25T22:23:35Z,2026-09-25T22:23:35Z,reddit,0,0,,,,,,,2026-09-30T10:57:35Z
nDZknLvfFRp5rgUHdzTrQsmSY5NKzoavqdLjSHVpump,COLLECT,2026-09-25T22:23:35Z,2026-09-25T22:23:35Z,x,0,0,,0.0,,,0.0015,no matching posts,2026-09-30T10:57:39Z
5iqjhP5ig6JWdXQf6hYAwojZeMf11pTCvH87gCQtpump,TTP,2026-09-25T22:23:35Z,2026-09-25T22:23:35Z,dexpaid,1,,,,,tokenProfile,,"orders 1 paid-before-asof 1, boosts 0 (boost times not given)",2026-09-30T10:57:39Z
5iqjhP5ig6JWdXQf6hYAwojZeMf11pTCvH87gCQtpump,TTP,2026-09-25T22:23:35Z,2026-09-25T22:23:35Z,reddit,0,0,,,,,,,2026-09-30T10:57:39Z
5iqjhP5ig6JWdXQf6hYAwojZeMf11pTCvH87gCQtpump,TTP,2026-09-25T22:23:35Z,2026-09-25T22:23:35Z,x,1,1,2026-09-24T18:24:35Z,1.0,,,0.0472,only 1 matching post found,2026-09-30T10:57:48Z
EGRv76STtVdNNwKdyMkQLQquYggcMuToXy92qS9pump,GHOSTGUY,2026-09-25T22:23:35Z,2026-09-25T22:23:35Z,dexpaid,2,,,,,"boost,tokenProfile",,"orders 1 paid-before-asof 1, boosts 1 (boost times not given)",2026-09-30T10:57:48Z
EGRv76STtVdNNwKdyMkQLQquYggcMuToXy92qS9pump,GHOSTGUY,2026-09-25T22:23:35Z,2026-09-25T22:23:35Z,reddit,0,0,,,,,,,2026-09-30T10:57:48Z
EGRv76STtVdNNwKdyMkQLQquYggcMuToXy92qS9pump,GHOSTGUY,2026-09-25T22:23:35Z,2026-09-25T22:23:35Z,x,0,0,,0.0,,,0.003,no matching posts,2026-09-30T10:57:52Z
GgsSaetRZNCuP9HEWjbojtVWByRWFxpr93S1wtGFpump,BLUEPRINT,2026-09-25T22:23:35Z,2026-09-25T22:23:35Z,dexpaid,2,,,,,"boost,tokenProfile",,"orders 1 paid-before-asof 1, boosts 1 (boost times not given)",2026-09-30T10:57:52Z
GgsSaetRZNCuP9HEWjbojtVWByRWFxpr93S1wtGFpump,BLUEPRINT,2026-09-25T22:23:35Z,2026-09-25T22:23:35Z,reddit,0,0,,,,,,,2026-09-30T10:57:52Z
GgsSaetRZNCuP9HEWjbojtVWByRWFxpr93S1wtGFpump,BLUEPRINT,2026-09-25T22:23:35Z,2026-09-25T22:23:35Z,x,0,0,,0,,,0.0018,no qualifying posts,2026-09-30T10:57:56Z
BYPmzwqUT8NcDTWeGFbMQqafg7JHvLxfepjfF4Ahpump,VSOF,2026-09-25T22:23:35Z,2026-09-25T22:23:35Z,dexpaid,0,,,,,,,"orders 0 paid-before-asof 0, boosts 0 (boost times not given)",2026-09-30T10:57:56Z
BYPmzwqUT8NcDTWeGFbMQqafg7JHvLxfepjfF4Ahpump,VSOF,2026-09-25T22:23:35Z,2026-09-25T22:23:35Z,reddit,0,0,,,,,,,2026-09-30T10:57:56Z
BYPmzwqUT8NcDTWeGFbMQqafg7JHvLxfepjfF4Ahpump,VSOF,2026-09-25T22:23:35Z,2026-09-25T22:23:35Z,x,0,0,,0.0,,,0.0582,no matching posts for exact CA; $VSOF posts refer to different Solana contracts,2026-09-30T10:58:01Z
3znS89gifim2Hhhu8wjb2PfSgaCDdma187D5NMkDpump,BRAIN,2026-09-25T22:23:35Z,2026-09-25T22:23:35Z,dexpaid,3,,,,,"boost,tokenProfile",,"orders 1 paid-before-asof 1, boosts 2 (boost times not given)",2026-09-30T10:58:02Z
3znS89gifim2Hhhu8wjb2PfSgaCDdma187D5NMkDpump,BRAIN,2026-09-25T22:23:35Z,2026-09-25T22:23:35Z,reddit,0,0,,,,,,,2026-09-30T10:58:02Z
3znS89gifim2Hhhu8wjb2PfSgaCDdma187D5NMkDpump,BRAIN,2026-09-25T22:23:35Z,2026-09-25T22:23:35Z,x,8,5,2026-09-24T08:23:52Z,0.12,,,0.0615,Only counted clear Solana $BRAIN (fly neuron NFT-like) posts; excluded ambiguous ticker mentions. 1/8 is promotional.,2026-09-30T10:58:09Z
9EwEYhqzRHmE87ypWKUU1zZKP8uMeGdunmJ4etTmpump,JEANWORK,2026-09-25T22:23:35Z,2026-09-25T22:23:35Z,dexpaid,2,,,,,"boost,tokenProfile",,"orders 1 paid-before-asof 1, boosts 1 (boost times not given)",2026-09-30T10:58:09Z
9EwEYhqzRHmE87ypWKUU1zZKP8uMeGdunmJ4etTmpump,JEANWORK,2026-09-25T22:23:35Z,2026-09-25T22:23:35Z,reddit,0,0,,,,,,,2026-09-30T10:58:09Z
9EwEYhqzRHmE87ypWKUU1zZKP8uMeGdunmJ4etTmpump,JEANWORK,2026-09-25T22:23:35Z,2026-09-25T22:23:35Z,x,0,0,,0.0,,,0.0018,no matching posts,2026-09-30T10:58:14Z
9NPmnDgL39NmoivaE1XfiFWm7o61repcfkVyvyv9pump,merci,2026-09-25T22:23:35Z,2026-09-25T22:23:35Z,dexpaid,2,,,,,"boost,tokenProfile",,"orders 1 paid-before-asof 1, boosts 1 (boost times not given)",2026-09-30T10:58:14Z
9NPmnDgL39NmoivaE1XfiFWm7o61repcfkVyvyv9pump,merci,2026-09-25T22:23:35Z,2026-09-25T22:23:35Z,reddit,0,0,,,,,,,2026-09-30T10:58:14Z
9NPmnDgL39NmoivaE1XfiFWm7o61repcfkVyvyv9pump,merci,2026-09-25T22:23:35Z,2026-09-25T22:23:35Z,x,0,0,,0.0,,,0.0016,no qualifying posts found,2026-09-30T10:58:18Z
DRKGYsGALqr5p2aTcGLK9zqiPB5wk7JV78bJv4mPpump,SPLIT,2026-09-26T22:23:39Z,2026-09-26T22:23:39Z,dexpaid,1,,,,,tokenProfile,,"orders 1 paid-before-asof 1, boosts 0 (boost times not given)",2026-09-30T10:58:18Z
DRKGYsGALqr5p2aTcGLK9zqiPB5wk7JV78bJv4mPpump,SPLIT,2026-09-26T22:23:39Z,2026-09-26T22:23:39Z,reddit,0,0,,,,,,,2026-09-30T10:59:04Z
DRKGYsGALqr5p2aTcGLK9zqiPB5wk7JV78bJv4mPpump,SPLIT,2026-09-26T22:23:39Z,2026-09-26T22:23:39Z,x,0,0,,0.0,,,0.0017,no matching posts in timeframe,2026-09-30T10:59:09Z
5wW9mhbwq1HTFh341iimpmrqBB4mfxdXiYhdYBL7hUnp,KARDASHEV,2026-09-26T22:23:39Z,2026-09-26T22:23:39Z,dexpaid,1,,,,,tokenProfile,,"orders 1 paid-before-asof 1, boosts 0 (boost times not given)",2026-09-30T10:59:09Z
5wW9mhbwq1HTFh341iimpmrqBB4mfxdXiYhdYBL7hUnp,KARDASHEV,2026-09-26T22:23:39Z,2026-09-26T22:23:39Z,reddit,0,0,,,,,,,2026-09-30T10:59:09Z
5wW9mhbwq1HTFh341iimpmrqBB4mfxdXiYhdYBL7hUnp,KARDASHEV,2026-09-26T22:23:39Z,2026-09-26T22:23:39Z,x,0,0,,0.0,,,0.0016,no matching posts,2026-09-30T10:59:13Z
GDT8UZGGuaa9YAevWxh7yBcNvj4otQUv4xf6j4RsForK,FORK,2026-09-26T22:23:39Z,2026-09-26T22:23:39Z,dexpaid,1,,,,,tokenProfile,,"orders 1 paid-before-asof 1, boosts 0 (boost times not given)",2026-09-30T10:59:14Z
GDT8UZGGuaa9YAevWxh7yBcNvj4otQUv4xf6j4RsForK,FORK,2026-09-26T22:23:39Z,2026-09-26T22:23:39Z,reddit,0,0,,,,,,,2026-09-30T10:59:14Z
GDT8UZGGuaa9YAevWxh7yBcNvj4otQUv4xf6j4RsForK,FORK,2026-09-26T22:23:39Z,2026-09-26T22:23:39Z,x,0,0,,0,,,0.0031,no matching posts in window,2026-09-30T10:59:29Z
J6rYa7tX5UeFs3dSKiSLjgq4RE7ywaorkSSjpykqSiSL,RELOOT,2026-09-26T22:23:39Z,2026-09-26T22:23:39Z,dexpaid,1,,,,,tokenProfile,,"orders 1 paid-before-asof 1, boosts 0 (boost times not given)",2026-09-30T10:59:29Z
J6rYa7tX5UeFs3dSKiSLjgq4RE7ywaorkSSjpykqSiSL,RELOOT,2026-09-26T22:23:39Z,2026-09-26T22:23:39Z,reddit,0,0,,,,,,,2026-09-30T10:59:29Z
J6rYa7tX5UeFs3dSKiSLjgq4RE7ywaorkSSjpykqSiSL,RELOOT,2026-09-26T22:23:39Z,2026-09-26T22:23:39Z,x,0,0,,0.0,,,0.0016,no matching posts,2026-09-30T10:59:33Z
777XNvfVmvumMEc6M9yxJQJQnQtjbUYJyx53cqrwo777,7,2026-09-26T22:23:39Z,2026-09-26T22:23:39Z,dexpaid,1,,,,,tokenProfile,,"orders 1 paid-before-asof 1, boosts 0 (boost times not given)",2026-09-30T10:59:34Z
777XNvfVmvumMEc6M9yxJQJQnQtjbUYJyx53cqrwo777,7,2026-09-26T22:23:39Z,2026-09-26T22:23:39Z,reddit,0,0,,,,,,,2026-09-30T10:59:34Z
777XNvfVmvumMEc6M9yxJQJQnQtjbUYJyx53cqrwo777,7,2026-09-26T22:23:39Z,2026-09-26T22:23:39Z,x,0,0,,0.0,,,0.0711,No posts mention the exact CA or ticker $7 in context of this Solana token,2026-09-30T10:59:42Z
CMuvWQ6qQbSt7NUQdPGcVKCoDgETieuqS68qu6BaeVgR,Cream,2026-09-26T22:23:39Z,2026-09-26T22:23:39Z,dexpaid,1,,,,,tokenProfile,,"orders 1 paid-before-asof 1, boosts 0 (boost times not given)",2026-09-30T10:59:42Z
CMuvWQ6qQbSt7NUQdPGcVKCoDgETieuqS68qu6BaeVgR,Cream,2026-09-26T22:23:39Z,2026-09-26T22:23:39Z,reddit,0,0,,,,,,,2026-09-30T10:59:42Z
CMuvWQ6qQbSt7NUQdPGcVKCoDgETieuqS68qu6BaeVgR,Cream,2026-09-26T22:23:39Z,2026-09-26T22:23:39Z,x,0,0,,0,,,0.0016,no qualifying posts,2026-09-30T10:59:47Z
ehegfG1UQEFSYKcV6ReiMupjheDm22FoQQukiDspump,VSOF,2026-09-26T22:23:39Z,2026-09-26T22:23:39Z,dexpaid,0,,,,,,,"orders 0 paid-before-asof 0, boosts 0 (boost times not given)",2026-09-30T10:59:47Z
ehegfG1UQEFSYKcV6ReiMupjheDm22FoQQukiDspump,VSOF,2026-09-26T22:23:39Z,2026-09-26T22:23:39Z,reddit,0,0,,,,,,,2026-09-30T10:59:47Z
ehegfG1UQEFSYKcV6ReiMupjheDm22FoQQukiDspump,VSOF,2026-09-26T22:23:39Z,2026-09-26T22:23:39Z,x,4,4,2026-09-25T00:27:45Z,1.0,,,0.0236,Only $VSOF + Solana mentions found; all have different CA; no exact token match,2026-09-30T10:59:52Z
pVhz9wZiepvcQsPNFS5L8wSf2RiPH5TojPPL4qspump,WAIF,2026-09-26T22:23:39Z,2026-09-26T22:23:39Z,dexpaid,0,,,,,,,"orders 0 paid-before-asof 0, boosts 0 (boost times not given)",2026-09-30T10:59:53Z
pVhz9wZiepvcQsPNFS5L8wSf2RiPH5TojPPL4qspump,WAIF,2026-09-26T22:23:39Z,2026-09-26T22:23:39Z,reddit,0,0,,,,,,,2026-09-30T10:59:53Z
pVhz9wZiepvcQsPNFS5L8wSf2RiPH5TojPPL4qspump,WAIF,2026-09-26T22:23:39Z,2026-09-26T22:23:39Z,x,0,0,,0.0,,,0.0017,no matching posts,2026-09-30T10:59:57Z
WJoCm62bzS94tWSexdnzC3Gn7N9PcUxzKGyEX8Dpump,OURA,2026-09-26T22:23:39Z,2026-09-26T22:23:39Z,dexpaid,0,,,,,,,"orders 0 paid-before-asof 0, boosts 0 (boost times not given)",2026-09-30T10:59:57Z
WJoCm62bzS94tWSexdnzC3Gn7N9PcUxzKGyEX8Dpump,OURA,2026-09-26T22:23:39Z,2026-09-26T22:23:39Z,reddit,0,0,,,,,,,2026-09-30T10:59:57Z
WJoCm62bzS94tWSexdnzC3Gn7N9PcUxzKGyEX8Dpump,OURA,2026-09-26T22:23:39Z,2026-09-26T22:23:39Z,x,0,0,,0.0,,,0.0033,no matching posts in the 24h window,2026-09-30T11:00:02Z
12ppTUnBWHbGy11h3QsXiat2sydhLAgjevu55jYzpump,XBC,2026-09-26T22:23:39Z,2026-09-26T22:23:39Z,dexpaid,0,,,,,,,"orders 0 paid-before-asof 0, boosts 0 (boost times not given)",2026-09-30T11:00:03Z
12ppTUnBWHbGy11h3QsXiat2sydhLAgjevu55jYzpump,XBC,2026-09-26T22:23:39Z,2026-09-26T22:23:39Z,reddit,0,0,,,,,,,2026-09-30T11:00:03Z
12ppTUnBWHbGy11h3QsXiat2sydhLAgjevu55jYzpump,XBC,2026-09-26T22:23:39Z,2026-09-26T22:23:39Z,x,8,6,2026-09-25T01:33:02Z,1.0,,,0.0469,all posts use different CAs; none match queried CA,2026-09-30T11:00:13Z
8vdJA3MYhUhirZZzjZ5i8jXhNkHgrCnirCrqDG23pump,manifest,2026-09-26T22:23:39Z,2026-09-26T22:23:39Z,dexpaid,2,,,,,"boost,tokenProfile",,"orders 1 paid-before-asof 1, boosts 1 (boost times not given)",2026-09-30T11:00:13Z
8vdJA3MYhUhirZZzjZ5i8jXhNkHgrCnirCrqDG23pump,manifest,2026-09-26T22:23:39Z,2026-09-26T22:23:39Z,reddit,0,0,,,,,,,2026-09-30T11:00:13Z
8vdJA3MYhUhirZZzjZ5i8jXhNkHgrCnirCrqDG23pump,manifest,2026-09-26T22:23:39Z,2026-09-26T22:23:39Z,x,2,2,2026-09-25T04:51:22Z,1.0,,,0.0403,only 2 relevant posts found; both use $Manifest in Solana context but neither specifies the exact CA,2026-09-30T11:00:20Z
7tEsDuij7aj4b2jLUAS5oXcp6B3zWratYVmviS5zpump,VAULT,2026-09-27T22:23:43Z,2026-09-27T22:23:43Z,dexpaid,2,,,,,"communityTakeover,tokenProfile",,"orders 2 paid-before-asof 2, boosts 0 (boost times not given)",2026-09-30T11:00:20Z
7tEsDuij7aj4b2jLUAS5oXcp6B3zWratYVmviS5zpump,VAULT,2026-09-27T22:23:43Z,2026-09-27T22:23:43Z,reddit,0,0,,,,,,,2026-09-30T11:00:56Z
7tEsDuij7aj4b2jLUAS5oXcp6B3zWratYVmviS5zpump,VAULT,2026-09-27T22:23:43Z,2026-09-27T22:23:43Z,x,0,0,,0.0,,,0.0016,no matching posts,2026-09-30T11:01:13Z
DAemPFNc3RtibBDKkUA4eL2Ns11q9VRdbpptmqm8DGqN,CAKE,2026-09-27T22:23:43Z,2026-09-27T22:23:43Z,dexpaid,1,,,,,tokenProfile,,"orders 2 paid-before-asof 1, boosts 0 (boost times not given)",2026-09-30T11:01:13Z
DAemPFNc3RtibBDKkUA4eL2Ns11q9VRdbpptmqm8DGqN,CAKE,2026-09-27T22:23:43Z,2026-09-27T22:23:43Z,reddit,0,0,,,,,,,2026-09-30T11:01:13Z
DAemPFNc3RtibBDKkUA4eL2Ns11q9VRdbpptmqm8DGqN,CAKE,2026-09-27T22:23:43Z,2026-09-27T22:23:43Z,x,2,2,2026-09-26T22:48:23Z,0.0,,,0.1152,only exact contract matches counted; $CAKE posts refer to different Solana tokens or non-Solana $CAKE,2026-09-30T11:01:27Z
B2kipu1WYBPBDQrCX5yv9p7dhjhG1FwwnxBjUDhSkbdG,RAMP,2026-09-27T22:23:43Z,2026-09-27T22:23:43Z,dexpaid,1,,,,,tokenProfile,,"orders 1 paid-before-asof 1, boosts 0 (boost times not given)",2026-09-30T11:01:27Z
B2kipu1WYBPBDQrCX5yv9p7dhjhG1FwwnxBjUDhSkbdG,RAMP,2026-09-27T22:23:43Z,2026-09-27T22:23:43Z,reddit,0,0,,,,,,,2026-09-30T11:01:27Z
B2kipu1WYBPBDQrCX5yv9p7dhjhG1FwwnxBjUDhSkbdG,RAMP,2026-09-27T22:23:43Z,2026-09-27T22:23:43Z,x,0,0,,0,,,0.0017,no qualifying posts,2026-09-30T11:01:39Z
3iUTyNYW6xKv5kZUjtbrEDTsuJTrSVwvB3bQtxkLpump,bukangi,2026-09-27T22:23:43Z,2026-09-27T22:23:43Z,dexpaid,1,,,,,tokenProfile,,"orders 1 paid-before-asof 1, boosts 0 (boost times not given)",2026-09-30T11:01:39Z
3iUTyNYW6xKv5kZUjtbrEDTsuJTrSVwvB3bQtxkLpump,bukangi,2026-09-27T22:23:43Z,2026-09-27T22:23:43Z,reddit,0,0,,,,,,,2026-09-30T11:01:39Z
3iUTyNYW6xKv5kZUjtbrEDTsuJTrSVwvB3bQtxkLpump,bukangi,2026-09-27T22:23:43Z,2026-09-27T22:23:43Z,x,0,0,,0.0,,,0.0033,no matching posts,2026-09-30T11:01:51Z
CC5D6puFmcsnGaJh7kNXeAcRpL2SZzQfoQezvx45uKjt,WORLD,2026-09-27T22:23:43Z,2026-09-27T22:23:43Z,dexpaid,1,,,,,tokenProfile,,"orders 1 paid-before-asof 1, boosts 0 (boost times not given)",2026-09-30T11:01:51Z
CC5D6puFmcsnGaJh7kNXeAcRpL2SZzQfoQezvx45uKjt,WORLD,2026-09-27T22:23:43Z,2026-09-27T22:23:43Z,reddit,0,0,,,,,,,2026-09-30T11:01:51Z
CC5D6puFmcsnGaJh7kNXeAcRpL2SZzQfoQezvx45uKjt,WORLD,2026-09-27T22:23:43Z,2026-09-27T22:23:43Z,x,,,,,,,0.0,error: Expecting value: line 1 column 1 (char 0),2026-09-30T11:02:00Z
J1yxV53EmVRmt9RUj6PPufMfdAYUbtgwXCuNYTBTsYzJ,JACK,2026-09-27T22:23:43Z,2026-09-27T22:23:43Z,dexpaid,1,,,,,tokenProfile,,"orders 2 paid-before-asof 1, boosts 0 (boost times not given)",2026-09-30T11:02:00Z
J1yxV53EmVRmt9RUj6PPufMfdAYUbtgwXCuNYTBTsYzJ,JACK,2026-09-27T22:23:43Z,2026-09-27T22:23:43Z,reddit,1,1,2026-09-27T05:49:00Z,,,,,memecoins:1,2026-09-30T11:02:00Z
J1yxV53EmVRmt9RUj6PPufMfdAYUbtgwXCuNYTBTsYzJ,JACK,2026-09-27T22:23:43Z,2026-09-27T22:23:43Z,x,,,,,,,0.0,error: Expecting value: line 1 column 1 (char 0),2026-09-30T11:02:09Z
6uPEdkU2xPg1iyfLzV1ssUwvve8nndA2sd6nBFrb1n58,NEARPAD,2026-09-27T22:23:43Z,2026-09-27T22:23:43Z,dexpaid,1,,,,,tokenProfile,,"orders 1 paid-before-asof 1, boosts 0 (boost times not given)",2026-09-30T11:02:09Z
6uPEdkU2xPg1iyfLzV1ssUwvve8nndA2sd6nBFrb1n58,NEARPAD,2026-09-27T22:23:43Z,2026-09-27T22:23:43Z,reddit,1,1,2026-09-27T13:58:25Z,,,,,memecoins:1,2026-09-30T11:02:09Z
6uPEdkU2xPg1iyfLzV1ssUwvve8nndA2sd6nBFrb1n58,NEARPAD,2026-09-27T22:23:43Z,2026-09-27T22:23:43Z,x,,,,,,,0.0,error: Expecting value: line 1 column 1 (char 0),2026-09-30T11:02:12Z
Cgi54CNpHaYn4smqLH5tW8X5QxssMvi592My3tRoiHfX,BARSTOOL,2026-09-27T22:23:43Z,2026-09-27T22:23:43Z,dexpaid,1,,,,,tokenProfile,,"orders 1 paid-before-asof 1, boosts 0 (boost times not given)",2026-09-30T11:02:13Z
Cgi54CNpHaYn4smqLH5tW8X5QxssMvi592My3tRoiHfX,BARSTOOL,2026-09-27T22:23:43Z,2026-09-27T22:23:43Z,reddit,0,0,,,,,,,2026-09-30T11:02:13Z
Cgi54CNpHaYn4smqLH5tW8X5QxssMvi592My3tRoiHfX,BARSTOOL,2026-09-27T22:23:43Z,2026-09-27T22:23:43Z,x,0,0,,0,,,0.0018,no matching posts,2026-09-30T11:02:20Z
kFWgzdFBd6DERYGSWUrT3ZUUjoREcv14rHJCBSbpump,AROS,2026-09-27T22:23:43Z,2026-09-27T22:23:43Z,dexpaid,0,,,,,,,"orders 0 paid-before-asof 0, boosts 0 (boost times not given)",2026-09-30T11:02:20Z
kFWgzdFBd6DERYGSWUrT3ZUUjoREcv14rHJCBSbpump,AROS,2026-09-27T22:23:43Z,2026-09-27T22:23:43Z,reddit,0,0,,,,,,,2026-09-30T11:02:20Z
kFWgzdFBd6DERYGSWUrT3ZUUjoREcv14rHJCBSbpump,AROS,2026-09-27T22:23:43Z,2026-09-27T22:23:43Z,x,0,0,,0.0,,,0.061,no matching posts for exact CA; $AROS posts refer to different Solana token,2026-09-30T11:02:27Z
F1z5FQdToNDLQYJ72grqePaWJrcrf39HR4gaKA57ySUQ,Q4,2026-09-27T22:23:43Z,2026-09-27T22:23:43Z,dexpaid,3,,,,,"boost,tokenProfile",,"orders 1 paid-before-asof 1, boosts 2 (boost times not given)",2026-09-30T11:02:28Z
F1z5FQdToNDLQYJ72grqePaWJrcrf39HR4gaKA57ySUQ,Q4,2026-09-27T22:23:43Z,2026-09-27T22:23:43Z,reddit,0,0,,,,,,,2026-09-30T11:02:28Z
F1z5FQdToNDLQYJ72grqePaWJrcrf39HR4gaKA57ySUQ,Q4,2026-09-27T22:23:43Z,2026-09-27T22:23:43Z,x,0,0,,0.0,,,0.1307,no matching Solana token posts,2026-09-30T11:02:37Z
7BN68PVzqWV6EjK8J8Y6Q1h5C8FFD5ZRZVscXyJDpump,20xx,2026-09-27T22:23:43Z,2026-09-27T22:23:43Z,dexpaid,2,,,,,"boost,tokenProfile",,"orders 1 paid-before-asof 1, boosts 1 (boost times not given)",2026-09-30T11:02:37Z
7BN68PVzqWV6EjK8J8Y6Q1h5C8FFD5ZRZVscXyJDpump,20xx,2026-09-27T22:23:43Z,2026-09-27T22:23:43Z,reddit,0,0,,,,,,,2026-09-30T11:02:37Z
7BN68PVzqWV6EjK8J8Y6Q1h5C8FFD5ZRZVscXyJDpump,20xx,2026-09-27T22:23:43Z,2026-09-27T22:23:43Z,x,5,4,2026-09-26T16:57:47Z,0.8,7492,,0.1302,Only clear matches to given CA or $20xx on Solana; many $20xx refs are to unrelated @20xxcorp meme; 1 exact CA post + 4 clear $20xx/Solana shill/signal posts (excl. @20xxcorp self-posts),2026-09-30T11:02:49Z
2yu92oYzBWLAdVpu8BoaLzmM1oxPsHoboay2BXmeDDZr,FROINK,2026-09-28T22:23:46Z,2026-09-28T22:23:46Z,dexpaid,2,,,,,"communityTakeover,tokenProfile",,"orders 2 paid-before-asof 2, boosts 0 (boost times not given)",2026-09-30T11:02:49Z
2yu92oYzBWLAdVpu8BoaLzmM1oxPsHoboay2BXmeDDZr,FROINK,2026-09-28T22:23:46Z,2026-09-28T22:23:46Z,reddit,0,0,,,,,,,2026-09-30T11:03:54Z
2yu92oYzBWLAdVpu8BoaLzmM1oxPsHoboay2BXmeDDZr,FROINK,2026-09-28T22:23:46Z,2026-09-28T22:23:46Z,x,0,0,,0,,,0.0017,no matching posts,2026-09-30T11:03:58Z
AfVUPhruMtJuFVtPj4u8kvpNbNEuy7VQ3ME5eAHq9999,STOXES,2026-09-28T22:23:46Z,2026-09-28T22:23:46Z,dexpaid,1,,,,,tokenProfile,,"orders 1 paid-before-asof 1, boosts 0 (boost times not given)",2026-09-30T11:03:59Z
AfVUPhruMtJuFVtPj4u8kvpNbNEuy7VQ3ME5eAHq9999,STOXES,2026-09-28T22:23:46Z,2026-09-28T22:23:46Z,reddit,0,0,,,,,,,2026-09-30T11:03:59Z
AfVUPhruMtJuFVtPj4u8kvpNbNEuy7VQ3ME5eAHq9999,STOXES,2026-09-28T22:23:46Z,2026-09-28T22:23:46Z,x,5,4,2026-09-27T14:07:11Z,0.6,128098,,0.0794,Only the main announcement thread and replies clearly tied to the $STOXES/Stoxes project on Solana; no direct contract address mentions found in the window.,2026-09-30T11:04:07Z
8DXqVUopcdviLvujTcpwEqkKzB43Arp6E1axzsEE5Btq,moin,2026-09-28T22:23:46Z,2026-09-28T22:23:46Z,dexpaid,3,,,,,"boost,communityTakeover,tokenProfile",,"orders 2 paid-before-asof 2, boosts 1 (boost times not given)",2026-09-30T11:04:08Z
8DXqVUopcdviLvujTcpwEqkKzB43Arp6E1axzsEE5Btq,moin,2026-09-28T22:23:46Z,2026-09-28T22:23:46Z,reddit,0,0,,,,,,,2026-09-30T11:04:08Z
8DXqVUopcdviLvujTcpwEqkKzB43Arp6E1axzsEE5Btq,moin,2026-09-28T22:23:46Z,2026-09-28T22:23:46Z,x,6,5,2026-09-27T21:20:25Z,0.83,111475,,0.1156,Only clear Solana CA/ticker matches; excluded wrong-CA $MOIN pumps,2026-09-30T11:04:17Z
8n1Qyjo7LrQMFaZsTJ3K1qPkNRMxDmS6R4eDjkvjpump,HOOKEDCAT,2026-09-28T22:23:46Z,2026-09-28T22:23:46Z,dexpaid,4,,,,,"boost,tokenProfile",,"orders 1 paid-before-asof 1, boosts 3 (boost times not given)",2026-09-30T11:04:17Z
8n1Qyjo7LrQMFaZsTJ3K1qPkNRMxDmS6R4eDjkvjpump,HOOKEDCAT,2026-09-28T22:23:46Z,2026-09-28T22:23:46Z,reddit,0,0,,,,,,,2026-09-30T11:04:17Z
8n1Qyjo7LrQMFaZsTJ3K1qPkNRMxDmS6R4eDjkvjpump,HOOKEDCAT,2026-09-28T22:23:46Z,2026-09-28T22:23:46Z,x,0,0,,0.0,,,0.0016,no matching posts,2026-09-30T11:04:22Z
C1mBfBoDkwWfd6uTFZp62ARHLjeVp3bDpCDMfMZtPngE,HOOKED,2026-09-28T22:23:46Z,2026-09-28T22:23:46Z,dexpaid,1,,,,,tokenProfile,,"orders 1 paid-before-asof 1, boosts 0 (boost times not given)",2026-09-30T11:04:22Z
C1mBfBoDkwWfd6uTFZp62ARHLjeVp3bDpCDMfMZtPngE,HOOKED,2026-09-28T22:23:46Z,2026-09-28T22:23:46Z,reddit,0,0,,,,,,,2026-09-30T11:04:22Z
C1mBfBoDkwWfd6uTFZp62ARHLjeVp3bDpCDMfMZtPngE,HOOKED,2026-09-28T22:23:46Z,2026-09-28T22:23:46Z,x,0,0,,0,,,0.0016,no matching posts,2026-09-30T11:04:27Z
E4vwseNWpkBxzNxyv3msVLCzYHU5SXrj1QWXEycypump,BOB,2026-09-28T22:23:46Z,2026-09-28T22:23:46Z,dexpaid,1,,,,,tokenProfile,,"orders 1 paid-before-asof 1, boosts 0 (boost times not given)",2026-09-30T11:04:27Z
E4vwseNWpkBxzNxyv3msVLCzYHU5SXrj1QWXEycypump,BOB,2026-09-28T22:23:46Z,2026-09-28T22:23:46Z,reddit,0,0,,,,,,,2026-09-30T11:04:27Z
E4vwseNWpkBxzNxyv3msVLCzYHU5SXrj1QWXEycypump,BOB,2026-09-28T22:23:46Z,2026-09-28T22:23:46Z,x,0,0,,0.0,,,0.0464,no matching posts,2026-09-30T11:04:34Z
92BVgXufGjaMUyANA97dvg8LqNb5VMg2wgRfve9tPdCG,DELREY,2026-09-28T22:23:46Z,2026-09-28T22:23:46Z,dexpaid,4,,,,,"boost,tokenProfile",,"orders 1 paid-before-asof 1, boosts 3 (boost times not given)",2026-09-30T11:04:34Z
92BVgXufGjaMUyANA97dvg8LqNb5VMg2wgRfve9tPdCG,DELREY,2026-09-28T22:23:46Z,2026-09-28T22:23:46Z,reddit,0,0,,,,,,,2026-09-30T11:04:34Z
92BVgXufGjaMUyANA97dvg8LqNb5VMg2wgRfve9tPdCG,DELREY,2026-09-28T22:23:46Z,2026-09-28T22:23:46Z,x,4,4,2026-09-27T23:38:29Z,0.75,9575,,0.1098,"4 unique qualifying posts (exact CA/ticker+Solana); 3 are explicit profit calls/shills, 1 price discussion. No other posts in window.",2026-09-30T11:04:43Z
wQK5ZserCHkhUCJQJxLL7NKg4N3o3R9VTEqJFqfpump,VSOF,2026-09-28T22:23:46Z,2026-09-28T22:23:46Z,dexpaid,0,,,,,,,"orders 0 paid-before-asof 0, boosts 0 (boost times not given)",2026-09-30T11:04:43Z
wQK5ZserCHkhUCJQJxLL7NKg4N3o3R9VTEqJFqfpump,VSOF,2026-09-28T22:23:46Z,2026-09-28T22:23:46Z,reddit,0,0,,,,,,,2026-09-30T11:04:43Z
wQK5ZserCHkhUCJQJxLL7NKg4N3o3R9VTEqJFqfpump,VSOF,2026-09-28T22:23:46Z,2026-09-28T22:23:46Z,x,1,1,2026-09-27T19:58:28Z,1.0,,,0.0547,Only 1 post matches exact contract address on Solana; others use different CA and appear copied.,2026-09-30T11:04:52Z
Y49yTFUyBiim3HQEiVnVKiiRPqTY2nNrJyvxsi4pump,USDF,2026-09-28T22:23:46Z,2026-09-28T22:23:46Z,dexpaid,0,,,,,,,"orders 0 paid-before-asof 0, boosts 0 (boost times not given)",2026-09-30T11:04:52Z
Y49yTFUyBiim3HQEiVnVKiiRPqTY2nNrJyvxsi4pump,USDF,2026-09-28T22:23:46Z,2026-09-28T22:23:46Z,reddit,0,0,,,,,,,2026-09-30T11:04:52Z
Y49yTFUyBiim3HQEiVnVKiiRPqTY2nNrJyvxsi4pump,USDF,2026-09-28T22:23:46Z,2026-09-28T22:23:46Z,x,9,7,2026-09-27T15:16:40Z,0.78,,,0.0773,"9 clear matches for exact CA or $USDF+Solana (vote spam, calls, scam-like); excluded 4 wrong-CA posts",2026-09-30T11:04:58Z
4Gkq4Eg4J2Ktv586YkyMuKBxj2PHoSekFZt6sgX2pump,VSOF,2026-09-28T22:23:46Z,2026-09-28T22:23:46Z,dexpaid,0,,,,,,,"orders 0 paid-before-asof 0, boosts 0 (boost times not given)",2026-09-30T11:04:58Z
4Gkq4Eg4J2Ktv586YkyMuKBxj2PHoSekFZt6sgX2pump,VSOF,2026-09-28T22:23:46Z,2026-09-28T22:23:46Z,reddit,0,0,,,,,,,2026-09-30T11:04:58Z
4Gkq4Eg4J2Ktv586YkyMuKBxj2PHoSekFZt6sgX2pump,VSOF,2026-09-28T22:23:46Z,2026-09-28T22:23:46Z,x,0,0,,0.0,,,0.0759,no matching posts for exact contract or Solana-specific $VSOF,2026-09-30T11:05:05Z
FjKd8GR4uwYQymh87VhknT7w5iS8qz1DM8ZHPCWZpump,HAUNTED,2026-09-28T22:23:46Z,2026-09-28T22:23:46Z,dexpaid,2,,,,,"boost,tokenProfile",,"orders 1 paid-before-asof 1, boosts 1 (boost times not given)",2026-09-30T11:05:05Z
FjKd8GR4uwYQymh87VhknT7w5iS8qz1DM8ZHPCWZpump,HAUNTED,2026-09-28T22:23:46Z,2026-09-28T22:23:46Z,reddit,0,0,,,,,,,2026-09-30T11:05:05Z
FjKd8GR4uwYQymh87VhknT7w5iS8qz1DM8ZHPCWZpump,HAUNTED,2026-09-28T22:23:46Z,2026-09-28T22:23:46Z,x,0,0,,0.0,,,0.0025,no matching posts,2026-09-30T11:05:12Z
HGN8K3x5ZLfYNjvE8b1hCqqu7RwupuKU6EkEhemzpump,SNOWBALL,2026-09-28T22:23:46Z,2026-09-28T22:23:46Z,dexpaid,3,,,,,"boost,tokenProfile",,"orders 1 paid-before-asof 1, boosts 2 (boost times not given)",2026-09-30T11:05:12Z
HGN8K3x5ZLfYNjvE8b1hCqqu7RwupuKU6EkEhemzpump,SNOWBALL,2026-09-28T22:23:46Z,2026-09-28T22:23:46Z,reddit,0,0,,,,,,,2026-09-30T11:05:12Z
HGN8K3x5ZLfYNjvE8b1hCqqu7RwupuKU6EkEhemzpump,SNOWBALL,2026-09-28T22:23:46Z,2026-09-28T22:23:46Z,x,0,0,,0.0,,,0.0019,no matching posts found,2026-09-30T11:05:18Z
82ezhRLKdKwkSC9jkM3js1yf93VbmvLXNMPkBmompump,SI,2026-09-24T07:32:26Z,2026-09-24T07:32:26Z,jupiter,60.803674485154644,1708,,,,medium,,"NOW not as-of; {""isVerified"": null, ""tags"": [""unknown"", ""token-2022""], ""audit"": {""mintAuthorityDisabled"": true, ""freezeAuthorityDisabled"": true, ""topHoldersPercentage"": 20.92498538190132, ""devMig",2026-09-30T11:06:17Z
82ezhRLKdKwkSC9jkM3js1yf93VbmvLXNMPkBmompump,SI,2026-09-24T07:32:26Z,2026-09-24T07:32:26Z,telegram,0,0,,,,,,,2026-09-30T11:07:18Z
BDKC1AV3saXrN8jKnWB2TTQmDD6z8CFdY55ku7eAfunk,FUNKOS,2026-09-24T07:32:26Z,2026-09-24T07:32:26Z,jupiter,0,1280,,,,low,,"NOW not as-of; {""isVerified"": null, ""tags"": [""unknown"", ""token-2022""], ""audit"": {""mintAuthorityDisabled"": true, ""freezeAuthorityDisabled"": true, ""topHoldersPercentage"": 24.385382424302364, ""devMi",2026-09-30T11:07:18Z
BDKC1AV3saXrN8jKnWB2TTQmDD6z8CFdY55ku7eAfunk,FUNKOS,2026-09-24T07:32:26Z,2026-09-24T07:32:26Z,telegram,0,0,,,,,,,2026-09-30T11:07:18Z
2PENPmfgJfq6CG3k4byj4oWwHf8SerqakmYHMkUupump,familiars,2026-09-24T07:32:26Z,2026-09-24T07:32:26Z,jupiter,49.465788617719596,3280,,,,medium,,"NOW not as-of; {""isVerified"": null, ""tags"": [""unknown"", ""token-2022""], ""audit"": {""mintAuthorityDisabled"": true, ""freezeAuthorityDisabled"": true, ""topHoldersPercentage"": 31.42156494705774, ""devBal",2026-09-30T11:07:18Z
2PENPmfgJfq6CG3k4byj4oWwHf8SerqakmYHMkUupump,familiars,2026-09-24T07:32:26Z,2026-09-24T07:32:26Z,telegram,0,0,,,,,,,2026-09-30T11:07:18Z
7GUnr7krtQhJwd6ASY2VUprd9t4c64zcgCsjdmZepump,NPC,2026-09-24T07:32:26Z,2026-09-24T07:32:26Z,jupiter,55.78246403801356,10869,,,,medium,,"NOW not as-of; {""isVerified"": null, ""tags"": [""unknown"", ""token-2022""], ""audit"": {""mintAuthorityDisabled"": true, ""freezeAuthorityDisabled"": true, ""topHoldersPercentage"": 25.871396444083555, ""devMi",2026-09-30T11:07:19Z
7GUnr7krtQhJwd6ASY2VUprd9t4c64zcgCsjdmZepump,NPC,2026-09-24T07:32:26Z,2026-09-24T07:32:26Z,telegram,0,0,,,,,,,2026-09-30T11:07:19Z
HSUMi4rMgjrx7zRUabw3ogGu1pa5hmF2eVcXj9Apump,goon,2026-09-24T07:32:26Z,2026-09-24T07:32:26Z,jupiter,65.19292344578007,3378,,,,medium,,"NOW not as-of; {""isVerified"": null, ""tags"": [""unknown"", ""token-2022""], ""audit"": {""mintAuthorityDisabled"": true, ""freezeAuthorityDisabled"": true, ""topHoldersPercentage"": 18.660552259270226, ""devMi",2026-09-30T11:07:19Z
HSUMi4rMgjrx7zRUabw3ogGu1pa5hmF2eVcXj9Apump,goon,2026-09-24T07:32:26Z,2026-09-24T07:32:26Z,telegram,0,0,,,,,,,2026-09-30T11:07:19Z
MboMMGXjGDi45hfjCVzYru32kEM5nw7VzCqCofZpump,KCAT,2026-09-24T07:32:26Z,2026-09-24T07:32:26Z,jupiter,0,1076,,,,low,,"NOW not as-of; {""isVerified"": null, ""tags"": [""unknown"", ""token-2022""], ""audit"": {""mintAuthorityDisabled"": true, ""freezeAuthorityDisabled"": true, ""topHoldersPercentage"": 16.23089972943165, ""devBal",2026-09-30T11:07:19Z
MboMMGXjGDi45hfjCVzYru32kEM5nw7VzCqCofZpump,KCAT,2026-09-24T07:32:26Z,2026-09-24T07:32:26Z,telegram,0,0,,,,,,,2026-09-30T11:07:19Z
4WECKfvfgEiojyZJq5Xm12Hvk76rhM4VHQAZGaELpump,JEANCOIN,2026-09-24T07:32:26Z,2026-09-24T07:32:26Z,jupiter,0,317,,,,low,,"NOW not as-of; {""isVerified"": null, ""tags"": [""token-2022"", ""unknown""], ""audit"": {""mintAuthorityDisabled"": true, ""freezeAuthorityDisabled"": true, ""topHoldersPercentage"": 16.222513755462202, ""devMi",2026-09-30T11:07:19Z
4WECKfvfgEiojyZJq5Xm12Hvk76rhM4VHQAZGaELpump,JEANCOIN,2026-09-24T07:32:26Z,2026-09-24T07:32:26Z,telegram,0,0,,,,,,,2026-09-30T11:07:19Z
8Vte25yt28L8BfLXm8DrzjSYEyaKX8yry6hRKRmX7FGd,UPTOBER,2026-09-24T07:32:26Z,2026-09-24T07:32:26Z,jupiter,57.90012793507694,6739,,,,medium,,"NOW not as-of; {""isVerified"": null, ""tags"": [""token-2022"", ""unknown""], ""audit"": {""mintAuthorityDisabled"": true, ""freezeAuthorityDisabled"": true, ""topHoldersPercentage"": 22.4822938605448, ""devMigr",2026-09-30T11:07:19Z
8Vte25yt28L8BfLXm8DrzjSYEyaKX8yry6hRKRmX7FGd,UPTOBER,2026-09-24T07:32:26Z,2026-09-24T07:32:26Z,telegram,0,0,,,,,,,2026-09-30T11:07:19Z
6TfTBpkgRX5kzb1qbtijV1nZVTfzfbmbXE1hPsFrpump,Agrippa,2026-09-24T22:23:33Z,2026-09-24T22:23:33Z,jupiter,0,47,,,,low,,"NOW not as-of; {""isVerified"": null, ""tags"": [""unknown"", ""token-2022""], ""audit"": {""mintAuthorityDisabled"": true, ""freezeAuthorityDisabled"": true, ""topHoldersPercentage"": 1.3867670073424205, ""devMi",2026-09-30T11:07:19Z
6TfTBpkgRX5kzb1qbtijV1nZVTfzfbmbXE1hPsFrpump,Agrippa,2026-09-24T22:23:33Z,2026-09-24T22:23:33Z,telegram,0,0,,,,,,,2026-09-30T11:07:20Z
8LHgAXXPbMVqd3wmAQbTu4NxuRRe3qowgUSLiKmFpump,dap,2026-09-24T22:23:33Z,2026-09-24T22:23:33Z,jupiter,0,659,,,,low,,"NOW not as-of; {""isVerified"": null, ""tags"": [""unknown"", ""token-2022""], ""audit"": {""mintAuthorityDisabled"": true, ""freezeAuthorityDisabled"": true, ""topHoldersPercentage"": 6.652285223084658, ""devMig",2026-09-30T11:07:20Z
8LHgAXXPbMVqd3wmAQbTu4NxuRRe3qowgUSLiKmFpump,dap,2026-09-24T22:23:33Z,2026-09-24T22:23:33Z,telegram,0,0,,,,,,,2026-09-30T11:07:20Z
DmQDfFpbKHna4MgtsZgBQYmyMSNJjvLAj6XjduqRpump,TRUMP,2026-09-25T22:23:35Z,2026-09-25T22:23:35Z,jupiter,0,75,,,,low,,"NOW not as-of; {""isVerified"": null, ""tags"": [""token-2022"", ""unknown""], ""audit"": {""mintAuthorityDisabled"": true, ""freezeAuthorityDisabled"": true, ""topHoldersPercentage"": 0.4709221054188312, ""devMi",2026-09-30T11:07:20Z
DmQDfFpbKHna4MgtsZgBQYmyMSNJjvLAj6XjduqRpump,TRUMP,2026-09-25T22:23:35Z,2026-09-25T22:23:35Z,telegram,0,0,,,,,,,2026-09-30T11:07:51Z
CbcyNo7m1amFWqEQm2m4PLv1UNvpcL3C1Ujm6AkzpKoU,e/acc,2026-09-25T22:23:35Z,2026-09-25T22:23:35Z,jupiter,85.14217324469634,19067,,,,high,,"NOW not as-of; {""isVerified"": null, ""tags"": [""unknown"", ""token-2022""], ""audit"": {""mintAuthorityDisabled"": true, ""freezeAuthorityDisabled"": true, ""topHoldersPercentage"": 14.084745257986253, ""devMi",2026-09-30T11:07:52Z
CbcyNo7m1amFWqEQm2m4PLv1UNvpcL3C1Ujm6AkzpKoU,e/acc,2026-09-25T22:23:35Z,2026-09-25T22:23:35Z,telegram,0,0,,,,,,,2026-09-30T11:07:52Z
5g9PWcRUHpmqm5uKycpShKXJB18sGLeCEzgB3qrRpump,SWARM,2026-09-25T22:23:35Z,2026-09-25T22:23:35Z,jupiter,49.66747703677649,3939,,,,medium,,"NOW not as-of; {""isVerified"": null, ""tags"": [""unknown"", ""token-2022""], ""audit"": {""mintAuthorityDisabled"": true, ""freezeAuthorityDisabled"": true, ""topHoldersPercentage"": 25.844550871386712, ""devBa",2026-09-30T11:07:52Z
5g9PWcRUHpmqm5uKycpShKXJB18sGLeCEzgB3qrRpump,SWARM,2026-09-25T22:23:35Z,2026-09-25T22:23:35Z,telegram,0,0,,,,,,,2026-09-30T11:07:52Z
5NhN6zzDkzwXFGPFqtpTopV4ttBeZ6CWy1oRL9Rkpump,Bagwork,2026-09-25T22:23:35Z,2026-09-25T22:23:35Z,jupiter,49.149516345080194,1894,,,,medium,,"NOW not as-of; {""isVerified"": null, ""tags"": [""unknown"", ""token-2022""], ""audit"": {""mintAuthorityDisabled"": true, ""freezeAuthorityDisabled"": true, ""topHoldersPercentage"": 18.821634602635758, ""devMi",2026-09-30T11:07:52Z
5NhN6zzDkzwXFGPFqtpTopV4ttBeZ6CWy1oRL9Rkpump,Bagwork,2026-09-25T22:23:35Z,2026-09-25T22:23:35Z,telegram,0,0,,,,,,,2026-09-30T11:07:52Z
pwfAeX3kpWpkuumA6iodJxtVcGAen6BkRPToR2VqLp9,AMERICA,2026-09-25T22:23:35Z,2026-09-25T22:23:35Z,jupiter,67.20443831876801,4304,,,,medium,,"NOW not as-of; {""isVerified"": null, ""tags"": [""token-2022"", ""unknown""], ""audit"": {""mintAuthorityDisabled"": true, ""freezeAuthorityDisabled"": true, ""topHoldersPercentage"": 14.32448957803804, ""devMig",2026-09-30T11:07:52Z
pwfAeX3kpWpkuumA6iodJxtVcGAen6BkRPToR2VqLp9,AMERICA,2026-09-25T22:23:35Z,2026-09-25T22:23:35Z,telegram,0,0,,,,,,,2026-09-30T11:07:52Z
4G5YDqDvwgwSS3nLPDGDpGuetbG7rZYzNSBb1U4Tqbzi,ARENA,2026-09-25T22:23:35Z,2026-09-25T22:23:35Z,jupiter,0,1539,,,,low,,"NOW not as-of; {""isVerified"": null, ""tags"": [""unknown""], ""audit"": {""mintAuthorityDisabled"": true, ""freezeAuthorityDisabled"": true, ""topHoldersPercentage"": 33.09746048071386, ""devMints"": 1}}",2026-09-30T11:07:52Z
4G5YDqDvwgwSS3nLPDGDpGuetbG7rZYzNSBb1U4Tqbzi,ARENA,2026-09-25T22:23:35Z,2026-09-25T22:23:35Z,telegram,0,0,,,,,,,2026-09-30T11:07:52Z
nDZknLvfFRp5rgUHdzTrQsmSY5NKzoavqdLjSHVpump,COLLECT,2026-09-25T22:23:35Z,2026-09-25T22:23:35Z,jupiter,81.33092094069255,8785,,,,high,,"NOW not as-of; {""isVerified"": null, ""tags"": [""unknown"", ""token-2022""], ""audit"": {""mintAuthorityDisabled"": true, ""freezeAuthorityDisabled"": true, ""topHoldersPercentage"": 17.740527041021817, ""devBa",2026-09-30T11:07:52Z
nDZknLvfFRp5rgUHdzTrQsmSY5NKzoavqdLjSHVpump,COLLECT,2026-09-25T22:23:35Z,2026-09-25T22:23:35Z,telegram,0,0,,,,,,,2026-09-30T11:07:52Z
5iqjhP5ig6JWdXQf6hYAwojZeMf11pTCvH87gCQtpump,TTP,2026-09-25T22:23:35Z,2026-09-25T22:23:35Z,jupiter,45.08764720839756,1683,,,,medium,,"NOW not as-of; {""isVerified"": true, ""tags"": [""verified"", ""token-2022""], ""audit"": {""mintAuthorityDisabled"": true, ""freezeAuthorityDisabled"": true, ""topHoldersPercentage"": 27.176545466327045, ""devM",2026-09-30T11:07:53Z
5iqjhP5ig6JWdXQf6hYAwojZeMf11pTCvH87gCQtpump,TTP,2026-09-25T22:23:35Z,2026-09-25T22:23:35Z,telegram,0,0,,,,,,,2026-09-30T11:07:53Z
EGRv76STtVdNNwKdyMkQLQquYggcMuToXy92qS9pump,GHOSTGUY,2026-09-25T22:23:35Z,2026-09-25T22:23:35Z,jupiter,0,776,,,,low,,"NOW not as-of; {""isVerified"": null, ""tags"": [""unknown"", ""token-2022""], ""audit"": {""mintAuthorityDisabled"": true, ""freezeAuthorityDisabled"": true, ""topHoldersPercentage"": 8.092445727438676, ""devBal",2026-09-30T11:07:53Z
EGRv76STtVdNNwKdyMkQLQquYggcMuToXy92qS9pump,GHOSTGUY,2026-09-25T22:23:35Z,2026-09-25T22:23:35Z,telegram,0,0,,,,,,,2026-09-30T11:07:53Z
GgsSaetRZNCuP9HEWjbojtVWByRWFxpr93S1wtGFpump,BLUEPRINT,2026-09-25T22:23:35Z,2026-09-25T22:23:35Z,jupiter,46.96155283193722,1756,,,,medium,,"NOW not as-of; {""isVerified"": null, ""tags"": [""unknown"", ""token-2022""], ""audit"": {""mintAuthorityDisabled"": true, ""freezeAuthorityDisabled"": true, ""topHoldersPercentage"": 25.863316658252277, ""devMi",2026-09-30T11:07:53Z
GgsSaetRZNCuP9HEWjbojtVWByRWFxpr93S1wtGFpump,BLUEPRINT,2026-09-25T22:23:35Z,2026-09-25T22:23:35Z,telegram,0,0,,,,,,,2026-09-30T11:07:53Z
BYPmzwqUT8NcDTWeGFbMQqafg7JHvLxfepjfF4Ahpump,VSOF,2026-09-25T22:23:35Z,2026-09-25T22:23:35Z,jupiter,0,61,,,,low,,"NOW not as-of; {""isVerified"": null, ""tags"": [""unknown"", ""token-2022""], ""audit"": {""mintAuthorityDisabled"": true, ""freezeAuthorityDisabled"": true, ""topHoldersPercentage"": 1.3450756535985386, ""devMi",2026-09-30T11:07:53Z
BYPmzwqUT8NcDTWeGFbMQqafg7JHvLxfepjfF4Ahpump,VSOF,2026-09-25T22:23:35Z,2026-09-25T22:23:35Z,telegram,0,0,,,,,,,2026-09-30T11:07:53Z
3znS89gifim2Hhhu8wjb2PfSgaCDdma187D5NMkDpump,BRAIN,2026-09-25T22:23:35Z,2026-09-25T22:23:35Z,jupiter,0,1619,,,,low,,"NOW not as-of; {""isVerified"": null, ""tags"": [""unknown"", ""token-2022""], ""audit"": {""mintAuthorityDisabled"": true, ""freezeAuthorityDisabled"": true, ""topHoldersPercentage"": 21.407784384070442, ""devBa",2026-09-30T11:07:53Z
3znS89gifim2Hhhu8wjb2PfSgaCDdma187D5NMkDpump,BRAIN,2026-09-25T22:23:35Z,2026-09-25T22:23:35Z,telegram,0,0,,,,,,,2026-09-30T11:07:53Z
9EwEYhqzRHmE87ypWKUU1zZKP8uMeGdunmJ4etTmpump,JEANWORK,2026-09-25T22:23:35Z,2026-09-25T22:23:35Z,jupiter,0,103,,,,low,,"NOW not as-of; {""isVerified"": null, ""tags"": [""token-2022"", ""unknown""], ""audit"": {""mintAuthorityDisabled"": true, ""freezeAuthorityDisabled"": true, ""topHoldersPercentage"": 1.738226023811392, ""devMig",2026-09-30T11:07:53Z
9EwEYhqzRHmE87ypWKUU1zZKP8uMeGdunmJ4etTmpump,JEANWORK,2026-09-25T22:23:35Z,2026-09-25T22:23:35Z,telegram,0,0,,,,,,,2026-09-30T11:07:53Z
9NPmnDgL39NmoivaE1XfiFWm7o61repcfkVyvyv9pump,merci,2026-09-25T22:23:35Z,2026-09-25T22:23:35Z,jupiter,0,470,,,,low,,"NOW not as-of; {""isVerified"": null, ""tags"": [""unknown"", ""token-2022""], ""audit"": {""mintAuthorityDisabled"": true, ""freezeAuthorityDisabled"": true, ""topHoldersPercentage"": 11.907161840873238, ""devMi",2026-09-30T11:07:54Z
9NPmnDgL39NmoivaE1XfiFWm7o61repcfkVyvyv9pump,merci,2026-09-25T22:23:35Z,2026-09-25T22:23:35Z,telegram,0,0,,,,,,,2026-09-30T11:07:54Z
DRKGYsGALqr5p2aTcGLK9zqiPB5wk7JV78bJv4mPpump,SPLIT,2026-09-26T22:23:39Z,2026-09-26T22:23:39Z,jupiter,41.81779907889434,2420,,,,medium,,"NOW not as-of; {""isVerified"": null, ""tags"": [""unknown"", ""token-2022""], ""audit"": {""mintAuthorityDisabled"": true, ""freezeAuthorityDisabled"": true, ""topHoldersPercentage"": 17.62213046322397, ""devMig",2026-09-30T11:07:54Z
DRKGYsGALqr5p2aTcGLK9zqiPB5wk7JV78bJv4mPpump,SPLIT,2026-09-26T22:23:39Z,2026-09-26T22:23:39Z,telegram,0,0,,,,,,,2026-09-30T11:07:55Z
5wW9mhbwq1HTFh341iimpmrqBB4mfxdXiYhdYBL7hUnp,KARDASHEV,2026-09-26T22:23:39Z,2026-09-26T22:23:39Z,jupiter,58.86767447880716,3680,,,,medium,,"NOW not as-of; {""isVerified"": null, ""tags"": [""token-2022"", ""unknown""], ""audit"": {""mintAuthorityDisabled"": true, ""freezeAuthorityDisabled"": true, ""topHoldersPercentage"": 22.064427235808818, ""devMi",2026-09-30T11:07:55Z
5wW9mhbwq1HTFh341iimpmrqBB4mfxdXiYhdYBL7hUnp,KARDASHEV,2026-09-26T22:23:39Z,2026-09-26T22:23:39Z,telegram,0,0,,,,,,,2026-09-30T11:07:55Z
GDT8UZGGuaa9YAevWxh7yBcNvj4otQUv4xf6j4RsForK,FORK,2026-09-26T22:23:39Z,2026-09-26T22:23:39Z,jupiter,0,1123,,,,low,,"NOW not as-of; {""isVerified"": null, ""tags"": [""unknown"", ""token-2022""], ""audit"": {""mintAuthorityDisabled"": true, ""freezeAuthorityDisabled"": true, ""topHoldersPercentage"": 22.183405120700318, ""devBa",2026-09-30T11:07:55Z
GDT8UZGGuaa9YAevWxh7yBcNvj4otQUv4xf6j4RsForK,FORK,2026-09-26T22:23:39Z,2026-09-26T22:23:39Z,telegram,0,0,,,,,,,2026-09-30T11:07:55Z
J6rYa7tX5UeFs3dSKiSLjgq4RE7ywaorkSSjpykqSiSL,RELOOT,2026-09-26T22:23:39Z,2026-09-26T22:23:39Z,jupiter,0,393,,,,low,,"NOW not as-of; {""isVerified"": null, ""tags"": [""unknown"", ""token-2022""], ""audit"": {""mintAuthorityDisabled"": true, ""freezeAuthorityDisabled"": true, ""topHoldersPercentage"": 7.394669580113512, ""devMig",2026-09-30T11:07:55Z
J6rYa7tX5UeFs3dSKiSLjgq4RE7ywaorkSSjpykqSiSL,RELOOT,2026-09-26T22:23:39Z,2026-09-26T22:23:39Z,telegram,0,0,,,,,,,2026-09-30T11:07:55Z
777XNvfVmvumMEc6M9yxJQJQnQtjbUYJyx53cqrwo777,7,2026-09-26T22:23:39Z,2026-09-26T22:23:39Z,jupiter,54.55052850658138,1330,,,,medium,,"NOW not as-of; {""isVerified"": null, ""tags"": [""unknown""], ""audit"": {""mintAuthorityDisabled"": true, ""freezeAuthorityDisabled"": true, ""topHoldersPercentage"": 13.408378756320873, ""devMints"": 1}}",2026-09-30T11:07:55Z
777XNvfVmvumMEc6M9yxJQJQnQtjbUYJyx53cqrwo777,7,2026-09-26T22:23:39Z,2026-09-26T22:23:39Z,telegram,0,0,,,,,,,2026-09-30T11:07:55Z
CMuvWQ6qQbSt7NUQdPGcVKCoDgETieuqS68qu6BaeVgR,Cream,2026-09-26T22:23:39Z,2026-09-26T22:23:39Z,jupiter,41.07007861780389,1702,,,,medium,,"NOW not as-of; {""isVerified"": null, ""tags"": [""unknown"", ""token-2022""], ""audit"": {""mintAuthorityDisabled"": true, ""freezeAuthorityDisabled"": true, ""topHoldersPercentage"": 18.908102832595308, ""devMi",2026-09-30T11:07:55Z
CMuvWQ6qQbSt7NUQdPGcVKCoDgETieuqS68qu6BaeVgR,Cream,2026-09-26T22:23:39Z,2026-09-26T22:23:39Z,telegram,0,0,,,,,,,2026-09-30T11:07:55Z
ehegfG1UQEFSYKcV6ReiMupjheDm22FoQQukiDspump,VSOF,2026-09-26T22:23:39Z,2026-09-26T22:23:39Z,jupiter,0,63,,,,low,,"NOW not as-of; {""isVerified"": null, ""tags"": [""unknown"", ""token-2022""], ""audit"": {""mintAuthorityDisabled"": true, ""freezeAuthorityDisabled"": true, ""topHoldersPercentage"": 18.162194415150136, ""devBa",2026-09-30T11:07:56Z
ehegfG1UQEFSYKcV6ReiMupjheDm22FoQQukiDspump,VSOF,2026-09-26T22:23:39Z,2026-09-26T22:23:39Z,telegram,0,0,,,,,,,2026-09-30T11:07:56Z
pVhz9wZiepvcQsPNFS5L8wSf2RiPH5TojPPL4qspump,WAIF,2026-09-26T22:23:39Z,2026-09-26T22:23:39Z,jupiter,0,34,,,,low,,"NOW not as-of; {""isVerified"": null, ""tags"": [""token-2022"", ""unknown""], ""audit"": {""mintAuthorityDisabled"": true, ""freezeAuthorityDisabled"": true, ""topHoldersPercentage"": 0.23832962291083648, ""devB",2026-09-30T11:07:56Z
pVhz9wZiepvcQsPNFS5L8wSf2RiPH5TojPPL4qspump,WAIF,2026-09-26T22:23:39Z,2026-09-26T22:23:39Z,telegram,0,0,,,,,,,2026-09-30T11:07:56Z
WJoCm62bzS94tWSexdnzC3Gn7N9PcUxzKGyEX8Dpump,OURA,2026-09-26T22:23:39Z,2026-09-26T22:23:39Z,jupiter,0,59,,,,low,,"NOW not as-of; {""isVerified"": null, ""tags"": [""unknown"", ""token-2022""], ""audit"": {""mintAuthorityDisabled"": true, ""freezeAuthorityDisabled"": true, ""topHoldersPercentage"": 9.94909729171285, ""devBala",2026-09-30T11:07:56Z
WJoCm62bzS94tWSexdnzC3Gn7N9PcUxzKGyEX8Dpump,OURA,2026-09-26T22:23:39Z,2026-09-26T22:23:39Z,telegram,0,0,,,,,,,2026-09-30T11:07:56Z
12ppTUnBWHbGy11h3QsXiat2sydhLAgjevu55jYzpump,XBC,2026-09-26T22:23:39Z,2026-09-26T22:23:39Z,jupiter,0,138,,,,low,,"NOW not as-of; {""isVerified"": null, ""tags"": [""unknown"", ""token-2022""], ""audit"": {""mintAuthorityDisabled"": true, ""freezeAuthorityDisabled"": true, ""topHoldersPercentage"": 27.338496234573533, ""devBa",2026-09-30T11:07:56Z
12ppTUnBWHbGy11h3QsXiat2sydhLAgjevu55jYzpump,XBC,2026-09-26T22:23:39Z,2026-09-26T22:23:39Z,telegram,0,0,,,,,,,2026-09-30T11:07:56Z
8vdJA3MYhUhirZZzjZ5i8jXhNkHgrCnirCrqDG23pump,manifest,2026-09-26T22:23:39Z,2026-09-26T22:23:39Z,jupiter,0,111,,,,low,,"NOW not as-of; {""isVerified"": null, ""tags"": [""unknown"", ""token-2022""], ""audit"": {""mintAuthorityDisabled"": true, ""freezeAuthorityDisabled"": true, ""topHoldersPercentage"": 7.125438655412989, ""devMig",2026-09-30T11:07:56Z
8vdJA3MYhUhirZZzjZ5i8jXhNkHgrCnirCrqDG23pump,manifest,2026-09-26T22:23:39Z,2026-09-26T22:23:39Z,telegram,0,0,,,,,,,2026-09-30T11:07:56Z
7tEsDuij7aj4b2jLUAS5oXcp6B3zWratYVmviS5zpump,VAULT,2026-09-27T22:23:43Z,2026-09-27T22:23:43Z,jupiter,36.44797271784726,2116,,,,medium,,"NOW not as-of; {""isVerified"": null, ""tags"": [""unknown"", ""token-2022""], ""audit"": {""mintAuthorityDisabled"": true, ""freezeAuthorityDisabled"": true, ""topHoldersPercentage"": 15.697454568025936, ""devMi",2026-09-30T11:07:56Z
7tEsDuij7aj4b2jLUAS5oXcp6B3zWratYVmviS5zpump,VAULT,2026-09-27T22:23:43Z,2026-09-27T22:23:43Z,telegram,0,0,,,,,,,2026-09-30T11:07:57Z
DAemPFNc3RtibBDKkUA4eL2Ns11q9VRdbpptmqm8DGqN,CAKE,2026-09-27T22:23:43Z,2026-09-27T22:23:43Z,jupiter,66.40184357117758,3810,,,,medium,,"NOW not as-of; {""isVerified"": null, ""tags"": [""unknown"", ""token-2022""], ""audit"": {""mintAuthorityDisabled"": true, ""freezeAuthorityDisabled"": true, ""topHoldersPercentage"": 18.240480013718294, ""devBa",2026-09-30T11:07:57Z
DAemPFNc3RtibBDKkUA4eL2Ns11q9VRdbpptmqm8DGqN,CAKE,2026-09-27T22:23:43Z,2026-09-27T22:23:43Z,telegram,0,0,,,,,,,2026-09-30T11:07:57Z
B2kipu1WYBPBDQrCX5yv9p7dhjhG1FwwnxBjUDhSkbdG,RAMP,2026-09-27T22:23:43Z,2026-09-27T22:23:43Z,jupiter,0,945,,,,low,,"NOW not as-of; {""isVerified"": null, ""tags"": [""unknown"", ""token-2022""], ""audit"": {""mintAuthorityDisabled"": true, ""freezeAuthorityDisabled"": true, ""topHoldersPercentage"": 30.421178232409186, ""devBa",2026-09-30T11:07:58Z
B2kipu1WYBPBDQrCX5yv9p7dhjhG1FwwnxBjUDhSkbdG,RAMP,2026-09-27T22:23:43Z,2026-09-27T22:23:43Z,telegram,0,0,,,,,,,2026-09-30T11:07:58Z
3iUTyNYW6xKv5kZUjtbrEDTsuJTrSVwvB3bQtxkLpump,bukangi,2026-09-27T22:23:43Z,2026-09-27T22:23:43Z,jupiter,64.67334919522764,4154,,,,medium,,"NOW not as-of; {""isVerified"": null, ""tags"": [""token-2022"", ""unknown""], ""audit"": {""mintAuthorityDisabled"": true, ""freezeAuthorityDisabled"": true, ""topHoldersPercentage"": 18.578201171205404, ""devMi",2026-09-30T11:07:58Z
3iUTyNYW6xKv5kZUjtbrEDTsuJTrSVwvB3bQtxkLpump,bukangi,2026-09-27T22:23:43Z,2026-09-27T22:23:43Z,telegram,0,0,,,,,,,2026-09-30T11:07:58Z
CC5D6puFmcsnGaJh7kNXeAcRpL2SZzQfoQezvx45uKjt,WORLD,2026-09-27T22:23:43Z,2026-09-27T22:23:43Z,jupiter,52.98947203051719,2087,,,,medium,,"NOW not as-of; {""isVerified"": null, ""tags"": [""unknown"", ""token-2022""], ""audit"": {""mintAuthorityDisabled"": true, ""freezeAuthorityDisabled"": true, ""topHoldersPercentage"": 21.03315839835882, ""devMig",2026-09-30T11:07:58Z
CC5D6puFmcsnGaJh7kNXeAcRpL2SZzQfoQezvx45uKjt,WORLD,2026-09-27T22:23:43Z,2026-09-27T22:23:43Z,telegram,0,0,,,,,,,2026-09-30T11:07:58Z
J1yxV53EmVRmt9RUj6PPufMfdAYUbtgwXCuNYTBTsYzJ,JACK,2026-09-27T22:23:43Z,2026-09-27T22:23:43Z,jupiter,48.81983900073668,5258,,,,medium,,"NOW not as-of; {""isVerified"": null, ""tags"": [""unknown"", ""token-2022""], ""audit"": {""mintAuthorityDisabled"": true, ""freezeAuthorityDisabled"": true, ""topHoldersPercentage"": 18.243859996976177, ""devBa",2026-09-30T11:07:58Z
J1yxV53EmVRmt9RUj6PPufMfdAYUbtgwXCuNYTBTsYzJ,JACK,2026-09-27T22:23:43Z,2026-09-27T22:23:43Z,telegram,0,0,,,,,,,2026-09-30T11:07:58Z
6uPEdkU2xPg1iyfLzV1ssUwvve8nndA2sd6nBFrb1n58,NEARPAD,2026-09-27T22:23:43Z,2026-09-27T22:23:43Z,jupiter,34.86008914863619,2310,,,,medium,,"NOW not as-of; {""isVerified"": null, ""tags"": [""unknown"", ""token-2022""], ""audit"": {""mintAuthorityDisabled"": true, ""freezeAuthorityDisabled"": true, ""topHoldersPercentage"": 14.949261619741163, ""devBa",2026-09-30T11:07:58Z
6uPEdkU2xPg1iyfLzV1ssUwvve8nndA2sd6nBFrb1n58,NEARPAD,2026-09-27T22:23:43Z,2026-09-27T22:23:43Z,telegram,0,0,,,,,,,2026-09-30T11:07:58Z
Cgi54CNpHaYn4smqLH5tW8X5QxssMvi592My3tRoiHfX,BARSTOOL,2026-09-27T22:23:43Z,2026-09-27T22:23:43Z,jupiter,37.13295127861935,648,,,,medium,,"NOW not as-of; {""isVerified"": null, ""tags"": [""unknown"", ""token-2022""], ""audit"": {""mintAuthorityDisabled"": true, ""freezeAuthorityDisabled"": true, ""topHoldersPercentage"": 24.532492300318385, ""devMi",2026-09-30T11:07:58Z
Cgi54CNpHaYn4smqLH5tW8X5QxssMvi592My3tRoiHfX,BARSTOOL,2026-09-27T22:23:43Z,2026-09-27T22:23:43Z,telegram,0,0,,,,,,,2026-09-30T11:07:58Z
kFWgzdFBd6DERYGSWUrT3ZUUjoREcv14rHJCBSbpump,AROS,2026-09-27T22:23:43Z,2026-09-27T22:23:43Z,jupiter,0,286,,,,low,,"NOW not as-of; {""isVerified"": null, ""tags"": [""unknown"", ""token-2022""], ""audit"": {""mintAuthorityDisabled"": true, ""freezeAuthorityDisabled"": true, ""topHoldersPercentage"": 27.797884644691926, ""devBa",2026-09-30T11:07:59Z
kFWgzdFBd6DERYGSWUrT3ZUUjoREcv14rHJCBSbpump,AROS,2026-09-27T22:23:43Z,2026-09-27T22:23:43Z,telegram,0,0,,,,,,,2026-09-30T11:07:59Z
F1z5FQdToNDLQYJ72grqePaWJrcrf39HR4gaKA57ySUQ,Q4,2026-09-27T22:23:43Z,2026-09-27T22:23:43Z,jupiter,40.63329555289666,1531,,,,medium,,"NOW not as-of; {""isVerified"": null, ""tags"": [""unknown"", ""token-2022""], ""audit"": {""mintAuthorityDisabled"": true, ""freezeAuthorityDisabled"": true, ""topHoldersPercentage"": 19.406606681684753, ""devMi",2026-09-30T11:07:59Z
F1z5FQdToNDLQYJ72grqePaWJrcrf39HR4gaKA57ySUQ,Q4,2026-09-27T22:23:43Z,2026-09-27T22:23:43Z,telegram,0,0,,,,,,,2026-09-30T11:07:59Z
7BN68PVzqWV6EjK8J8Y6Q1h5C8FFD5ZRZVscXyJDpump,20xx,2026-09-27T22:23:43Z,2026-09-27T22:23:43Z,jupiter,56.438950037041316,1336,,,,medium,,"NOW not as-of; {""isVerified"": null, ""tags"": [""unknown"", ""token-2022""], ""audit"": {""mintAuthorityDisabled"": true, ""freezeAuthorityDisabled"": true, ""topHoldersPercentage"": 25.535228004591044, ""devMi",2026-09-30T11:07:59Z
7BN68PVzqWV6EjK8J8Y6Q1h5C8FFD5ZRZVscXyJDpump,20xx,2026-09-27T22:23:43Z,2026-09-27T22:23:43Z,telegram,0,0,,,,,,,2026-09-30T11:07:59Z
2yu92oYzBWLAdVpu8BoaLzmM1oxPsHoboay2BXmeDDZr,FROINK,2026-09-28T22:23:46Z,2026-09-28T22:23:46Z,jupiter,66.63829302773345,3708,,,,medium,,"NOW not as-of; {""isVerified"": true, ""tags"": [""verified"", ""token-2022""], ""audit"": {""mintAuthorityDisabled"": true, ""freezeAuthorityDisabled"": true, ""topHoldersPercentage"": 16.769588347321577, ""devM",2026-09-30T11:07:59Z
2yu92oYzBWLAdVpu8BoaLzmM1oxPsHoboay2BXmeDDZr,FROINK,2026-09-28T22:23:46Z,2026-09-28T22:23:46Z,telegram,0,0,,,,,,,2026-09-30T11:08:30Z
AfVUPhruMtJuFVtPj4u8kvpNbNEuy7VQ3ME5eAHq9999,STOXES,2026-09-28T22:23:46Z,2026-09-28T22:23:46Z,jupiter,54.635386629042216,2844,,,,medium,,"NOW not as-of; {""isVerified"": null, ""tags"": [""unknown""], ""audit"": {""mintAuthorityDisabled"": true, ""freezeAuthorityDisabled"": true, ""topHoldersPercentage"": 17.20882130545315, ""devMigrations"": 1, """,2026-09-30T11:08:30Z
AfVUPhruMtJuFVtPj4u8kvpNbNEuy7VQ3ME5eAHq9999,STOXES,2026-09-28T22:23:46Z,2026-09-28T22:23:46Z,telegram,0,0,,,,,,,2026-09-30T11:08:30Z
8DXqVUopcdviLvujTcpwEqkKzB43Arp6E1axzsEE5Btq,moin,2026-09-28T22:23:46Z,2026-09-28T22:23:46Z,jupiter,61.2892446494018,2841,,,,medium,,"NOW not as-of; {""isVerified"": null, ""tags"": [""unknown"", ""token-2022""], ""audit"": {""mintAuthorityDisabled"": true, ""freezeAuthorityDisabled"": true, ""topHoldersPercentage"": 22.003878435058173, ""devMi",2026-09-30T11:08:30Z
8DXqVUopcdviLvujTcpwEqkKzB43Arp6E1axzsEE5Btq,moin,2026-09-28T22:23:46Z,2026-09-28T22:23:46Z,telegram,0,0,,,,,,,2026-09-30T11:08:30Z
8n1Qyjo7LrQMFaZsTJ3K1qPkNRMxDmS6R4eDjkvjpump,HOOKEDCAT,2026-09-28T22:23:46Z,2026-09-28T22:23:46Z,jupiter,38.67640303011297,195,,,,medium,,"NOW not as-of; {""isVerified"": null, ""tags"": [""unknown"", ""token-2022""], ""audit"": {""mintAuthorityDisabled"": true, ""freezeAuthorityDisabled"": true, ""topHoldersPercentage"": 9.509776134769453, ""devMig",2026-09-30T11:08:30Z
8n1Qyjo7LrQMFaZsTJ3K1qPkNRMxDmS6R4eDjkvjpump,HOOKEDCAT,2026-09-28T22:23:46Z,2026-09-28T22:23:46Z,telegram,0,0,,,,,,,2026-09-30T11:08:30Z
C1mBfBoDkwWfd6uTFZp62ARHLjeVp3bDpCDMfMZtPngE,HOOKED,2026-09-28T22:23:46Z,2026-09-28T22:23:46Z,jupiter,74.79309980933618,3043,,,,medium,,"NOW not as-of; {""isVerified"": null, ""tags"": [""unknown""], ""audit"": {""mintAuthorityDisabled"": true, ""freezeAuthorityDisabled"": true, ""topHoldersPercentage"": 19.278307479387568, ""devMigrations"": 1, ",2026-09-30T11:08:30Z
C1mBfBoDkwWfd6uTFZp62ARHLjeVp3bDpCDMfMZtPngE,HOOKED,2026-09-28T22:23:46Z,2026-09-28T22:23:46Z,telegram,0,0,,,,,,,2026-09-30T11:08:30Z
E4vwseNWpkBxzNxyv3msVLCzYHU5SXrj1QWXEycypump,BOB,2026-09-28T22:23:46Z,2026-09-28T22:23:46Z,jupiter,66.189400495655,2714,,,,medium,,"NOW not as-of; {""isVerified"": null, ""tags"": [""unknown"", ""token-2022""], ""audit"": {""mintAuthorityDisabled"": true, ""freezeAuthorityDisabled"": true, ""topHoldersPercentage"": 21.034439273453145, ""devMi",2026-09-30T11:08:31Z
E4vwseNWpkBxzNxyv3msVLCzYHU5SXrj1QWXEycypump,BOB,2026-09-28T22:23:46Z,2026-09-28T22:23:46Z,telegram,0,0,,,,,,,2026-09-30T11:08:31Z
92BVgXufGjaMUyANA97dvg8LqNb5VMg2wgRfve9tPdCG,DELREY,2026-09-28T22:23:46Z,2026-09-28T22:23:46Z,jupiter,55.83443985961647,1051,,,,medium,,"NOW not as-of; {""isVerified"": null, ""tags"": [""unknown"", ""token-2022""], ""audit"": {""mintAuthorityDisabled"": true, ""freezeAuthorityDisabled"": true, ""topHoldersPercentage"": 19.33624904257804, ""devMig",2026-09-30T11:08:31Z
92BVgXufGjaMUyANA97dvg8LqNb5VMg2wgRfve9tPdCG,DELREY,2026-09-28T22:23:46Z,2026-09-28T22:23:46Z,telegram,0,0,,,,,,,2026-09-30T11:08:31Z
wQK5ZserCHkhUCJQJxLL7NKg4N3o3R9VTEqJFqfpump,VSOF,2026-09-28T22:23:46Z,2026-09-28T22:23:46Z,jupiter,0,189,,,,low,,"NOW not as-of; {""isVerified"": null, ""tags"": [""unknown"", ""token-2022""], ""audit"": {""mintAuthorityDisabled"": true, ""freezeAuthorityDisabled"": true, ""topHoldersPercentage"": 18.057681850344796, ""devBa",2026-09-30T11:08:31Z
wQK5ZserCHkhUCJQJxLL7NKg4N3o3R9VTEqJFqfpump,VSOF,2026-09-28T22:23:46Z,2026-09-28T22:23:46Z,telegram,0,0,,,,,,,2026-09-30T11:08:31Z
Y49yTFUyBiim3HQEiVnVKiiRPqTY2nNrJyvxsi4pump,USDF,2026-09-28T22:23:46Z,2026-09-28T22:23:46Z,jupiter,0,93,,,,low,,"NOW not as-of; {""isVerified"": null, ""tags"": [""unknown"", ""token-2022""], ""audit"": {""mintAuthorityDisabled"": true, ""freezeAuthorityDisabled"": true, ""topHoldersPercentage"": 16.131686123688265, ""devBa",2026-09-30T11:08:31Z
Y49yTFUyBiim3HQEiVnVKiiRPqTY2nNrJyvxsi4pump,USDF,2026-09-28T22:23:46Z,2026-09-28T22:23:46Z,telegram,0,0,,,,,,,2026-09-30T11:08:31Z
4Gkq4Eg4J2Ktv586YkyMuKBxj2PHoSekFZt6sgX2pump,VSOF,2026-09-28T22:23:46Z,2026-09-28T22:23:46Z,jupiter,0,11,,,,low,,"NOW not as-of; {""isVerified"": null, ""tags"": [""unknown"", ""token-2022""], ""audit"": {""mintAuthorityDisabled"": true, ""freezeAuthorityDisabled"": true, ""topHoldersPercentage"": 0.05609659591401738, ""devM",2026-09-30T11:08:31Z
4Gkq4Eg4J2Ktv586YkyMuKBxj2PHoSekFZt6sgX2pump,VSOF,2026-09-28T22:23:46Z,2026-09-28T22:23:46Z,telegram,0,0,,,,,,,2026-09-30T11:08:31Z
FjKd8GR4uwYQymh87VhknT7w5iS8qz1DM8ZHPCWZpump,HAUNTED,2026-09-28T22:23:46Z,2026-09-28T22:23:46Z,jupiter,0,274,,,,low,,"NOW not as-of; {""isVerified"": null, ""tags"": [""unknown"", ""token-2022""], ""audit"": {""mintAuthorityDisabled"": true, ""freezeAuthorityDisabled"": true, ""topHoldersPercentage"": 3.022858909517845, ""devMig",2026-09-30T11:08:32Z
FjKd8GR4uwYQymh87VhknT7w5iS8qz1DM8ZHPCWZpump,HAUNTED,2026-09-28T22:23:46Z,2026-09-28T22:23:46Z,telegram,0,0,,,,,,,2026-09-30T11:08:32Z
HGN8K3x5ZLfYNjvE8b1hCqqu7RwupuKU6EkEhemzpump,SNOWBALL,2026-09-28T22:23:46Z,2026-09-28T22:23:46Z,jupiter,66.51376249937283,1162,,,,medium,,"NOW not as-of; {""isVerified"": null, ""tags"": [""unknown"", ""token-2022""], ""audit"": {""mintAuthorityDisabled"": true, ""freezeAuthorityDisabled"": true, ""topHoldersPercentage"": 22.492061935269682, ""devMi",2026-09-30T11:08:32Z
HGN8K3x5ZLfYNjvE8b1hCqqu7RwupuKU6EkEhemzpump,SNOWBALL,2026-09-28T22:23:46Z,2026-09-28T22:23:46Z,telegram,0,0,,,,,,,2026-09-30T11:08:32Z
