night,mint,symbol,failed,V01,V17,V19,peak_pct,move24_pct
2026-09-22,Ai66LHZG9MCzg1WKdawwqduVAXpNDUuV8M3uyq5ppump,CATE,age,-6.93,-0.01,-6.93,12.3,-4.0
2026-09-22,Ge87EtsjwRQbHaqQmKRno69RFTwh9bfSsm99XNxTpump,Jimothy,age,-1.05,-1.92,-1.05,16.2,2.1
2026-09-22,5UUH9RTDiSpq6HKS6bp4NdU9PNJpXRXuiw6ShBTBhgH2,TROLL,age,2.99,-6.12,2.99,12.3,6.2
2026-09-22,Ce2gx9KGXJ6C9Mp5b5x1sn9Mg87JwEbrQby4Zqo3pump,neet,age,18.31,-0.65,18.31,27.8,22.1
2026-09-22,MukLDtJ8Cx9DxLbeyLRSWPSposTMWuwHANbuaudpump,OTC,age,93.65,-9.5,165.2,226.7,173.9
2026-09-22,Hg5Ja55T5wESq4vyFoiVCMeHXtGyVA69X2UHq8hgpump,baton,age,1.36,4.25,1.36,38.1,5.0
2026-09-22,Cm6fNnMk7NfzStP9CZpsQA2v3jjzbcYGAxdJySmHpump,Buttcoin,age,-2.78,1.62,-2.78,14.1,0.3
2026-09-22,J8PSdNP3QewKq2Z1JJJFDMaqF7KcaiJhR7gbr5KZpump,TripleT,age,-6.79,-4.48,-6.79,2.6,-3.8
2026-09-22,GiUHYs5Hsv94P8bR9m26DsXsX8E786rQsFsPK6spump,RICHDEBT,age,-52.75,-48.01,-97.65,52.2,-99.4
2026-09-24,82ezhRLKdKwkSC9jkM3js1yf93VbmvLXNMPkBmompump,SI,passed,-52.83,22.96,-4.73,76.2,-1.0
2026-09-24,BDKC1AV3saXrN8jKnWB2TTQmDD6z8CFdY55ku7eAfunk,FUNKOS,passed,-52.86,-62.34,-84.15,4.1,-83.5
2026-09-24,2PENPmfgJfq6CG3k4byj4oWwHf8SerqakmYHMkUupump,familiars,passed,93.07,-9.61,-48.87,119.5,-47.1
2026-09-24,7GUnr7krtQhJwd6ASY2VUprd9t4c64zcgCsjdmZepump,NPC,passed,-52.78,-65.81,219.24,347.3,232.2
2026-09-24,HSUMi4rMgjrx7zRUabw3ogGu1pa5hmF2eVcXj9Apump,goon,passed,91.33,-4.15,170.14,358.8,182.8
2026-09-24,UpBBfyC75u3kxDGWmmmW2yauk9YY3CqZhdt1KUDkids,SHARTCOIN,top10,-52.55,32.68,-55.63,76.6,-54.2
2026-09-24,MboMMGXjGDi45hfjCVzYru32kEM5nw7VzCqCofZpump,KCAT,passed,-52.92,6.56,-74.27,29.3,-73.2
2026-09-24,c4AtfqMRbC9FuHtVEHDhCm453tytU9E34MXXrp6bLuf,BLUF,top10,-53.0,-6.61,-67.4,34.2,-66.0
2026-09-24,2jcvq8QcJ8TzEYJKYMCjR61kXVSzib4mEkz89tQxpump,GIGACAT,top10,-53.21,-1.61,-55.51,92.7,-53.4
2026-09-24,5dvXTZ5qwgafnHtwu3Ls3QrWx1U4LQsFeCuJgkk4QEC6,EMBER,age,-25.94,-9.55,-25.94,2.4,-23.5
2026-09-24,4WECKfvfgEiojyZJq5Xm12Hvk76rhM4VHQAZGaELpump,JEANCOIN,passed,93.13,-14.88,147.49,158.3,156.4
2026-09-24,d9HSkRhbVEeUxFgFxoU8bwz59U7WS8XUzF9eVc3pump,VSOF,vol_h1,-100.02,-100.02,-100.02,1.4,-100.0
2026-09-24,8Vte25yt28L8BfLXm8DrzjSYEyaKX8yry6hRKRmX7FGd,UPTOBER,passed,90.96,25.62,23.43,174.7,29.1
2026-09-24,D1YZZg9dBZ7AbfknZVbaeVLto36eySwoFYEVhZrD4F4n,GO,lp,-6.38,8.69,-6.38,55.7,-3.3
2026-09-24,6TfTBpkgRX5kzb1qbtijV1nZVTfzfbmbXE1hPsFrpump,Agrippa,passed,-98.12,-98.12,-98.12,5.6,-97.8
2026-09-24,5pSEZw1iytqYznD7crsGyKNek7q5JkjBqj2KmfqxUVZd,CHONK,liq,-31.33,-29.58,-31.33,91.9,-27.4
2026-09-24,4pBpAeNKP3pwYjNbFDCC3QypG1WB6pM9s6ByHzYFAgwY,Goomba,liq,-54.68,-69.24,-81.81,26.3,-80.4
2026-09-24,6FDw6jns8g7czuRucp5993RBNRPvqtMfv5Jv3hjnpump,PARLAY,age,-53.49,-81.42,-87.59,2.3,-86.9
2026-09-24,qe5iaQ3GkKa1T11XvFirmyZZ7vy7uYZX994UhwVpump,JEANINU,vol_h1,-93.98,-27.11,-93.98,449.5,-93.2
2026-09-24,udPEzBjbGMzYZbuLtByqLYhc4TEs6EebG8R7fwdpump,TEXTIT,age,20.16,10.4,20.16,30.8,24.1
2026-09-24,8LHgAXXPbMVqd3wmAQbTu4NxuRRe3qowgUSLiKmFpump,dap,passed,-53.52,-62.72,-36.97,209.1,-33.5
2026-09-25,8J69rbLTzWWgUJziFY8jeu5tDwEPBwUz4pKBMr5rpump,WOJAK,age,-18.9,0.21,-18.9,18.9,-16.3
2026-09-25,DmQDfFpbKHna4MgtsZgBQYmyMSNJjvLAj6XjduqRpump,TRUMP,passed,-52.77,-91.5,-91.5,18.6,-99.6
2026-09-25,CbcyNo7m1amFWqEQm2m4PLv1UNvpcL3C1Ujm6AkzpKoU,e/acc,passed,92.43,1875.2,2768.83,4865.7,2920.0
2026-09-25,5g9PWcRUHpmqm5uKycpShKXJB18sGLeCEzgB3qrRpump,SWARM,passed,-1.23,-6.81,-1.23,92.9,2.7
2026-09-25,5NhN6zzDkzwXFGPFqtpTopV4ttBeZ6CWy1oRL9Rkpump,Bagwork,passed,-52.81,-14.32,-58.88,51.5,-57.3
2026-09-25,pwfAeX3kpWpkuumA6iodJxtVcGAen6BkRPToR2VqLp9,AMERICA,passed,-53.04,-43.93,-48.23,67.1,-46.0
2026-09-25,CTPoyCwkjMvoJwU4xvZZqoD8tiYk6yDchySiN5gGpump,fone,age,56.8,18.08,56.8,79.0,61.9
2026-09-25,jLz71QZfjnZZMLjUaCBw7KmUyftkkNq8NkWi2u9dyap,YAP,lp,92.48,106.25,386.48,743.9,406.7
2026-09-25,4G5YDqDvwgwSS3nLPDGDpGuetbG7rZYzNSBb1U4Tqbzi,ARENA,passed,34.79,-21.13,34.79,63.1,40.0
2026-09-25,HcRLc9VDgjLeK154xDawfb1dmVJ98DoSqcwTHGqiDeJR,ZCAT,age,30.6,-4.19,30.6,47.1,34.8
2026-09-25,nDZknLvfFRp5rgUHdzTrQsmSY5NKzoavqdLjSHVpump,COLLECT,passed,33.35,-25.8,33.35,89.5,38.0
2026-09-25,5iqjhP5ig6JWdXQf6hYAwojZeMf11pTCvH87gCQtpump,TTP,passed,-52.96,-14.37,-14.42,62.6,-10.8
2026-09-25,FF6t1UqgUXufL7FRgsnRk21fxQcRgVsUx7axMHXvDXLz,PATCH,age,-53.34,-90.71,-90.71,10.9,-95.7
2026-09-25,EGRv76STtVdNNwKdyMkQLQquYggcMuToXy92qS9pump,GHOSTGUY,passed,-53.28,-86.21,-91.0,8.5,-94.0
2026-09-25,GgsSaetRZNCuP9HEWjbojtVWByRWFxpr93S1wtGFpump,BLUEPRINT,passed,-52.89,-64.08,-49.68,187.3,-47.7
2026-09-25,BYPmzwqUT8NcDTWeGFbMQqafg7JHvLxfepjfF4Ahpump,VSOF,passed,-100.04,0.91,-100.04,19.8,-100.0
2026-09-25,3znS89gifim2Hhhu8wjb2PfSgaCDdma187D5NMkDpump,BRAIN,passed,-52.97,-78.24,-79.99,3.5,-79.2
2026-09-25,9EwEYhqzRHmE87ypWKUU1zZKP8uMeGdunmJ4etTmpump,JEANWORK,passed,-53.0,-91.72,-91.72,10.3,-98.5
2026-09-25,12V1bCbgyt36opKRToPSaBkrXE9sSc96K9cNcAonpump,$PLAY,lp,-52.66,-92.2,-92.2,17.7,-99.9
2026-09-25,9NPmnDgL39NmoivaE1XfiFWm7o61repcfkVyvyv9pump,merci,passed,-53.06,-88.94,-90.7,48.3,-95.3
2026-09-26,DRKGYsGALqr5p2aTcGLK9zqiPB5wk7JV78bJv4mPpump,SPLIT,passed,-52.73,-71.86,-90.57,12.3,-96.3
2026-09-26,5wW9mhbwq1HTFh341iimpmrqBB4mfxdXiYhdYBL7hUnp,KARDASHEV,passed,-52.69,-40.17,-90.59,77.5,-92.1
2026-09-26,7h5VKxAfQNPuiyT4y7QWe4CxkpzBAuV6tecWWgbfHs3,SpaceX,lp,78.61,78.61,78.61,88.6,84.5
2026-09-26,6TcFqnzyxFE6bZPqNL7MimUsvggheDQrjwKUhGUKJFXY,Rufo,age,-53.19,-60.09,-82.89,1.5,-82.1
2026-09-26,GDT8UZGGuaa9YAevWxh7yBcNvj4otQUv4xf6j4RsForK,FORK,passed,-53.36,-55.64,-83.48,38.3,-82.7
2026-09-26,J6rYa7tX5UeFs3dSKiSLjgq4RE7ywaorkSSjpykqSiSL,RELOOT,passed,-53.36,-58.08,-90.07,4.3,-89.6
2026-09-26,777XNvfVmvumMEc6M9yxJQJQnQtjbUYJyx53cqrwo777,7,passed,-52.6,-24.42,-52.15,36.3,-50.5
2026-09-26,9U1f18idDeySFnYrurxqT1f5n5nE4g4Uk5LLzP69bh1,SOLCAT,age,-52.69,-54.91,-68.44,1.8,-67.3
2026-09-26,J77QVaVJwY3Tww67NG1PYEW1EhbNfGvCMTWA8Taypump,Randomcoin,liq,83.41,-31.39,46.02,254.4,58.7
2026-09-26,FYM6PhwAS3QwTBwvgLj8JYeMgpNfKsWtW3hGxPM9eFkt,DEBT,vol_h1,-53.3,-42.85,-76.27,0.1,-75.1
2026-09-26,CMuvWQ6qQbSt7NUQdPGcVKCoDgETieuqS68qu6BaeVgR,Cream,passed,-52.8,-65.37,-89.67,4.3,-89.3
2026-09-26,9VRxuR3jRexKxGA1uMCDgPWyLnGnPEFAbyohUP7mMpCE,MONKEY,liq,-33.5,18.0,-33.5,95.7,-31.4
2026-09-26,31RA9skkRA92TEb6vzPR3SLP7CTnyC2i6kzsJNfmmJ7X,SCAT,liq,-52.52,-57.95,-74.76,10.9,-73.9
2026-09-26,ehegfG1UQEFSYKcV6ReiMupjheDm22FoQQukiDspump,VSOF,passed,-100.04,4.91,-100.04,8.7,-100.0
2026-09-26,pVhz9wZiepvcQsPNFS5L8wSf2RiPH5TojPPL4qspump,WAIF,passed,-99.92,-99.92,-99.92,7.5,-100.0
2026-09-26,esTx8dU5gKqXYcLx5JwnhfyJ3QKPpfGo1qu6m33pump,WWR,age,35.25,4.48,35.25,40.2,39.5
2026-09-26,WJoCm62bzS94tWSexdnzC3Gn7N9PcUxzKGyEX8Dpump,OURA,passed,-94.71,7.97,-94.71,44.4,-100.0
2026-09-26,12ppTUnBWHbGy11h3QsXiat2sydhLAgjevu55jYzpump,XBC,passed,43.72,3.72,43.72,48.8,48.3
2026-09-26,SaPFjDCz4bcrqVkU6JWjskJftp9jENNxP5T9Ur1pump,TIFFANY,liq,-53.67,-36.17,-77.21,28.0,-76.0
2026-09-26,4dBsoKgo7XypAQjKH8MYiddJ2VEhdK9kJpLYHJ6zpump,PAIDBOT,age,-52.82,43.12,-99.43,148.0,-99.5
2026-09-26,HgcxVs6kJhPAaGqnPNGaa7zYgNT49hJrLufiqcNMuYZT,FEELSGOOD,age,-34.76,-5.12,-34.76,30.6,-32.3
2026-09-26,8vdJA3MYhUhirZZzjZ5i8jXhNkHgrCnirCrqDG23pump,manifest,passed,93.32,-92.06,-92.06,269.8,-99.9
2026-09-27,8DXqVUopcdviLvujTcpwEqkKzB43Arp6E1axzsEE5Btq,moin,lp,-52.69,-53.6,-75.82,76.0,-75.0
2026-09-27,7tEsDuij7aj4b2jLUAS5oXcp6B3zWratYVmviS5zpump,VAULT,passed,-52.79,-47.12,-76.07,17.8,-75.2
2026-09-27,FJGWEmtCEtvyviC8w86twWNiTcXwn7YiAoHmJgxWpump,wiffomo,age,-52.78,-93.46,-93.46,21.6,-99.5
2026-09-27,6KqbfB3zL5SockYzfNAFHrTQ9429RZaRPPmQif68U2Hq,VBUCKS,age,-53.29,-83.75,-90.88,39.7,-90.9
2026-09-27,DHLXeQmBYoKBzWUN2ZgNdZmdqHKLoWNUDerkRxredWx,VAULT,lp,3.27,3.27,3.27,23.2,6.7
2026-09-27,FCEjmz9E9yqrGvGu4voUARtv11fwmyYm4JKuSoG2X5Gb,GACHA,liq,-54.02,-20.6,-64.92,43.5,-62.7
2026-09-27,DAemPFNc3RtibBDKkUA4eL2Ns11q9VRdbpptmqm8DGqN,CAKE,passed,91.47,167.34,632.05,1003.3,670.0
2026-09-27,B2kipu1WYBPBDQrCX5yv9p7dhjhG1FwwnxBjUDhSkbdG,RAMP,passed,-53.01,-55.16,-72.0,18.6,-70.8
2026-09-27,3iUTyNYW6xKv5kZUjtbrEDTsuJTrSVwvB3bQtxkLpump,bukangi,passed,-52.79,-2.29,-79.71,65.3,-78.9
2026-09-27,CC5D6puFmcsnGaJh7kNXeAcRpL2SZzQfoQezvx45uKjt,WORLD,passed,-19.63,-3.36,-19.63,81.7,-16.4
2026-09-27,J1yxV53EmVRmt9RUj6PPufMfdAYUbtgwXCuNYTBTsYzJ,JACK,passed,-52.9,-20.52,-73.02,8.3,-71.9
2026-09-27,7cXWSNTq71PZREBmGCBvZirkNwoGokWBQz9fWferViiV,ASTEROID,age,-52.73,-30.86,-62.47,4.7,-61.1
2026-09-27,6uPEdkU2xPg1iyfLzV1ssUwvve8nndA2sd6nBFrb1n58,NEARPAD,passed,-52.93,-59.31,-83.33,3.4,-82.7
2026-09-27,Cgi54CNpHaYn4smqLH5tW8X5QxssMvi592My3tRoiHfX,BARSTOOL,passed,-53.24,-35.21,-27.61,84.5,-24.1
2026-09-27,HNazMWySREpLBoyEdsXPPzvvc4eZ6avQDwqBko3vpump,MIGR,vol_h1,-53.4,-51.91,-78.74,49.4,-77.7
2026-09-27,kFWgzdFBd6DERYGSWUrT3ZUUjoREcv14rHJCBSbpump,AROS,passed,-97.59,1.84,-97.59,10.1,-100.0
2026-09-27,F1z5FQdToNDLQYJ72grqePaWJrcrf39HR4gaKA57ySUQ,Q4,passed,12.85,8.84,12.85,96.0,19.1
2026-09-27,7BN68PVzqWV6EjK8J8Y6Q1h5C8FFD5ZRZVscXyJDpump,20xx,passed,91.58,-25.5,42.18,140.8,48.3
2026-09-27,4Sbqpaa1pvn7RibuKc6caNJ77tjcQC9WuxHRnzdSpump,BOARD,vol_h1,-12.6,-13.45,-12.6,0.3,-8.1
2026-09-28,2yu92oYzBWLAdVpu8BoaLzmM1oxPsHoboay2BXmeDDZr,FROINK,passed,-52.74,-12.17,-68.44,97.2,-67.3
2026-09-28,AfVUPhruMtJuFVtPj4u8kvpNbNEuy7VQ3ME5eAHq9999,STOXES,passed,-52.73,-24.13,-81.91,44.4,-81.2
2026-09-28,8n1Qyjo7LrQMFaZsTJ3K1qPkNRMxDmS6R4eDjkvjpump,HOOKEDCAT,passed,92.64,4.12,-99.74,117.8,-99.6
2026-09-28,y1AZt42vceCmStjW4zetK3VoNarC1VxJ5iDjpiupump,FARTBOY,age,-9.23,-9.12,-9.23,11.8,-6.3
2026-09-28,C1mBfBoDkwWfd6uTFZp62ARHLjeVp3bDpCDMfMZtPngE,HOOKED,passed,92.8,54.61,-37.86,143.6,-35.6
2026-09-28,5tCju6YNxHq5zrA6tGndr6F7TK42mpUFmeE31cSFpump,swordcat,lp,92.27,-21.2,-49.18,102.5,-47.2
2026-09-28,E4vwseNWpkBxzNxyv3msVLCzYHU5SXrj1QWXEycypump,BOB,passed,-52.88,-11.06,-44.48,67.2,-42.3
2026-09-28,92BVgXufGjaMUyANA97dvg8LqNb5VMg2wgRfve9tPdCG,DELREY,passed,-53.04,-22.99,-62.38,24.6,-60.8
2026-09-28,2JaEmwMJ4wjJWMsHqy3Nz2WSzdTg39eUrdYSvotBh8S6,Slater,liq,-52.52,-14.03,-64.85,74.8,-63.7
2026-09-28,wQK5ZserCHkhUCJQJxLL7NKg4N3o3R9VTEqJFqfpump,VSOF,passed,-52.53,10.39,-100.04,34.0,-100.0
2026-09-28,Y49yTFUyBiim3HQEiVnVKiiRPqTY2nNrJyvxsi4pump,USDF,passed,-100.02,10.83,-100.02,26.8,-100.0
2026-09-28,BM2k8mJUbMthHoioykyUm2NjMrXvLBYhoXruwYLpump,LEVERAGE,liq,-53.6,45.95,-57.67,77.2,-55.3
2026-09-28,4Gkq4Eg4J2Ktv586YkyMuKBxj2PHoSekFZt6sgX2pump,VSOF,passed,-93.91,7.02,-93.91,16.3,-100.0
2026-09-28,DBorvZYRJMBHqrYGaVaLMhiRkQWe6BwP1Rth7SGysk6Q,zmr,liq,-53.61,-54.24,-70.08,48.7,-68.4
2026-09-28,FjKd8GR4uwYQymh87VhknT7w5iS8qz1DM8ZHPCWZpump,HAUNTED,passed,-53.17,-90.64,-90.64,58.5,-97.2
2026-09-28,HGN8K3x5ZLfYNjvE8b1hCqqu7RwupuKU6EkEhemzpump,SNOWBALL,passed,90.07,101.33,123.76,385.5,135.7
