variant,exit,measured,n,total,exp,trim3,win,rug,top4_exp,top4_n,v01_same,bar,qualifies
E01,V01,77,31,-125.5,-4.0,-14.4,12,3,1.8,24,-4.0,55.0,False
E01,V17,77,31,-656.6,-21.2,-31.9,8,6,-20.7,24,-4.0,55.0,False
E02,V01,77,60,-148.2,-2.5,-7.5,23,5,24.0,24,-2.5,56.5,False
E02,V17,77,60,-974.5,-16.2,-22.0,20,10,-18.5,24,-2.5,56.5,False
E03,V01,77,30,-72.2,-2.4,-12.9,12,3,1.8,24,-2.4,56.6,False
E03,V17,77,30,-643.8,-21.5,-32.6,8,6,-21.0,24,-2.4,56.6,False
E04,V01,77,15,-55.3,-3.7,-27.7,6,1,-0.2,14,-3.7,55.3,False
E04,V17,77,15,-165.5,-11.0,-31.6,5,3,-4.9,14,-3.7,55.3,False
E05,V01,77,10,62.4,6.2,-30.3,5,1,6.2,10,6.2,65.2,False
E05,V17,77,10,61.6,6.2,-21.7,4,1,6.2,10,6.2,65.2,False
E06,V01,12,12,-275.8,-23.0,-37.4,1,0,-23.0,12,-23.0,36.0,False
E06,V17,12,12,-107.0,-8.9,-19.5,5,0,-8.9,12,-23.0,36.0,False
M01,V01,101,1,93.1,93.1,0,1,0,93.1,1,93.1,152.1,False
M01,V17,101,1,-14.9,-14.9,0,0,0,-14.9,1,93.1,152.1,False
M02,V01,101,77,-873.6,-11.3,-15.6,25,7,6.5,44,-11.3,47.7,False
M02,V17,101,77,350.5,4.6,-24.4,26,9,20.1,44,-11.3,47.7,False
M03,V01,98,68,-1145.8,-16.9,-21.9,20,8,-1.1,43,-16.9,42.1,False
M03,V17,98,68,325.7,4.8,-28.0,22,8,22.3,43,-16.9,42.1,False
M04,V01,135,4,-211.1,-52.8,-52.9,0,0,-52.8,4,-52.8,6.2,False
M04,V17,135,4,-132.5,-33.1,-59.3,0,0,-33.1,4,-52.8,6.2,False
M05,V01,77,18,-1180.0,-65.6,-93.5,3,13,-63.7,12,-65.6,-6.6,False
M05,V17,77,18,-94.0,-5.2,-16.2,14,4,3.1,12,-65.6,-6.6,False
M06,V01,43,14,272.5,19.5,-0.4,7,0,25.0,13,19.5,78.5,False
M06,V17,43,14,-415.0,-29.6,-49.3,3,3,-30.7,13,19.5,78.5,False
M07,V01,43,15,-9.9,-0.7,-24.2,6,2,3.1,14,-0.7,58.3,False
M07,V17,43,15,-337.5,-22.5,-44.7,5,3,-22.6,14,-0.7,58.3,False
M08,V01,43,13,-193.7,-14.9,-47.4,4,2,-14.9,13,-14.9,44.1,False
M08,V17,43,13,-473.8,-36.4,-54.7,3,3,-36.4,13,-14.9,44.1,False
M09,V01,77,63,-640.8,-10.2,-15.4,22,9,24.0,24,-10.2,48.8,False
M09,V17,77,63,-1015.2,-16.1,-21.0,23,10,-18.5,24,-10.2,48.8,False
