ts,o,h,l,c,v
1790288820,5.432034436023957e-05,5.525232611624568e-05,5.348814590315282e-05,5.4246690129897696e-05,209.36537942284946
1790288880,5.4246690129897696e-05,5.55708290309739e-05,5.410054645663797e-05,5.471607954730438e-05,188.35609225691
1790288940,5.471607954730438e-05,6.062810907514099e-05,5.4494753574005785e-05,6.062810907514099e-05,638.562599684498
1790289000,6.062810907514099e-05,6.115300799162042e-05,5.730873500732852e-05,5.7553763739354226e-05,469.41404124026565
1790289060,5.7553763739354226e-05,5.8364769520003165e-05,5.7208788753756596e-05,5.8364390684620775e-05,79.22507625360994
1790289120,5.8364390684620775e-05,5.844678894640711e-05,5.612070194461983e-05,5.7097601280866635e-05,259.5041410323098
1790289180,5.7097601280866635e-05,5.792007723532822e-05,5.6420483781426586e-05,5.792007723532822e-05,183.82597953336736
1790289240,5.792007723532822e-05,6.207857435953446e-05,5.792007723532822e-05,6.207857435953446e-05,462.34412262836025
1790289300,6.207857435953446e-05,6.525438991493386e-05,5.8736351003419873e-05,6.503519042784773e-05,874.4042499306366
1790289360,6.503519042784773e-05,6.503519042784773e-05,6.247342132407771e-05,6.247342132407771e-05,163.95203088826503
1790289420,6.247342132407771e-05,6.339484496946619e-05,6.175526911996151e-05,6.251654836679137e-05,330.8483359347842
1790289480,6.251654836679137e-05,6.263496408442614e-05,6.13721618621249e-05,6.202593354337897e-05,123.77343337571652
1790289540,6.202593354337897e-05,6.247728060946437e-05,6.202593354337897e-05,6.244372588761122e-05,45.14681881983943
1790289600,6.244372588761122e-05,6.248890298271112e-05,6.114364507064994e-05,6.114364507064994e-05,125.613931349804
1790289660,6.114364507064994e-05,6.209081041369496e-05,6.059506136007656e-05,6.059506136007656e-05,145.63496870120318
1790289720,6.059506136007656e-05,6.059506136007656e-05,5.478981320589059e-05,5.59694827582161e-05,641.6221125239722
1790289780,5.59694827582161e-05,5.59694827582161e-05,4.7720048313012496e-05,4.894248740000495e-05,848.3162242259381
1790289840,4.894248740000495e-05,5.632612887389482e-05,4.4854462963354815e-05,4.563952104467006e-05,2149.172343077139
1790289900,4.563952104467006e-05,4.638329270242582e-05,3.6246001037026156e-05,3.740464724285122e-05,2364.0107952916665
1790289960,3.740464724285122e-05,4.2325485334915986e-05,3.740464724285122e-05,4.2325485334915986e-05,883.3104474504992
1790290020,4.2325485334915986e-05,4.3176120808929546e-05,4.0642350035264786e-05,4.170744239882867e-05,445.60866860430536
1790290080,4.170744239882867e-05,4.177442969211516e-05,4.051936280063732e-05,4.135194609813776e-05,227.67921582813122
1790290140,4.135194609813776e-05,4.37611894758266e-05,4.135194609813776e-05,4.37611894758266e-05,256.0230646002002
1790290200,4.37611894758266e-05,4.382249603469636e-05,4.209236479405262e-05,4.234507160667938e-05,218.9527786450078
1790290260,4.234507160667938e-05,4.234507160667938e-05,3.809626716419997e-05,3.810829505641188e-05,523.867160180367
1790290320,3.810829505641188e-05,4.0436558955024366e-05,3.810829505641188e-05,3.978856291494e-05,339.3744139382556
1790290380,3.978856291494e-05,4.2834168326380954e-05,3.9688883514808945e-05,4.227029885800276e-05,345.02635833153016
1790290440,4.227029885800276e-05,4.283306410749585e-05,4.131061038600687e-05,4.138849222403472e-05,152.45410260279021
1790290500,4.138849222403472e-05,4.2531777724691285e-05,4.0952453636938144e-05,4.2531777724691285e-05,340.32167280881833
1790290560,4.2531777724691285e-05,4.4054669570664235e-05,4.2531777724691285e-05,4.347247737831016e-05,124.31995047717774
1790290620,4.347247737831016e-05,4.401882866307004e-05,4.200622563587754e-05,4.254280846319567e-05,180.5469274687417
1790290680,4.254280846319567e-05,4.26290653043142e-05,4.190501167095793e-05,4.223059833999917e-05,93.87614800605674
1790290740,4.223059833999917e-05,4.2644164689670986e-05,4.120769177607464e-05,4.120769177607464e-05,228.11176357731574
1790290800,4.120769177607464e-05,4.245711516763449e-05,4.063604490541532e-05,4.245711516763449e-05,168.0450776175725
1790290860,4.245711516763449e-05,4.251917241812095e-05,4.191933060705317e-05,4.191933060705317e-05,15.40278535331806
1790290920,4.191933060705317e-05,4.725663282103188e-05,4.191933060705317e-05,4.712024282330099e-05,651.9054767895725
1790290980,4.712024282330099e-05,5.018391942204196e-05,4.706669287419123e-05,5.018391942204196e-05,473.6634283802544
1790291040,5.018391942204196e-05,5.049029014882275e-05,4.92683777494188e-05,4.932094989058773e-05,331.25528574385766
1790291100,4.932094989058773e-05,5.008881792207607e-05,4.8960969273540965e-05,5.008881792207607e-05,82.77442213358434
1790291160,5.008881792207607e-05,5.038111199933539e-05,4.822038628074529e-05,4.887354045201116e-05,289.6678335301765
1790291220,4.887354045201116e-05,4.887354045201116e-05,4.670173578970516e-05,4.670173578970516e-05,193.96413647476115
1790291280,4.670173578970516e-05,4.670173578970516e-05,4.531997864061314e-05,4.538565889835416e-05,159.95679132626447
1790291340,4.538565889835416e-05,4.592699951252049e-05,4.1513314511205986e-05,4.1513314511205986e-05,474.49092401030293
1790291400,4.1513314511205986e-05,4.1896583057856926e-05,3.756922256003108e-05,3.8110146541860826e-05,656.707156126775
1790291460,3.8110146541860826e-05,4.2935627058661216e-05,3.8110146541860826e-05,4.239048972489898e-05,981.6337560253418
1790291520,4.239048972489898e-05,4.239048972489898e-05,4.114183822622069e-05,4.114183822622069e-05,233.57254930735465
1790291580,4.114183822622069e-05,4.114183822622069e-05,4.0241735187895876e-05,4.0241735187895876e-05,102.13609148147299
1790291640,4.0241735187895876e-05,4.0849956665778444e-05,4.0241735187895876e-05,4.0849956665778444e-05,17.038344324057636
1790291700,4.0849956665778444e-05,4.5228657285616113e-05,4.0764236537733544e-05,4.5228657285616113e-05,558.335436606618
1790291760,4.5228657285616113e-05,4.5423920379942394e-05,4.110285922954306e-05,4.162298489595718e-05,481.51780686840164
1790291820,4.162298489595718e-05,4.182648602867732e-05,3.9594046145564435e-05,3.963401105758649e-05,256.7409068754262
1790291880,3.963401105758649e-05,3.963401105758649e-05,3.67061754595857e-05,3.67061754595857e-05,510.46536999999495
1790291940,3.67061754595857e-05,3.67061754595857e-05,3.46282378171591e-05,3.514424246912017e-05,335.3772499118688
1790292000,3.514424246912017e-05,3.575540026124189e-05,3.3296108581532255e-05,3.463553787465979e-05,846.8499318980989
1790292060,3.463553787465979e-05,3.508881255101893e-05,3.333944373303781e-05,3.384252669052791e-05,201.6654623626428
1790292120,3.384252669052791e-05,3.384252669052791e-05,3.327122055168888e-05,3.327122055168888e-05,47.50364213210754
1790292180,3.327122055168888e-05,3.359869556838594e-05,3.115664367879763e-05,3.118600398948954e-05,529.7221634810968
1790292240,3.118600398948954e-05,3.155552286384128e-05,3.0395083191426793e-05,3.0395083191426793e-05,215.00027081793758
1790292300,3.0395083191426793e-05,3.0395083191426793e-05,3.0027115825189326e-05,3.0027115825189326e-05,38.020041144919134
1790292360,3.0027115825189326e-05,3.127254392942036e-05,3.0027115825189326e-05,3.062234127395695e-05,212.2893614207746
1790292420,3.062234127395695e-05,3.24415824435129e-05,3.053553938789643e-05,3.24415824435129e-05,233.63185761025747
1790292480,3.24415824435129e-05,3.276785739755529e-05,3.118905905449208e-05,3.1198796418738746e-05,214.5097086794467
1790292540,3.1198796418738746e-05,3.169699658314354e-05,2.8837090848109063e-05,2.8837090848109063e-05,379.8320257425985
1790292600,2.8837090848109063e-05,3.339853332046682e-05,2.8393986527904087e-05,3.181868978046174e-05,1647.0827426907588
1790292660,3.181868978046174e-05,3.2080845271571275e-05,3.1307846621740775e-05,3.138940317121122e-05,130.79260533820164
1790292720,3.138940317121122e-05,3.28624683056515e-05,3.138940317121122e-05,3.277796546063819e-05,176.2675782886512
1790292780,3.277796546063819e-05,3.277796546063819e-05,3.2401542366236636e-05,3.2401542366236636e-05,2.7084104863731193
1790292840,3.2401542366236636e-05,3.2401542366236636e-05,3.194551903420436e-05,3.235752131793138e-05,59.14219411861868
1790292900,3.235752131793138e-05,3.235752131793138e-05,3.159459224736373e-05,3.1830161052740404e-05,65.12085311967367
1790292960,3.1830161052740404e-05,3.1830161052740404e-05,3.078317249114762e-05,3.078317249114762e-05,109.78692845332894
1790293020,3.078317249114762e-05,3.110161443680378e-05,3.072146320265454e-05,3.110161443680378e-05,8.897301757891368
1790293080,3.110161443680378e-05,3.1448373800183346e-05,3.066410431600236e-05,3.1021081496981506e-05,72.44559917439969
1790293140,3.1021081496981506e-05,3.1021081496981506e-05,3.017626838585496e-05,3.017626838585496e-05,169.51866993305512
1790293200,3.017626838585496e-05,3.5191855278816556e-05,2.977671162737781e-05,3.5191855278816556e-05,725.8569241341339
1790293260,3.5191855278816556e-05,3.647817654596631e-05,3.5191855278816556e-05,3.563029616703432e-05,255.05456569761262
1790293320,3.563029616703432e-05,3.563029616703432e-05,3.511269589591712e-05,3.538663293880181e-05,227.53476100829462
1790293380,3.538663293880181e-05,3.538663293880181e-05,3.485285002617935e-05,3.527375031763287e-05,70.37215407670661
1790293500,3.527375031763287e-05,3.527375031763287e-05,3.318776106699454e-05,3.318776106699454e-05,222.0913875475487
1790293560,3.318776106699454e-05,3.3960439303372407e-05,3.318776106699454e-05,3.3960439303372407e-05,72.35938942455776
1790293620,3.3960439303372407e-05,3.407121121187749e-05,3.3960439303372407e-05,3.407121121187749e-05,2.7137908956997525
1790293680,3.407121121187749e-05,3.872106037185253e-05,3.358105227916881e-05,3.70929833521966e-05,916.123598568054
1790293740,3.70929833521966e-05,3.70929833521966e-05,3.1989278741607536e-05,3.1989278741607536e-05,544.9900900852545
1790293860,3.1989278741607536e-05,3.1989278741607536e-05,3.0268212676475313e-05,3.0268212676475313e-05,230.58907872902432
1790293920,3.0268212676475313e-05,3.116327567658414e-05,3.0268212676475313e-05,3.057992733896904e-05,217.21414221555156
1790293980,3.057992733896904e-05,3.1089760089283296e-05,3.057992733896904e-05,3.0802715508062346e-05,57.02488927627047
1790294040,3.0802715508062346e-05,3.0802715508062346e-05,3.0772106829956546e-05,3.0772106829956546e-05,7.329507124296678
1790294100,3.0772106829956546e-05,3.0772106829956546e-05,3.0041036037654156e-05,3.0041036037654156e-05,145.96171990552267
1790294160,3.0041036037654156e-05,3.005036725597404e-05,2.877461990852593e-05,2.877461990852593e-05,243.5986449383422
1790294220,2.877461990852593e-05,2.8838991339667982e-05,2.824281986452772e-05,2.824281986452772e-05,60.46105172542972
1790294280,2.824281986452772e-05,2.824281986452772e-05,2.391135242709131e-05,2.391135242709131e-05,980.6022964742631
1790294340,2.391135242709131e-05,2.4646042421399507e-05,2.370490773305445e-05,2.428006400225142e-05,173.70879606006312
1790294400,2.428006400225142e-05,2.5505106051870838e-05,2.428006400225142e-05,2.5428889402808876e-05,191.28205986948726
1790294460,2.5428889402808876e-05,2.5517771604936344e-05,2.5428889402808876e-05,2.5517771604936344e-05,2.8278692223486126
1790294520,2.5517771604936344e-05,2.58381458141482e-05,2.4561391265448244e-05,2.5454946463214467e-05,522.5687553971642
1790294580,2.5454946463214467e-05,2.5454946463214467e-05,2.495646539273987e-05,2.495646539273987e-05,209.63262779588354
1790294640,2.495646539273987e-05,2.6478338759621974e-05,2.3863540540119323e-05,2.6138456163983488e-05,562.8432475535401
1790294700,2.6138456163983488e-05,2.81206095251127e-05,2.6138456163983488e-05,2.7440028101637657e-05,300.6265903719937
1790294760,2.7440028101637657e-05,2.8268912677622413e-05,2.677070748426263e-05,2.677070748426263e-05,398.80808279057175
1790294880,2.677070748426263e-05,2.677070748426263e-05,2.5458987186033855e-05,2.54641145243218e-05,81.29805022791774
1790294940,2.54641145243218e-05,2.587888942139416e-05,2.54641145243218e-05,2.587888942139416e-05,31.075763741868446
1790295000,2.587888942139416e-05,2.5965255693211033e-05,2.587888942139416e-05,2.5965255693211033e-05,0.6763845395839616
1790295060,2.5965255693211033e-05,2.5965255693211033e-05,2.5593054866456285e-05,2.5593054866456285e-05,14.2057961892079
1790295120,2.5593054866456285e-05,2.5593054866456285e-05,2.544305376424849e-05,2.544305376424849e-05,41.5799610463573
1790295180,2.544305376424849e-05,2.544305376424849e-05,2.5325458918402515e-05,2.5325458918402515e-05,5.677697926571766
1790295240,2.5325458918402515e-05,2.565535233306545e-05,2.530898503361659e-05,2.565535233306545e-05,22.876370208018642
1790295420,2.565535233306545e-05,2.5866768707636325e-05,2.289935892955368e-05,2.3999002593031846e-05,715.2989643241324
1790295480,2.3999002593031846e-05,2.411031509498967e-05,2.215408186096181e-05,2.2647082263370427e-05,387.3976133933912
1790295540,2.2647082263370427e-05,2.2647082263370427e-05,2.1862561293806967e-05,2.1862561293806967e-05,86.65027364049126
1790295600,2.1862561293806967e-05,2.1862561293806967e-05,2.165232334119771e-05,2.165232334119771e-05,40.42185208467455
1790295660,2.165232334119771e-05,2.3076779886313912e-05,2.165232334119771e-05,2.2494280590717722e-05,252.88827682382473
1790295720,2.2494280590717722e-05,2.307115213343399e-05,2.2494280590717722e-05,2.307115213343399e-05,71.16292715242015
1790295780,2.307115213343399e-05,2.7589342863340356e-05,2.164858339098141e-05,2.7589342863340356e-05,1212.0236461959882
1790295840,2.7589342863340356e-05,2.920336984313206e-05,2.508152696012829e-05,2.8715356402675068e-05,1703.1647586090937
1790295900,2.8715356402675068e-05,2.8889227163572137e-05,2.8140110242418975e-05,2.8218736608862522e-05,304.1358757608116
1790295960,2.8218736608862522e-05,3.133097380161446e-05,2.8218736608862522e-05,3.133097380161446e-05,682.4429317583265
1790296020,3.133097380161446e-05,3.133097380161446e-05,3.009489785976814e-05,3.009489785976814e-05,278.2301328297059
1790296080,3.009489785976814e-05,3.0263803604602514e-05,2.7153421616054226e-05,2.991885985735668e-05,966.6890016630363
1790296140,2.991885985735668e-05,2.991885985735668e-05,2.8907389789013007e-05,2.9269945615748625e-05,99.73812078014973
1790296200,2.9269945615748625e-05,2.985568173963015e-05,2.9269945615748625e-05,2.985568173963015e-05,101.26653304623197
1790296260,2.985568173963015e-05,3.08969515275009e-05,2.985568173963015e-05,3.08969515275009e-05,176.97321369102917
1790296320,3.08969515275009e-05,3.08969515275009e-05,3.012037143502521e-05,3.012037143502521e-05,172.66811444656076
1790296380,3.012037143502521e-05,3.01406988960444e-05,2.9783280938806926e-05,2.9783280938806926e-05,80.87342385253974
1790296440,2.9783280938806926e-05,2.9783280938806926e-05,2.948110364749131e-05,2.948110364749131e-05,31.1154398155007
1790296500,2.948110364749131e-05,2.9835976417954257e-05,2.948110364749131e-05,2.9835976417954257e-05,4.6076115027634525
1790296560,2.9835976417954257e-05,2.9835976417954257e-05,2.9471134597316257e-05,2.9471134597316257e-05,3.0952625365085593
1790296620,2.9471134597316257e-05,2.9867727564462853e-05,2.9471134597316257e-05,2.9867727564462853e-05,14.179444460804737
1790296680,2.9867727564462853e-05,2.9867727564462853e-05,2.9519879065324374e-05,2.9519879065324374e-05,5.924277862781144
1790296740,2.9519879065324374e-05,2.9908555361883267e-05,2.9479421112903703e-05,2.9479421112903703e-05,15.785846128850135
1790296800,2.9479421112903703e-05,3.0170430707946905e-05,2.9479421112903703e-05,3.0170430707946905e-05,86.21755630684736
1790296860,3.0170430707946905e-05,3.203188566353374e-05,3.0170430707946905e-05,3.1715988936492427e-05,232.51656543041716
1790296920,3.1715988936492427e-05,3.1715988936492427e-05,3.087680190402355e-05,3.139047345887204e-05,163.24849335808844
1790296980,3.139047345887204e-05,3.20231275999661e-05,3.105786796357759e-05,3.20231275999661e-05,177.79096836674498
1790297040,3.20231275999661e-05,3.267129077382012e-05,3.20231275999661e-05,3.267129077382012e-05,61.914434439431844
1790297100,3.267129077382012e-05,3.2858938001350715e-05,3.267129077382012e-05,3.2858938001350715e-05,28.94594859891257
1790297220,3.2858938001350715e-05,3.3356916730950385e-05,3.2858938001350715e-05,3.3356916730950385e-05,97.82715980377941
1790297280,3.3356916730950385e-05,3.393543950871294e-05,3.3356916730950385e-05,3.393543950871294e-05,57.37840233781938
1790297340,3.393543950871294e-05,3.393543950871294e-05,3.064173323092809e-05,3.065665681782909e-05,426.08834003891855
1790297400,3.065665681782909e-05,3.065665681782909e-05,2.9657926629294262e-05,2.9657926629294262e-05,187.89055745948565
1790297460,2.9657926629294262e-05,3.040617211324314e-05,2.9616505496592263e-05,3.040617211324314e-05,112.12810479553521
1790297520,3.040617211324314e-05,3.040617211324314e-05,2.8944370427889706e-05,2.8964637609014275e-05,693.1561385399114
1790297580,2.8964637609014275e-05,2.951101819250594e-05,2.8964637609014275e-05,2.9367912185042204e-05,41.59083982590251
1790297640,2.9367912185042204e-05,2.9832796689111182e-05,2.9367912185042204e-05,2.9832796689111182e-05,22.704006850148144
1790297700,2.9832796689111182e-05,2.9832796689111182e-05,2.9366014443427113e-05,2.9366014443427113e-05,40.53695629058412
1790297760,2.9366014443427113e-05,2.9366014443427113e-05,2.8832364734955205e-05,2.8832364734955205e-05,65.47189302279683
1790297820,2.8832364734955205e-05,3.592740121978426e-05,2.8832364734955205e-05,3.067343304427636e-05,1990.9139000479734
1790297880,3.067343304427636e-05,3.067343304427636e-05,2.915502973495273e-05,2.915502973495273e-05,134.9926874028909
1790297940,2.915502973495273e-05,2.915502973495273e-05,2.8245489262992006e-05,2.8245489262992006e-05,213.21834728158683
1790298000,2.8245489262992006e-05,2.8245489262992006e-05,2.431138781048108e-05,2.4577203050161922e-05,651.3835018345384
1790298060,2.4577203050161922e-05,2.4634872338220276e-05,2.426049435442488e-05,2.4634872338220276e-05,41.1752726427184
1790298120,2.4634872338220276e-05,2.47231300350351e-05,2.4357436187806778e-05,2.4357436187806778e-05,17.169833927822783
1790298180,2.4357436187806778e-05,2.4357436187806778e-05,2.4109663848996806e-05,2.4109663848996806e-05,59.40788664075747
1790298240,2.4109663848996806e-05,2.4116027958220463e-05,2.3897035254593802e-05,2.4116027958220463e-05,32.81063793108239
1790298360,2.4116027958220463e-05,2.4148287943408283e-05,2.3860208798368327e-05,2.3860208798368327e-05,15.966155504614424
1790298420,2.3860208798368327e-05,2.4517529710441803e-05,2.3860208798368327e-05,2.4517529710441803e-05,116.15828348353944
1790298480,2.4517529710441803e-05,2.4517529710441803e-05,2.281534499493425e-05,2.281534499493425e-05,335.229998341722
1790298540,2.281534499493425e-05,2.281534499493425e-05,2.0973181124395397e-05,2.0973181124395397e-05,399.1469060752146
1790298600,2.0973181124395397e-05,2.205987683969226e-05,2.0973181124395397e-05,2.1799943185103345e-05,202.4119610523016
1790298660,2.1799943185103345e-05,2.1799943185103345e-05,2.1677908441095406e-05,2.1677908441095406e-05,10.675541293925926
1790298720,2.1677908441095406e-05,2.1677908441095406e-05,2.161762090512931e-05,2.161762090512931e-05,12.795225282578574
1790298780,2.161762090512931e-05,2.197362891997704e-05,2.161762090512931e-05,2.178544430907774e-05,33.77487823860191
1790298840,2.178544430907774e-05,2.1792950540531507e-05,2.1707283049854684e-05,2.1707283049854684e-05,23.696483496248973
1790298960,2.1707283049854684e-05,2.2645842040764966e-05,2.1707283049854684e-05,2.219335475252687e-05,153.94148001360776
1790299080,2.219335475252687e-05,2.219335475252687e-05,2.214075424214108e-05,2.2143648178735564e-05,3.345354684787955
1790299140,2.2143648178735564e-05,2.2143648178735564e-05,2.211993714345314e-05,2.211993714345314e-05,0.10399471873901917
1790299200,2.211993714345314e-05,2.444148267705613e-05,2.211993714345314e-05,2.3893358135217415e-05,403.08809098441566
1790299260,2.3893358135217415e-05,2.4225889010299647e-05,2.3663498081618413e-05,2.3975036499385938e-05,64.52714835344777
1790299320,2.3975036499385938e-05,2.3975036499385938e-05,2.3434736190206733e-05,2.3828437509941107e-05,184.24487808249233
1790299380,2.3828437509941107e-05,2.3828437509941107e-05,2.344812689572822e-05,2.344812689572822e-05,14.713769944785065
1790299500,2.344812689572822e-05,2.37451126151353e-05,2.344812689572822e-05,2.37451126151353e-05,0.5767943931958656
1790299560,2.37451126151353e-05,2.37451126151353e-05,2.2918213696147495e-05,2.2918213696147495e-05,88.05441199840347
1790299620,2.2918213696147495e-05,2.2936106594496463e-05,2.261510864676726e-05,2.2936106594496463e-05,96.95313541485798
1790299800,2.2936106594496463e-05,2.2936106594496463e-05,2.2661967792342677e-05,2.2661967792342677e-05,0.06617960902541092
1790299920,2.2661967792342677e-05,2.31613874474696e-05,2.2661967792342677e-05,2.31613874474696e-05,46.327930703702435
1790299980,2.31613874474696e-05,2.3301223271113592e-05,2.301345594036679e-05,2.3294909385382712e-05,17.748783793195084
1790300040,2.3294909385382712e-05,2.3324796656070965e-05,2.3294909385382712e-05,2.3324796656070965e-05,11.568989041513492
1790300100,2.3324796656070965e-05,2.3324796656070965e-05,2.2937722233323885e-05,2.2937722233323885e-05,45.53486076426097
1790300220,2.2937722233323885e-05,2.3467432511391662e-05,2.2937722233323885e-05,2.3467432511391662e-05,97.57397158252515
1790300280,2.3467432511391662e-05,2.3467432511391662e-05,2.3285629983097056e-05,2.3285629983097056e-05,33.524331194327544
1790300340,2.3285629983097056e-05,2.3685268602463982e-05,2.3285629983097056e-05,2.3685268602463982e-05,34.74030614460352
1790300460,2.3685268602463982e-05,2.3685268602463982e-05,2.333702234239451e-05,2.3628108384756836e-05,25.87492272446001
1790300520,2.3628108384756836e-05,2.3628108384756836e-05,2.3397221332605004e-05,2.3397221332605004e-05,0.4236838236938364
1790300700,2.3397221332605004e-05,2.350353742705025e-05,2.3283826916217765e-05,2.350353742705025e-05,46.76721798502891
1790300760,2.350353742705025e-05,2.350353742705025e-05,2.3250069242290808e-05,2.3250069242290808e-05,0.7992472301269762
1790300820,2.3250069242290808e-05,2.355129402312639e-05,2.3246586988581274e-05,2.355129402312639e-05,0.5174399955718781
1790300880,2.355129402312639e-05,2.355129402312639e-05,2.3235881541081706e-05,2.3235881541081706e-05,4.3167250446751755
1790300940,2.3235881541081706e-05,2.3235881541081706e-05,2.2917691774304572e-05,2.2917691774304572e-05,97.8278229737126
1790301060,2.2917691774304572e-05,2.2917691774304572e-05,2.2613699564449374e-05,2.2616839298491693e-05,1.2729560079088342
1790301180,2.2616839298491693e-05,2.2667714440932516e-05,2.2352859413335726e-05,2.2667714440932516e-05,53.92418706902508
1790301420,2.2667714440932516e-05,2.270108737321286e-05,2.2412871379629624e-05,2.2412871379629624e-05,11.485358687392647
1790301540,2.2412871379629624e-05,2.2412871379629624e-05,2.2246497051457224e-05,2.2246497051457224e-05,23.727179732497238
1790301600,2.2246497051457224e-05,2.2246497051457224e-05,2.1992360792079198e-05,2.1992360792079198e-05,47.563819271490416
1790301660,2.1992360792079198e-05,2.1992360792079198e-05,2.192176582171372e-05,2.192176582171372e-05,7.527745098082376
1790301780,2.192176582171372e-05,2.1964512544078894e-05,2.192176582171372e-05,2.1964512544078894e-05,8.987083819567674
1790301840,2.1964512544078894e-05,2.219308547926104e-05,2.1878388457895204e-05,2.1878388457895204e-05,52.189960254127364
1790302020,2.1878388457895204e-05,2.251770556088828e-05,2.1878388457895204e-05,2.251770556088828e-05,107.3976940616419
1790302080,2.251770556088828e-05,2.251770556088828e-05,2.239591996466377e-05,2.239591996466377e-05,35.27104110854902
1790302140,2.239591996466377e-05,2.239591996466377e-05,2.2284494462388744e-05,2.2284494462388744e-05,1.7827595569910994
1790302260,2.2284494462388744e-05,2.2653185126214727e-05,2.2284494462388744e-05,2.2653185126214727e-05,22.251325485992975
1790302440,2.2653185126214727e-05,2.2789705528380077e-05,2.23231186934569e-05,2.266707321477999e-05,90.92797026200374
1790302500,2.266707321477999e-05,2.2752582891824507e-05,2.266707321477999e-05,2.2752582891824507e-05,9.927382729216335
1790302560,2.2752582891824507e-05,2.2752582891824507e-05,2.2080802627298187e-05,2.2080802627298187e-05,141.38314223441427
1790302680,2.2080802627298187e-05,2.2080802627298187e-05,2.162644807707907e-05,2.162644807707907e-05,16.46228318012859
1790302740,2.162644807707907e-05,2.162644807707907e-05,2.138371646778226e-05,2.138371646778226e-05,35.079033470451144
1790302800,2.138371646778226e-05,2.138371646778226e-05,2.131002035138145e-05,2.131002035138145e-05,19.547218860304927
1790302860,2.131002035138145e-05,2.131002035138145e-05,2.080384426947608e-05,2.080384426947608e-05,148.74983129762637
1790302920,2.080384426947608e-05,2.080384426947608e-05,2.0382057290392152e-05,2.0382057290392152e-05,1.643677528557782
1790302980,2.0382057290392152e-05,2.0382057290392152e-05,2.0354147781427587e-05,2.0354147781427587e-05,3.3398268718402266
1790303040,2.0354147781427587e-05,2.0354147781427587e-05,2.0274075064878385e-05,2.0274075064878385e-05,19.914420011250957
1790303100,2.0274075064878385e-05,2.06052965986424e-05,2.0274075064878385e-05,2.06052965986424e-05,52.33701915599546
1790303160,2.06052965986424e-05,2.06052965986424e-05,2.0481168953091127e-05,2.0481168953091127e-05,10.506577159792293
1790303220,2.0481168953091127e-05,2.0481168953091127e-05,1.8460911793313462e-05,1.875391041392489e-05,404.70143933435395
1790303280,1.875391041392489e-05,1.875391041392489e-05,1.8204506387595797e-05,1.8204506387595797e-05,72.31307073904918
1790303340,1.8204506387595797e-05,1.822158574873948e-05,1.8204506387595797e-05,1.822158574873948e-05,1.3905094907511908
1790303400,1.822158574873948e-05,1.822158574873948e-05,1.7967294465617216e-05,1.7967294465617216e-05,4.350292653925121
1790303460,1.7967294465617216e-05,1.798341462307692e-05,1.7967294465617216e-05,1.798341462307692e-05,0.4525499223959128
1790303520,1.798341462307692e-05,1.844387173933066e-05,1.798341462307692e-05,1.844387173933066e-05,49.54508832541694
1790303580,1.844387173933066e-05,1.8848225257408104e-05,1.844387173933066e-05,1.8848225257408104e-05,69.94122839790612
1790303640,1.8848225257408104e-05,1.9496297372574286e-05,1.8848225257408104e-05,1.9496297372574286e-05,198.11619280525866
1790303700,1.9496297372574286e-05,1.9496297372574286e-05,1.9260637711988378e-05,1.9260637711988378e-05,0.030561365343107043
1790303760,1.9260637711988378e-05,2.0557999665112777e-05,1.9260637711988378e-05,2.0557999665112777e-05,218.31842905687182
1790303880,2.0557999665112777e-05,2.0557999665112777e-05,1.9929959603020094e-05,2.013361608868126e-05,138.90628130168972
1790304000,2.013361608868126e-05,2.0229423573090508e-05,2.013361608868126e-05,2.0229423573090508e-05,5.844411459748451
1790304060,2.0229423573090508e-05,2.0229423573090508e-05,1.987157715844072e-05,1.987157715844072e-05,34.74899296379598
1790304240,1.987157715844072e-05,1.987157715844072e-05,1.978215589588207e-05,1.978215589588207e-05,8.52745658357495
1790304360,1.978215589588207e-05,1.978215589588207e-05,1.9703663849402398e-05,1.9703663849402398e-05,1.0286119750664928
1790304480,1.9703663849402398e-05,1.9863624020058265e-05,1.9628804649056474e-05,1.9863624020058265e-05,12.395843477641336
1790304540,1.9863624020058265e-05,1.992219020111177e-05,1.9863624020058265e-05,1.992219020111177e-05,12.611021785324894
1790304600,1.992219020111177e-05,1.9938021141271298e-05,1.992219020111177e-05,1.9938021141271298e-05,0.57727848218825
1790304660,1.9938021141271298e-05,2.0096503575882378e-05,1.9691558520783017e-05,2.0096503575882378e-05,58.66128751830256
1790304720,2.0096503575882378e-05,2.0281147808341804e-05,2.0096503575882378e-05,2.0281147808341804e-05,6.870074253346279
1790304780,2.0281147808341804e-05,2.0281147808341804e-05,1.9757792231299575e-05,1.9757792231299575e-05,103.62204020731502
1790304840,1.9757792231299575e-05,1.986388695788385e-05,1.9757792231299575e-05,1.986388695788385e-05,57.71358318061389
1790304900,1.986388695788385e-05,2.0130413382520525e-05,1.986388695788385e-05,2.0064305999096805e-05,23.088233326785154
1790304960,2.0064305999096805e-05,2.0064305999096805e-05,1.8724954381648592e-05,1.8724954381648592e-05,214.59890507786562
1790305020,1.8724954381648592e-05,1.9993547886434236e-05,1.8724954381648592e-05,1.9993547886434236e-05,207.7380346937768
1790305080,1.9993547886434236e-05,1.9993547886434236e-05,1.983779339985518e-05,1.983779339985518e-05,2.191377721991218
1790305140,1.983779339985518e-05,1.983779339985518e-05,1.981571164086852e-05,1.981571164086852e-05,5.504276251506671
1790305200,1.981571164086852e-05,1.981571164086852e-05,1.9209454526748435e-05,1.9209454526748435e-05,204.55780895827758
1790305260,1.9209454526748435e-05,1.9209454526748435e-05,1.8597158915121546e-05,1.8597158915121546e-05,17.66428986068504
1790305320,1.8597158915121546e-05,1.8597158915121546e-05,1.748400939994744e-05,1.748400939994744e-05,382.06402617208494
1790305380,1.748400939994744e-05,1.748400939994744e-05,1.5817310190623676e-05,1.5817310190623676e-05,253.27044043874062
1790305440,1.5817310190623676e-05,1.5817310190623676e-05,1.4927525919939777e-05,1.5098619055987047e-05,159.75440781138775
1790305500,1.5098619055987047e-05,1.5471453605365222e-05,1.5098619055987047e-05,1.5471453605365222e-05,75.6222202506568
1790305560,1.5471453605365222e-05,1.559624383625043e-05,1.5471453605365222e-05,1.559624383625043e-05,16.724337818526024
1790305740,1.559624383625043e-05,1.559624383625043e-05,1.52878364665501e-05,1.52878364665501e-05,50.680541384501524
1790305800,1.52878364665501e-05,1.5414155469106124e-05,1.5241459716109457e-05,1.5241459716109457e-05,22.394064651401738
1790305920,1.5241459716109457e-05,1.5451556240979033e-05,1.4819533078028482e-05,1.4819533078028482e-05,172.1600300014511
1790305980,1.4819533078028482e-05,1.558808890549173e-05,1.44063037761798e-05,1.5542215327670938e-05,209.22281066479692
1790306040,1.5542215327670938e-05,1.5542215327670938e-05,1.5356054328291723e-05,1.5356054328291723e-05,14.821380198979357
1790306100,1.5356054328291723e-05,1.5571754625009806e-05,1.5356054328291723e-05,1.5571754625009806e-05,11.56584637165369
1790306160,1.5571754625009806e-05,1.5571754625009806e-05,1.528156729597233e-05,1.528156729597233e-05,17.45249354261592
1790306280,1.528156729597233e-05,1.579922436752543e-05,1.528156729597233e-05,1.579922436752543e-05,67.45051199750111
1790306340,1.579922436752543e-05,1.7824412778317228e-05,1.579922436752543e-05,1.7449032845346704e-05,578.3294826190742
1790306400,1.7449032845346704e-05,1.762155525368786e-05,1.7449032845346704e-05,1.762155525368786e-05,43.64223379895531
1790306460,1.762155525368786e-05,1.762155525368786e-05,1.742377319005654e-05,1.742377319005654e-05,42.13874255939773
1790306520,1.742377319005654e-05,1.742377319005654e-05,1.7320601211736483e-05,1.7320601211736483e-05,18.263441418269444
1790306580,1.7320601211736483e-05,1.7320601211736483e-05,1.7002384454359187e-05,1.7009834119934838e-05,52.13494557775007
1790306640,1.7009834119934838e-05,1.7009834119934838e-05,1.698604387252349e-05,1.698604387252349e-05,4.826246533040252
1790306820,1.698604387252349e-05,1.698604387252349e-05,1.663497449483662e-05,1.663497449483662e-05,119.82528046396347
1790306880,1.663497449483662e-05,1.7003529125487426e-05,1.60813527040537e-05,1.7003529125487426e-05,232.27586140950157
1790306940,1.7003529125487426e-05,1.8241922511231132e-05,1.7003529125487426e-05,1.8241922511231132e-05,208.3443940779627
1790307000,1.8241922511231132e-05,1.8241922511231132e-05,1.7876007356367085e-05,1.7876007356367085e-05,64.55696742052898
1790307060,1.7876007356367085e-05,1.793552812113647e-05,1.7876007356367085e-05,1.793552812113647e-05,11.417912263828752
1790307240,1.793552812113647e-05,1.8047140342367195e-05,1.793552812113647e-05,1.8047140342367195e-05,11.685636098542886
1790307300,1.8047140342367195e-05,1.8047140342367195e-05,1.733668893016409e-05,1.733668893016409e-05,103.1714993003039
1790307360,1.733668893016409e-05,1.733668893016409e-05,1.7235976797337226e-05,1.7235976797337226e-05,21.3436475473791
1790307480,1.7235976797337226e-05,1.7235976797337226e-05,1.6771467119223682e-05,1.6771467119223682e-05,140.17280993811562
1790307540,1.6771467119223682e-05,1.6771467119223682e-05,1.5494443999877945e-05,1.5494443999877945e-05,306.0043776074755
1790307600,1.5494443999877945e-05,1.5629598823128585e-05,1.5440227533156044e-05,1.5629598823128585e-05,2.1374074678657404
1790307660,1.5629598823128585e-05,1.579622949802732e-05,1.5629598823128585e-05,1.579622949802732e-05,59.17809478399123
1790307780,1.579622949802732e-05,1.579622949802732e-05,1.5692573781664022e-05,1.5692573781664022e-05,15.898079292167324
1790308140,1.5692573781664022e-05,1.59423766171793e-05,1.5692573781664022e-05,1.59423766171793e-05,57.551171266159514
1790308200,1.59423766171793e-05,1.59423766171793e-05,1.5895942335964488e-05,1.5895942335964488e-05,2.864756865595184
1790308320,1.5895942335964488e-05,1.5895942335964488e-05,1.5605564627855905e-05,1.5787419737285134e-05,205.5248654409888
1790308440,1.5787419737285134e-05,1.6086273966256004e-05,1.5787419737285134e-05,1.6086273966256004e-05,14.91217254825177
1790308500,1.6086273966256004e-05,1.613854370977122e-05,1.6086273966256004e-05,1.613854370977122e-05,11.475090370601388
1790308560,1.613854370977122e-05,1.613854370977122e-05,1.5968283737756692e-05,1.5968283737756692e-05,5.7747825526342815
1790308620,1.5968283737756692e-05,1.617822709399404e-05,1.5968283737756692e-05,1.617822709399404e-05,11.482705316740896
1790308680,1.617822709399404e-05,1.62221149227259e-05,1.617822709399404e-05,1.621439847807469e-05,0.918118132408518
1790308860,1.621439847807469e-05,1.6342397509156935e-05,1.621439847807469e-05,1.6342397509156935e-05,46.87096291183489
1790308920,1.6342397509156935e-05,1.6342397509156935e-05,1.620917126682338e-05,1.620917126682338e-05,19.65008792750437
1790309100,1.620917126682338e-05,1.620917126682338e-05,1.614712698637607e-05,1.614712698637607e-05,1.9038140030623334
1790309160,1.614712698637607e-05,1.635231988275644e-05,1.614712698637607e-05,1.635231988275644e-05,2.9360716107332294
1790309280,1.635231988275644e-05,1.7636133692785038e-05,1.635231988275644e-05,1.7506637362414987e-05,236.288121009749
1790309340,1.7506637362414987e-05,1.7506637362414987e-05,1.6771700752627294e-05,1.6771700752627294e-05,184.20524528630435
1790309400,1.6771700752627294e-05,1.6771700752627294e-05,1.664689995095591e-05,1.664689995095591e-05,2.0785809249466842
1790309520,1.664689995095591e-05,1.664689995095591e-05,1.6314065333612364e-05,1.6410914707547272e-05,37.58706363665558
1790309580,1.6410914707547272e-05,1.6436928912830045e-05,1.621536052442529e-05,1.6436928912830045e-05,0.4092537626836279
1790309640,1.6436928912830045e-05,1.6437918332010345e-05,1.6194000064500994e-05,1.6194000064500994e-05,24.055804997660516
1790309760,1.6194000064500994e-05,1.6386445011298982e-05,1.6194000064500994e-05,1.6386445011298982e-05,4.7613043330644516
1790309820,1.6386445011298982e-05,1.709287686518884e-05,1.6386445011298982e-05,1.709287686518884e-05,142.52294505207016
1790309880,1.709287686518884e-05,1.712380613519584e-05,1.6895752657599555e-05,1.712380613519584e-05,42.83218874838191
1790309940,1.712380613519584e-05,1.7186616064009287e-05,1.697336024975206e-05,1.697336024975206e-05,2.76356642660867
1790310000,1.697336024975206e-05,1.6980849564808002e-05,1.697336024975206e-05,1.6980849564808002e-05,0.32588714608019015
1790310120,1.6980849564808002e-05,1.6980849564808002e-05,1.6903506450535484e-05,1.6903506450535484e-05,18.542463115341217
1790310180,1.6903506450535484e-05,1.715995574972438e-05,1.6903506450535484e-05,1.715995574972438e-05,28.477808966395585
1790310480,1.715995574972438e-05,1.715995574972438e-05,1.690102130757271e-05,1.690102130757271e-05,25.308447828253918
1790310540,1.690102130757271e-05,1.690102130757271e-05,1.592995696817248e-05,1.6180468541967934e-05,217.67511815751533
1790310660,1.6180468541967934e-05,1.6180468541967934e-05,1.5895800859989205e-05,1.5895800859989205e-05,80.22720848881339
1790310720,1.5895800859989205e-05,1.5895800859989205e-05,1.5594275121096423e-05,1.5594275121096423e-05,28.041678724084868
1790310780,1.5594275121096423e-05,1.5785515779887796e-05,1.5594275121096423e-05,1.5600405138410395e-05,18.527548197173868
1790310840,1.5600405138410395e-05,1.5600405138410395e-05,1.5532460481450113e-05,1.5532460481450113e-05,11.728124666001545
1790310900,1.5532460481450113e-05,1.5795218761756892e-05,1.5532460481450113e-05,1.5795218761756892e-05,23.06591881791257
1790311080,1.5795218761756892e-05,1.5795218761756892e-05,1.5622347291310883e-05,1.5622347291310883e-05,18.17244225733502
1790311140,1.5622347291310883e-05,1.607277235617205e-05,1.5622347291310883e-05,1.6036227579042935e-05,53.89609795895632
1790311200,1.6036227579042935e-05,1.6036227579042935e-05,1.5875407274548318e-05,1.5875407274548318e-05,0.9756916064322236
1790311380,1.5875407274548318e-05,1.5875407274548318e-05,1.5856833749778787e-05,1.5856833749778787e-05,10.267398898650288
1790311440,1.5856833749778787e-05,1.5856833749778787e-05,1.5511169734141616e-05,1.5511169734141616e-05,125.7942021160612
1790311800,1.5511169734141616e-05,1.5511169734141616e-05,1.5356464345276517e-05,1.5356464345276517e-05,1.2873357142155053
1790311980,1.5356464345276517e-05,1.5356464345276517e-05,1.4721675513139348e-05,1.4721675513139348e-05,170.0475083575393
1790312160,1.4721675513139348e-05,1.4721675513139348e-05,1.4256009278913218e-05,1.4256009278913218e-05,29.285644336700525
1790312220,1.4256009278913218e-05,1.4256009278913218e-05,1.4032003271848283e-05,1.4032003271848283e-05,29.618409023482545
1790312400,1.4032003271848283e-05,1.4032003271848283e-05,1.3817321183380571e-05,1.3817321183380571e-05,67.72950254690524
1790312520,1.3817321183380571e-05,1.3817321183380571e-05,1.3660082613086256e-05,1.3660082613086256e-05,1.3660082613086255
1790312580,1.3660082613086256e-05,1.3660082613086256e-05,1.3524417460525896e-05,1.3524417460525896e-05,59.03873301219906
1790312700,1.3524417460525896e-05,1.3524417460525896e-05,1.3068831451304996e-05,1.3068831451304996e-05,134.25409043111162
1790312760,1.3068831451304996e-05,1.3068831451304996e-05,1.2721016579843444e-05,1.2721016579843444e-05,7.312219845429055
1790312820,1.2721016579843444e-05,1.325773252674851e-05,1.2721016579843444e-05,1.325773252674851e-05,113.13376796905825
1790312880,1.325773252674851e-05,1.329689246882357e-05,1.3019535688608447e-05,1.329689246882357e-05,105.15413682409493
1790313120,1.329689246882357e-05,1.329689246882357e-05,1.2663811247695945e-05,1.2663811247695945e-05,129.47427529753216
1790313240,1.2663811247695945e-05,1.2663811247695945e-05,1.263963481022244e-05,1.263963481022244e-05,11.320128404208567
1790313360,1.263963481022244e-05,1.2844844143450522e-05,1.263963481022244e-05,1.2844844143450522e-05,28.567103841362574
1790313420,1.2844844143450522e-05,1.2844844143450522e-05,1.2746339168501682e-05,1.2746339168501682e-05,5.581109663570307
1790313540,1.2746339168501682e-05,1.2746339168501682e-05,1.2691649439769606e-05,1.2691649439769606e-05,11.959838416115627
1790313600,1.2691649439769606e-05,1.340489301914185e-05,1.2691649439769606e-05,1.340489301914185e-05,126.4444060014118
1790313660,1.340489301914185e-05,1.3438683989519558e-05,1.3247944093992337e-05,1.3438683989519558e-05,9.651939846827878
1790313720,1.3438683989519558e-05,1.3438683989519558e-05,1.3287330433476798e-05,1.3287330433476798e-05,0.21148290052270494
1790313900,1.3287330433476798e-05,1.3506659582983682e-05,1.3287330433476798e-05,1.3506659582983682e-05,18.681678760366154
1790313960,1.3506659582983682e-05,1.3506659582983682e-05,1.3378310568986284e-05,1.3378310568986284e-05,0.27061074635966237
1790314020,1.3378310568986284e-05,1.3378310568986284e-05,1.3257407325536022e-05,1.3257407325536022e-05,43.35567006016675
1790314080,1.3257407325536022e-05,1.3257407325536022e-05,1.3144268929921906e-05,1.3144268929921906e-05,15.119921722435336
1790314140,1.3144268929921906e-05,1.3144268929921906e-05,1.281459737650815e-05,1.281459737650815e-05,77.26108303688466
1790314320,1.281459737650815e-05,1.281459737650815e-05,1.2726991524461021e-05,1.2726991524461021e-05,0.409986757364723
1790314380,1.2726991524461021e-05,1.2726991524461021e-05,1.2719373502240925e-05,1.2719373502240925e-05,1.1518789219081367
1790314440,1.2719373502240925e-05,1.2903553521303704e-05,1.2719373502240925e-05,1.2903553521303704e-05,11.475571551409082
1790314500,1.2903553521303704e-05,1.2903553521303704e-05,1.2782320849381432e-05,1.2782320849381432e-05,0.2566148796248155
1790314560,1.2782320849381432e-05,1.2960326738380043e-05,1.2782320849381432e-05,1.2960326738380043e-05,6.174083325219796
1790314620,1.2960326738380043e-05,1.2960326738380043e-05,1.2693247230116843e-05,1.2693247230116843e-05,53.63533679833746
1790314740,1.2693247230116843e-05,1.2693247230116843e-05,1.2545476570301223e-05,1.2545476570301223e-05,14.565478081422985
1790314800,1.2545476570301223e-05,1.2545476570301223e-05,1.2388862038026648e-05,1.2388862038026648e-05,48.05966263428336
1790314860,1.2388862038026648e-05,1.2388862038026648e-05,1.2257453085280301e-05,1.2257453085280301e-05,17.982669562289793
1790314920,1.2257453085280301e-05,1.2257453085280301e-05,1.2209139272772546e-05,1.2209139272772546e-05,1.7166383018114824
1790315160,1.2209139272772546e-05,1.2209139272772546e-05,1.2171494386706606e-05,1.2171494386706606e-05,17.28619957801811
1790315220,1.2171494386706606e-05,1.2299310371298637e-05,1.2140526525049443e-05,1.2140526525049443e-05,10.47555951181584
1790315280,1.2140526525049443e-05,1.2140526525049443e-05,1.2115981787649448e-05,1.2120443096328908e-05,0.23003380005022336
1790315340,1.2120443096328908e-05,1.2961229226954411e-05,1.2120443096328908e-05,1.2416401448431e-05,166.69213196448746
1790315460,1.2416401448431e-05,1.285873526387757e-05,1.2416401448431e-05,1.285873526387757e-05,3.4740971890459638
1790315520,1.285873526387757e-05,1.3272259367379575e-05,1.285873526387757e-05,1.3272259367379575e-05,114.92837587697497
1790315580,1.3272259367379575e-05,1.3336713026269229e-05,1.3272259367379575e-05,1.3336713026269229e-05,15.883149434472893
1790315640,1.3336713026269229e-05,1.3336713026269229e-05,1.3258375070118395e-05,1.3258375070118395e-05,15.040654753583574
1790315760,1.3258375070118395e-05,1.3258375070118395e-05,1.2960392296380803e-05,1.322739404374333e-05,80.5162506237582
1790315820,1.322739404374333e-05,1.322739404374333e-05,1.2812820148951479e-05,1.2812820148951479e-05,17.24092445301727
1790315880,1.2812820148951479e-05,1.3009307270683702e-05,1.2812820148951479e-05,1.3009307270683702e-05,17.248041308026252
1790316000,1.3009307270683702e-05,1.3009307270683702e-05,1.2837608019696885e-05,1.2837608019696885e-05,5.5110853828191155
1790316060,1.2837608019696885e-05,1.29984345195746e-05,1.2837608019696885e-05,1.29984345195746e-05,0.24149284790243047
1790316120,1.29984345195746e-05,1.301240695967396e-05,1.29984345195746e-05,1.301240695967396e-05,5.749902422430756
1790316180,1.301240695967396e-05,1.3046801551939462e-05,1.301240695967396e-05,1.3046801551939462e-05,11.49501402159145
1790316300,1.3046801551939462e-05,1.3088862392240579e-05,1.3046801551939462e-05,1.3088862392240579e-05,5.748455942315526
1790316360,1.3088862392240579e-05,1.3088862392240579e-05,1.2892300872453824e-05,1.2906667625550855e-05,10.10169440789437
1790316480,1.2906667625550855e-05,1.2906667625550855e-05,1.2855946547215518e-05,1.2855946547215518e-05,11.513858418949075
1790316540,1.2855946547215518e-05,1.2855946547215518e-05,1.2737792259832822e-05,1.2737792259832822e-05,42.82873332393755
1790316600,1.2737792259832822e-05,1.2737792259832822e-05,1.2523064209379408e-05,1.2523064209379408e-05,45.20762684244151
1790316660,1.2523064209379408e-05,1.2567883816380696e-05,1.2523064209379408e-05,1.2567883816380696e-05,0.6164250262078351
1790316720,1.2567883816380696e-05,1.2567883816380696e-05,1.2411267089934046e-05,1.2411267089934046e-05,0.0663495211182252
1790316780,1.2411267089934046e-05,1.2411267089934046e-05,1.2397807177004262e-05,1.2397807177004262e-05,2.1565839302548055
1790316900,1.2397807177004262e-05,1.2397807177004262e-05,1.2348864556821973e-05,1.2348864556821973e-05,25.701135047269457
1790317020,1.2348864556821973e-05,1.2348864556821973e-05,1.2289515446551425e-05,1.2289515446551425e-05,4.6882786970278385
1790317140,1.2289515446551425e-05,1.2289515446551425e-05,1.218072164627288e-05,1.218072164627288e-05,51.98561262228643
1790317320,1.218072164627288e-05,1.218072164627288e-05,1.1632852554058232e-05,1.1632852554058232e-05,194.9312655309034
1790317380,1.1632852554058232e-05,1.1632852554058232e-05,1.1198884875074429e-05,1.1198884875074429e-05,5.268443481226203
1790317440,1.1198884875074429e-05,1.2101245126385076e-05,1.1198884875074429e-05,1.16482092785679e-05,204.68386667560443
1790317500,1.16482092785679e-05,1.2263242082529757e-05,1.16482092785679e-05,1.2263242082529757e-05,11.50356029939481
1790317560,1.2263242082529757e-05,1.2263242082529757e-05,1.2000386997153573e-05,1.2000386997153573e-05,57.06028194573045
1790317680,1.2000386997153573e-05,1.2085094237682235e-05,1.2000386997153573e-05,1.2085094237682235e-05,36.30883803579583
1790317800,1.2085094237682235e-05,1.2199733471468625e-05,1.2012403066317227e-05,1.2199733471468625e-05,19.85975104272872
1790317860,1.2199733471468625e-05,1.2199733471468625e-05,1.1878352905667485e-05,1.1878352905667485e-05,95.44205912142462
1790317980,1.1878352905667485e-05,1.1878352905667485e-05,1.1662760470715077e-05,1.183045677938404e-05,31.139683906884663
1790318040,1.183045677938404e-05,1.183045677938404e-05,1.1697301529939203e-05,1.1697301529939203e-05,10.972678561206433
1790318160,1.1697301529939203e-05,1.1697301529939203e-05,1.162730244877163e-05,1.162730244877163e-05,21.719272747303922
1790318220,1.162730244877163e-05,1.162730244877163e-05,1.155615091596546e-05,1.155615091596546e-05,5.413376454796108
1790318460,1.155615091596546e-05,1.155615091596546e-05,1.1546334244534385e-05,1.1546334244534385e-05,0.4157756321683559
