id,entered_at,token,mint,entry_price_usd,size_gbp,rule_version,entry_liq_usd,exit_at,exit_price_usd,exit_reason,pnl_gbp,score_24h,score_7d,rugged
G-0001,2026-09-24T07:36:07Z,FUNKOS,BDKC1AV3saXrN8jKnWB2TTQmDD6z8CFdY55ku7eAfunk,0.0004064,5.0,v0.1,61568.59,2026-09-24T22:26:16Z,5.591e-05,stop_loss,-6.63,-97.0,,0
G-0002,2026-09-24T07:36:07Z,JEANCOIN,4WECKfvfgEiojyZJq5Xm12Hvk76rhM4VHQAZGaELpump,0.002397,5.0,v0.1,146516.32,2026-09-24T22:26:16Z,0.005263,take_profit,3.45,-99.5,,0
G-0003,2026-09-24T07:36:07Z,NPC,7GUnr7krtQhJwd6ASY2VUprd9t4c64zcgCsjdmZepump,0.0006566,5.0,v0.1,79429.48,2026-09-25T22:26:11Z,0.003038,take_profit,15.37,362.1,,0
G-0004,2026-09-24T07:36:07Z,SI,82ezhRLKdKwkSC9jkM3js1yf93VbmvLXNMPkBmompump,0.0004967,5.0,v0.1,66282.43,2026-09-25T22:26:11Z,0.0001462,stop_loss,-5.87,-70.8,,0
G-0005,2026-09-24T22:26:16Z,Agrippa,6TfTBpkgRX5kzb1qbtijV1nZVTfzfbmbXE1hPsFrpump,0.0001213,5.0,v0.1,31325.37,2026-09-25T22:26:11Z,2.721e-06,rug,-7.2,-97.8,,1
G-0006,2026-09-24T22:26:16Z,dap,8LHgAXXPbMVqd3wmAQbTu4NxuRRe3qowgUSLiKmFpump,0.00005183,5.0,v0.1,20409.05,2026-09-26T22:26:23Z,1.826e-05,stop_loss,-5.58,-33.3,,0
G-0007,2026-09-25T22:26:11Z,e/acc,CbcyNo7m1amFWqEQm2m4PLv1UNvpcL3C1Ujm6AkzpKoU,0.0006065,100.0,v0.2,78907.66,2026-09-25T23:53:00Z,0.001213,take_profit,92.43,2854.7,,0
G-0008,2026-09-25T22:26:11Z,TRUMP,DmQDfFpbKHna4MgtsZgBQYmyMSNJjvLAj6XjduqRpump,0.0007294,100.0,v0.2,82788.42,2026-09-25T22:28:00Z,0.0003647,stop_loss,-52.77,-99.6,,0
G-0009,2026-09-25T22:26:11Z,GHOSTGUY,EGRv76STtVdNNwKdyMkQLQquYggcMuToXy92qS9pump,0.00009171,100.0,v0.2,27039.95,2026-09-25T22:32:00Z,4.5855e-05,stop_loss,-53.28,-94.0,,0
G-0010,2026-09-25T22:26:11Z,JEANWORK,9EwEYhqzRHmE87ypWKUU1zZKP8uMeGdunmJ4etTmpump,0.0001942,100.0,v0.2,43045.98,2026-09-25T22:41:00Z,9.71e-05,stop_loss,-53.0,-98.5,,0
G-0011,2026-09-26T22:26:23Z,SPLIT,DRKGYsGALqr5p2aTcGLK9zqiPB5wk7JV78bJv4mPpump,0.0009194,100.0,v0.2,100394.01,2026-09-26T22:48:00Z,0.0004597,stop_loss,-52.73,-96.3,,0
G-0012,2026-09-26T22:26:23Z,manifest,8vdJA3MYhUhirZZzjZ5i8jXhNkHgrCnirCrqDG23pump,0.003954,100.0,v0.2,190010.41,2026-09-26T22:32:00Z,0.007908,take_profit,93.32,-99.9,,0
G-0013,2026-09-26T22:26:23Z,KARDASHEV,5wW9mhbwq1HTFh341iimpmrqBB4mfxdXiYhdYBL7hUnp,0.001301,100.0,v0.2,124716,2026-09-27T02:49:00Z,0.0006505,stop_loss,-52.69,-92.4,,0
G-0014,2026-09-26T22:26:23Z,7,777XNvfVmvumMEc6M9yxJQJQnQtjbUYJyx53cqrwo777,0.001530,100.0,v0.2,273122.93,2026-09-27T21:13:00Z,0.000765,stop_loss,-52.6,-49.5,,0
G-0015,2026-09-27T22:26:24Z,VAULT,7tEsDuij7aj4b2jLUAS5oXcp6B3zWratYVmviS5zpump,0.0005902,100.0,v0.2,78206.51,,,,,,,
G-0016,2026-09-27T22:26:24Z,bukangi,3iUTyNYW6xKv5kZUjtbrEDTsuJTrSVwvB3bQtxkLpump,0.0008756,100.0,v0.2,78046.82,,,,,,,
G-0017,2026-09-27T22:26:24Z,NEARPAD,6uPEdkU2xPg1iyfLzV1ssUwvve8nndA2sd6nBFrb1n58,0.0002351,100.0,v0.2,50738.68,,,,,,,
G-0018,2026-09-27T22:26:24Z,JACK,J1yxV53EmVRmt9RUj6PPufMfdAYUbtgwXCuNYTBTsYzJ,0.0002099,100.0,v0.2,53995.75,,,,,,,
