id,rule_version,token,pool,dex,entered_at,window_end,status,candles,high,high_at,runup_pct,low,low_at,drawdown_pct,path_exit_at,path_exit_price,path_exit_reason,path_move_pct,gap_to_high_pts,ledger_exit_at,ledger_exit_price,ledger_exit_reason,ledger_move_pct,ledger_pnl_gbp,path_pnl_same_costs_gbp,path_pnl_v02_costs_gbp,path_pnl_v02_pct_stake
G-0001,v0.1,FUNKOS,Hhe2TY1dGPr7SdMJC2hTACq7dTxfr5f6BF3n2nWwkoce,pumpswap,2026-09-24T07:36:07Z,2026-09-25T07:36:07Z,path-closed,1306,0.00039730238355002923,2026-09-24T07:40:00Z,-2.2,4.3573579729389254e-05,2026-09-24T23:54:00Z,-89.3,2026-09-24T08:10:00Z,0.0002032,stop_loss,-50.0,47.8,2026-09-24T22:26:16Z,5.591e-05,stop_loss,-86.2,-6.63,-4.86,-52.86,-52.9
G-0002,v0.1,JEANCOIN,GGHv342SHrQm8JiyuHvQtK9GiEXZFr5dSeQwLEAM2Vfc,pumpswap,2026-09-24T07:36:07Z,2026-09-25T07:36:07Z,path-closed,1373,0.005817967984429777,2026-09-25T05:43:00Z,142.7,0.0019975934764293614,2026-09-24T11:34:00Z,-16.7,2026-09-24T21:46:00Z,0.004794,take_profit,100.0,42.7,2026-09-24T22:26:16Z,0.005263,take_profit,119.6,3.45,2.49,93.13,93.1
G-0003,v0.1,NPC,BRjMA8UALNp3diTKHfdeAn5riQrYPoaYez7KhYWD4oEs,pumpswap,2026-09-24T07:36:07Z,2026-09-25T07:36:07Z,path-closed,1395,0.0029370551833512804,2026-09-25T05:30:00Z,347.3,0.00012710465496465004,2026-09-24T12:25:00Z,-80.6,2026-09-24T09:42:00Z,0.0003283,stop_loss,-50.0,397.3,2026-09-25T22:26:11Z,0.003038,take_profit,362.7,15.37,-4.86,-52.78,-52.8
G-0004,v0.1,SI,3odkxoFB7KvujaRFoLbCQbbZv93R9njJr9KQTH5cKDKT,pumpswap,2026-09-24T07:36:07Z,2026-09-25T07:36:07Z,path-closed,1390,0.0008750782303260051,2026-09-24T08:25:00Z,76.2,0.00019961536279764207,2026-09-24T22:51:00Z,-59.8,2026-09-24T17:39:00Z,0.00024835,stop_loss,-50.0,126.2,2026-09-25T22:26:11Z,0.0001462,stop_loss,-70.6,-5.87,-4.86,-52.83,-52.8
G-0005,v0.1,Agrippa,8aDqCgNAmrpJRB7ZdGM8a2SkCEKJJGf9wrA7aodszn7a,pumpswap,2026-09-24T22:26:16Z,2026-09-25T22:26:16Z,path-closed,44,0.00012813066470591665,2026-09-24T22:28:00Z,5.6,2.4596263152162835e-06,2026-09-24T23:13:00Z,-98.0,2026-09-24T22:57:00Z,2.465720601228881e-06,rug,-98.0,103.6,2026-09-25T22:26:11Z,2.721e-06,rug,-97.8,-7.2,-7.21,-98.12,-98.1
G-0006,v0.1,dap,AatUCcoFPRovvTrSLUzN8yfjuvnQHfVoThKQiyfsHvEr,pumpswap,2026-09-24T22:26:16Z,2026-09-25T22:26:16Z,path-closed,1135,0.00016020842993584824,2026-09-25T16:48:00Z,209.1,1.1198884875074429e-05,2026-09-25T06:23:00Z,-78.4,2026-09-24T23:58:00Z,2.5915e-05,stop_loss,-50.0,259.1,2026-09-26T22:26:23Z,1.826e-05,stop_loss,-64.8,-5.58,-4.86,-53.52,-53.5
G-0007,v0.2,e/acc,4JAnKFddd5fFTk5PxDj3PpTWJuTEfSWQEjZJcgKQ9KwW,pumpswap,2026-09-25T22:26:11Z,2026-09-26T22:26:11Z,path-closed,1440,0.03011695640461664,2026-09-26T06:45:00Z,4865.7,0.00036925448186595443,2026-09-25T22:49:00Z,-39.1,2026-09-25T23:53:00Z,0.001213,take_profit,100.0,4765.7,2026-09-25T23:53:00Z,0.001213,take_profit,100.0,92.43,92.43,92.43,92.4
G-0008,v0.2,TRUMP,3jHUJmG2HfFfqrj5fezKBVNErnBs1Uq2rgz9g5qFCvCB,pumpswap,2026-09-25T22:26:11Z,2026-09-26T22:26:11Z,path-closed,69,0.00043425892247982856,2026-09-25T22:28:00Z,-40.5,2.7117426301817005e-06,2026-09-25T23:00:00Z,-99.6,2026-09-25T22:28:00Z,0.0003647,stop_loss,-50.0,9.5,2026-09-25T22:28:00Z,0.0003647,stop_loss,-50.0,-52.77,-52.77,-52.77,-52.8
G-0009,v0.2,GHOSTGUY,EcPhfKmJkQ7GTbtvcrnbuEwN331f9aAhoxyts6HhUCgt,pumpswap,2026-09-25T22:26:11Z,2026-09-26T22:26:11Z,path-closed,433,7.231742840375173e-05,2026-09-25T22:27:00Z,-21.1,5.404668596802483e-06,2026-09-26T22:05:00Z,-94.1,2026-09-25T22:32:00Z,4.5855e-05,stop_loss,-50.0,28.9,2026-09-25T22:32:00Z,4.5855e-05,stop_loss,-50.0,-53.28,-53.28,-53.28,-53.3
G-0010,v0.2,JEANWORK,6BP57xemygynet3rh9zJLQ6Fig7hRMtNBGkUJDdPsCKx,pumpswap,2026-09-25T22:26:11Z,2026-09-26T22:26:11Z,path-closed,91,0.00021424338029001243,2026-09-25T22:31:00Z,10.3,2.747576039923331e-06,2026-09-26T05:34:00Z,-98.6,2026-09-25T22:41:00Z,9.71e-05,stop_loss,-50.0,60.3,2026-09-25T22:41:00Z,9.71e-05,stop_loss,-50.0,-53.0,-53.0,-53.0,-53.0
G-0011,v0.2,SPLIT,6BZF1A29Pkke5bjkW2SM64HnaYYRWVFAHKNRK3emoCwe,pumpswap,2026-09-26T22:26:23Z,2026-09-27T22:26:23Z,path-closed,1368,0.0010324241644818165,2026-09-26T22:29:00Z,12.3,3.255616897531694e-05,2026-09-27T18:47:00Z,-96.5,2026-09-26T22:48:00Z,0.0004597,stop_loss,-50.0,62.3,2026-09-26T22:48:00Z,0.0004597,stop_loss,-50.0,-52.73,-52.73,-52.73,-52.7
G-0012,v0.2,manifest,EGfAPuqSzg4zV1eFmNFpRmCX6DbmyPjVxQ3wQ3MqU79M,pumpswap,2026-09-26T22:26:23Z,2026-09-27T22:26:23Z,path-closed,279,0.014620552930521323,2026-09-27T00:07:00Z,269.8,3.0818424054513587e-06,2026-09-27T01:01:00Z,-99.9,2026-09-26T22:32:00Z,0.007908,take_profit,100.0,169.8,2026-09-26T22:32:00Z,0.007908,take_profit,100.0,93.32,93.32,93.32,93.3
G-0013,v0.2,KARDASHEV,3QaH1ifhQgUXHQdX3DHi9oMrWzTQfKLcomoCyeRRLMh6,pumpswap,2026-09-26T22:26:23Z,2026-09-27T22:26:23Z,path-closed,1362,0.002308757505029262,2026-09-26T23:01:00Z,77.5,9.296487021919798e-05,2026-09-27T21:16:00Z,-92.9,2026-09-27T02:49:00Z,0.0006505,stop_loss,-50.0,127.5,2026-09-27T02:49:00Z,0.0006505,stop_loss,-50.0,-52.69,-52.69,-52.69,-52.7
G-0014,v0.2,7,FPXKc5Bc6ZVvCwrysTbQvPvcRvzhRNLih8fey1Jw72LG,raydium,2026-09-26T22:26:23Z,2026-09-27T22:26:23Z,path-closed,1381,0.0020852478622158535,2026-09-26T23:22:00Z,36.3,0.000490543818242857,2026-09-27T21:13:00Z,-67.9,2026-09-27T21:13:00Z,0.000765,stop_loss,-50.0,86.3,2026-09-27T21:13:00Z,0.000765,stop_loss,-50.0,-52.6,-52.6,-52.6,-52.6
G-0015,v0.2,VAULT,DqXXV4vcBjSf39TYCnC9uFUsohzhgScewXwoX4Q7XUzH,pumpswap,2026-09-27T22:26:24Z,2026-09-28T22:26:24Z,path-closed,1360,0.0006950384460891497,2026-09-27T22:48:00Z,17.8,7.527083747414222e-05,2026-09-28T20:10:00Z,-87.2,2026-09-27T23:34:00Z,0.0002951,stop_loss,-50.0,67.8,2026-09-27T23:34:00Z,0.0002951,stop_loss,-50.0,-52.79,-52.79,-52.79,-52.8
G-0016,v0.2,bukangi,HokwvDBVQrqJ2nRCZbybdqE8x35fHkKoXDBFMLNQL9Jy,meteora,2026-09-27T22:26:24Z,2026-09-28T22:26:24Z,path-closed,1108,0.0014476193394532782,2026-09-28T03:56:00Z,65.3,0.00015718823982534827,2026-09-28T21:47:00Z,-82.0,2026-09-28T12:38:00Z,0.0004378,stop_loss,-50.0,115.3,2026-09-28T12:38:00Z,0.0004378,stop_loss,-50.0,-52.79,-52.79,-52.79,-52.8
G-0017,v0.2,NEARPAD,8N2XJYyVBMrd4B5LUTd5pFe3uWwp5h4cWib9AxTxbHxv,pumpswap,2026-09-27T22:26:24Z,2026-09-28T22:26:24Z,path-closed,1269,0.0002431492744197283,2026-09-27T22:36:00Z,3.4,3.57042091436195e-05,2026-09-28T12:18:00Z,-84.8,2026-09-27T23:32:00Z,0.00011755,stop_loss,-50.0,53.4,2026-09-27T23:32:00Z,0.00011755,stop_loss,-50.0,-52.93,-52.93,-52.93,-52.9
G-0018,v0.2,JACK,AQB9ihwudzy364jisT8jcCURSE8wCSYg7wu7gLZ6nGQn,pumpswap,2026-09-27T22:26:24Z,2026-09-28T22:26:24Z,path-closed,1267,0.00022729192716871167,2026-09-27T23:07:00Z,8.3,5.881147718995225e-05,2026-09-28T21:02:00Z,-72.0,2026-09-28T07:49:00Z,0.00010495,stop_loss,-50.0,58.3,2026-09-28T07:49:00Z,0.00010495,stop_loss,-50.0,-52.9,-52.9,-52.9,-52.9
G-0019,v0.2,FROINK,5L6SiELCoXrV9CtcfwUGKJf5EzCRTyDDmkbth1yEKp9f,pumpswap,2026-09-28T22:26:13Z,2026-09-29T22:26:13Z,path-closed,1432,0.001529403806011222,2026-09-28T22:54:00Z,97.2,0.0002294382221256864,2026-09-29T21:41:00Z,-70.4,2026-09-29T15:16:00Z,0.0003877,stop_loss,-50.0,147.2,2026-09-29T15:16:00Z,0.0003877,stop_loss,-50.0,-52.74,-52.74,-52.74,-52.7
G-0020,v0.2,HOOKEDCAT,CSNs4q1tN3gUDEKgXKUZPAFZdZncUJvPffh2ZzydH5g5,pumpswap,2026-09-28T22:26:13Z,2026-09-29T22:26:13Z,path-closed,1383,0.00209795228879819,2026-09-29T05:05:00Z,117.8,2.896742412400988e-06,2026-09-29T20:45:00Z,-99.7,2026-09-29T05:04:00Z,0.0019268,take_profit,100.0,17.8,2026-09-29T05:04:00Z,0.0019268,take_profit,100.0,92.64,92.64,92.64,92.6
G-0021,v0.2,HOOKED,C7r9jXWiVYmBYR2Jj5YSLiEitUGJPjQXWeg7HPU8NwUk,meteora,2026-09-28T22:26:13Z,2026-09-29T22:26:13Z,path-closed,1312,0.0027823420735648588,2026-09-29T01:36:00Z,143.6,0.0005318474266450769,2026-09-29T20:53:00Z,-53.4,2026-09-29T00:42:00Z,0.002284,take_profit,100.0,43.6,2026-09-29T00:42:00Z,0.002284,take_profit,100.0,92.8,92.8,92.8,92.8
G-0022,v0.2,STOXES,AGubQRJ5T5snYFmUHqbxq4zobCHBhkw2jnC79mHaPqtc,meteora,2026-09-28T22:26:13Z,2026-09-29T22:26:13Z,path-closed,1342,0.0013813411489620717,2026-09-28T23:40:00Z,44.4,0.00016166029745186503,2026-09-29T21:12:00Z,-83.1,2026-09-29T02:35:00Z,0.0004783,stop_loss,-50.0,94.4,2026-09-29T02:35:00Z,0.0004783,stop_loss,-50.0,-52.73,-52.73,-52.73,-52.7
G-0023,v0.2,ECTF,GQD7GpdAss6BwCM43yGmH62D27cibxCKFRedPrB5U8YP,pumpswap,2026-09-29T22:26:42Z,2026-09-30T22:26:42Z,path-closed,295,0.002983816200315985,2026-09-30T03:16:00Z,218.3,2.085184958436011e-06,2026-09-30T08:16:00Z,-99.8,2026-09-30T01:02:00Z,0.001875,take_profit,100.0,118.3,2026-09-30T01:02:00Z,0.001875,take_profit,100.0,92.57,92.57,92.57,92.6
G-0024,v0.2,SI,p9zx8yKoe4jFDmwhJ9LtpdorJmEMsSWvUmC6W7Zivng,pumpswap,2026-09-29T22:26:42Z,2026-09-30T22:26:42Z,path-closed,785,0.00015914745834930306,2026-09-29T22:37:00Z,8.7,9.663130190279361e-06,2026-09-30T15:26:00Z,-93.4,2026-09-29T22:45:00Z,7.32e-05,stop_loss,-50.0,58.7,2026-09-29T22:45:00Z,7.32e-05,stop_loss,-50.0,-53.09,-53.09,-53.09,-53.1
G-0025,v0.2,PARASITE,4zLRGHwKdXyaTovP8UkV66CskWgo9E7kAaGYcw1vFh7E,pumpswap,2026-09-29T22:26:42Z,2026-09-30T22:26:42Z,path-closed,1420,0.0014204403900722258,2026-09-29T23:15:00Z,28.8,0.00023055736561387126,2026-09-30T17:46:00Z,-79.1,2026-09-30T11:47:00Z,0.0005515,stop_loss,-50.0,78.8,2026-09-30T11:47:00Z,0.0005515,stop_loss,-50.0,-52.69,-52.69,-52.69,-52.7
G-0026,v0.2,cNFTs,H2UTFeuwA6yQP2L3DegdvtA4wCCwLJjKwq2zXepzU1ae,pumpswap,2026-09-29T22:26:42Z,2026-09-30T22:26:42Z,path-closed,730,0.00020994233192990638,2026-09-29T22:54:00Z,25.6,8.165772593861966e-06,2026-09-30T20:30:00Z,-95.1,2026-09-29T23:33:00Z,8.355e-05,stop_loss,-50.0,75.6,2026-09-29T23:33:00Z,8.355e-05,stop_loss,-50.0,-53.02,-53.02,-53.02,-53.0
G-0027,v0.2,SI,7Nj7mBE7iVmjvnBHNvjgaz6G3ZktTHFNbf7aQDfZ7iNR,pumpswap,2026-09-30T22:27:25Z,2026-10-01T22:27:25Z,path-closed,1440,0.009442359371012083,2026-10-01T12:27:00Z,119.4,0.0033840158945339276,2026-10-01T02:49:00Z,-21.4,2026-10-01T05:46:00Z,0.008606,take_profit,100.0,19.4,2026-10-01T05:46:00Z,0.008606,take_profit,100.0,93.46,93.46,93.46,93.5
G-0028,v0.2,AIRPAD,4ApFQYGn4X18tCFwXV6PVWYmfvvJPm2jTs5yhdYvdSeM,pumpswap,2026-09-30T22:27:25Z,2026-10-01T22:27:25Z,path-closed,357,0.00036443344999080205,2026-09-30T23:03:00Z,193.7,4.525446485073854e-06,2026-09-30T22:35:00Z,-96.4,2026-09-30T22:31:00Z,6.205e-05,stop_loss,-50.0,243.7,2026-09-30T22:31:00Z,6.205e-05,stop_loss,-50.0,-53.06,-53.06,-53.06,-53.1
G-0029,v0.2,BANDIT,6L2q7ZrUQCzUBm7RHV2w336ZCVVrVGqA6z5oNmQmUidP,pumpswap,2026-09-30T22:27:25Z,2026-10-01T22:27:25Z,path-closed,1436,0.0007820074460541145,2026-10-01T04:32:00Z,12.8,0.00010761338286142744,2026-10-01T19:11:00Z,-84.5,2026-10-01T00:07:00Z,0.00034655,stop_loss,-50.0,62.8,2026-10-01T00:07:00Z,0.00034655,stop_loss,-50.0,-52.75,-52.75,-52.75,-52.8
G-0030,v0.2,Meridian,6xLfdSfHgxHSLgFt58BTv9z35qsGbmpqLdMU2FwsG2Tf,pumpswap,2026-09-30T22:27:25Z,2026-10-01T22:27:25Z,path-closed,1438,0.0013231270965583383,2026-09-30T23:26:00Z,280.9,0.00023937790321361502,2026-10-01T20:00:00Z,-31.1,2026-09-30T22:54:00Z,0.0006948,take_profit,100.0,180.9,2026-09-30T22:54:00Z,0.0006948,take_profit,100.0,91.74,91.74,91.74,91.7
G-0031,v0.2,TRUMP,G4U559n8t9FnR7dRT2Mn2z1BbhnsJ3Hre6dCeaXc6nf4,pumpswap,2026-10-01T22:28:05Z,2026-10-02T22:28:05Z,path-closed,1184,0.00022270843726795487,2026-10-01T23:30:00Z,104.3,1.0112740338256265e-05,2026-10-02T22:24:00Z,-90.7,2026-10-01T23:30:00Z,0.000218,take_profit,100.0,4.3,2026-10-01T23:30:00Z,0.000218,take_profit,100.0,90.06,90.06,90.06,90.1
G-0032,v0.2,SACC,7eQjxhGFZcjioSBX2GS72poE4XrqYYsyUBDryb36s6Ed,pumpswap,2026-10-01T22:28:05Z,2026-10-02T22:28:05Z,path-closed,459,0.0014814385376195796,2026-10-02T00:39:00Z,196.8,2.603921452495694e-06,2026-10-02T19:21:00Z,-99.5,2026-10-01T23:44:00Z,0.0009982,take_profit,100.0,96.8,2026-10-01T23:44:00Z,0.0009982,take_profit,100.0,92.12,92.12,92.12,92.1
G-0033,v0.2,Ansemmas,6qirp44Q2T8B1CfbGmnqeXCLdQhFqmNCfAFfpKG4N156,pumpswap,2026-10-01T22:28:05Z,2026-10-02T22:28:05Z,path-closed,1428,0.001165548275057425,2026-10-01T23:03:00Z,137.2,0.00013283253960595887,2026-10-02T18:25:00Z,-73.0,2026-10-01T23:01:00Z,0.0009826,take_profit,100.0,37.2,2026-10-01T23:01:00Z,0.0009826,take_profit,100.0,92.23,92.23,92.23,92.2
G-0034,v0.2,CATANA,9xVi3514hnzQa8VCq3VfLeRqsyqd3havAu1efdnLxNoB,pumpswap,2026-10-01T22:28:05Z,2026-10-02T22:28:05Z,path-closed,720,8.106615155487638e-05,2026-10-01T22:29:00Z,2.2,7.1883955362520105e-06,2026-10-02T12:26:00Z,-90.9,2026-10-01T23:33:00Z,3.966e-05,stop_loss,-50.0,52.2,2026-10-01T23:33:00Z,3.966e-05,stop_loss,-50.0,-53.36,-53.36,-53.36,-53.4
G-0035,v0.2,Agency,CyJwKnLiiY4fmiwqMCSWFSHxo7T9Ubshgs2uRAuJCrk5,pumpswap,2026-10-02T22:28:06Z,2026-10-03T22:28:06Z,path-closed,1438,0.021318060381119417,2026-10-03T21:47:00Z,665.2,0.0010527534483113618,2026-10-03T05:54:00Z,-62.2,2026-10-03T05:36:00Z,0.001393,stop_loss,-50.0,715.2,2026-10-03T05:36:00Z,0.001393,stop_loss,-50.0,-52.63,-52.63,-52.63,-52.6
G-0036,v0.2,ANON,FYKNaNKGfqR5RYSKcX56ijvYKADGekefnD9p5x97wFZ,pumpswap,2026-10-02T22:28:06Z,2026-10-03T22:28:06Z,path-closed,526,0.0013216594594035232,2026-10-03T04:32:00Z,42.0,3.6096241473851287e-06,2026-10-03T21:56:00Z,-99.6,2026-10-03T05:00:00Z,0.0004655,stop_loss,-50.0,92.0,2026-10-03T05:00:00Z,0.0004655,stop_loss,-50.0,-52.73,-52.73,-52.73,-52.7
G-0037,v0.2,HOTBOT,GLL3CzybpSCLZdoACf8QUM5YrKVwyA65kQ2RcTsJxxzV,pumpswap,2026-10-02T22:28:06Z,2026-10-03T22:28:06Z,path-closed,1429,0.0020465903951632667,2026-10-03T01:09:00Z,122.7,0.0007676436719512912,2026-10-02T23:30:00Z,-16.5,2026-10-03T01:09:00Z,0.0018382,take_profit,100.0,22.7,2026-10-03T01:09:00Z,0.0018382,take_profit,100.0,92.75,92.75,92.75,92.8
G-0038,v0.2,BOO,7x9P564ydsAxDMRKUyHzRKua2x2gsWMqUuxgv4SLDGcS,pumpswap,2026-10-02T22:28:06Z,2026-10-03T22:28:06Z,path-closed,394,0.00024272161624094984,2026-10-02T22:40:00Z,6.4,4.0775163497228175e-06,2026-10-03T21:48:00Z,-98.2,2026-10-02T22:45:00Z,0.0001141,stop_loss,-50.0,56.4,2026-10-02T22:45:00Z,0.0001141,stop_loss,-50.0,-53.0,-53.0,-53.0,-53.0
G-0039,v0.2,PAYR,BeS6PZpnnfuQruN7vdiy7T6HNtKBHp8rXoBojLfe7c4U,pumpswap,2026-10-03T22:28:05Z,2026-10-04T22:28:05Z,path-closed,1269,0.0012799694007245774,2026-10-04T13:56:00Z,234.5,4.078814745090986e-06,2026-10-04T20:42:00Z,-98.9,2026-10-04T08:51:00Z,0.0007654,take_profit,100.0,134.5,2026-10-04T08:51:00Z,0.0007654,take_profit,100.0,91.89,91.89,91.89,91.9
G-0040,v0.2,CLAUDIA,C2agfYkMTrQp9G34KXcX5J44eLuUseqySZmkQUQ2fXK7,pumpswap,2026-10-03T22:28:05Z,2026-10-04T22:28:05Z,path-closed,1438,0.0020545343116252827,2026-10-04T10:12:00Z,1.8,0.0003148372034266848,2026-10-04T18:12:00Z,-84.4,2026-10-04T01:04:00Z,0.001009,stop_loss,-50.0,51.8,2026-10-04T01:04:00Z,0.001009,stop_loss,-50.0,-52.66,-52.66,-52.66,-52.7
G-0041,v0.2,Aiden,5VbavvxS1NLmyNJLS3QbDoRFsUHKn6rBzmfVQdWWSniq,pumpswap,2026-10-03T22:28:05Z,2026-10-04T22:28:05Z,path-closed,1440,0.002031006647594443,2026-10-04T04:19:00Z,282.6,0.0002193148135693982,2026-10-04T20:54:00Z,-58.7,2026-10-04T04:02:00Z,0.0010618,take_profit,100.0,182.6,2026-10-04T04:02:00Z,0.0010618,take_profit,100.0,92.39,92.39,92.39,92.4
G-0042,v0.2,PURRSWORD,6LPvVdHuSFBfgC5Dtx6QKUgzo6d9brJhqNhCBpQZqkn7,pumpswap,2026-10-03T22:28:05Z,2026-10-04T22:28:05Z,path-closed,1004,0.0014564752672507574,2026-10-04T06:03:00Z,218.3,3.97043007904886e-06,2026-10-04T21:10:00Z,-99.1,2026-10-04T05:53:00Z,0.0009152,take_profit,100.0,118.3,2026-10-04T05:53:00Z,0.0009152,take_profit,100.0,92.12,92.12,92.12,92.1
G-0043,v0.2,Human,FB2Dw7CBcc2D1hKyf21kXKexESQFvsBNTVDjaUoGMRws,pumpswap,2026-10-04T22:30:51Z,2026-10-05T22:30:51Z,path-closed,1440,0.006352692688453102,2026-10-05T01:29:00Z,517.4,0.0001508649726135763,2026-10-04T22:57:00Z,-85.3,2026-10-04T22:33:00Z,0.0005145,stop_loss,-50.0,567.4,2026-10-04T22:33:00Z,0.0005145,stop_loss,-50.0,-52.72,-52.72,-52.72,-52.7
G-0044,v0.2,Ash,6e4wZ83xEmcj3LP9JNwzncW2hu3qXDEKLQUw3G6LKT8U,pumpswap,2026-10-04T22:30:51Z,2026-10-05T22:30:51Z,path-closed,1436,0.0019987370959009872,2026-10-04T22:42:00Z,136.6,0.00025107850867894116,2026-10-05T00:07:00Z,-70.3,2026-10-04T22:41:00Z,0.0016896,take_profit,100.0,36.6,2026-10-04T22:41:00Z,0.0016896,take_profit,100.0,92.71,92.71,92.71,92.7
G-0045,v0.2,EGO,AZBsSg82ZpspEF97t1G7pHWjaiKNTXMatwC3TGDqPKxK,pumpswap,2026-10-04T22:30:51Z,2026-10-05T22:30:51Z,path-closed,1351,0.0006414500616040692,2026-10-05T21:04:00Z,106.1,5.28638517070767e-05,2026-10-05T15:33:00Z,-83.0,2026-10-05T02:29:00Z,0.0001556,stop_loss,-50.0,156.1,2026-10-05T02:29:00Z,0.0001556,stop_loss,-50.0,-52.87,-52.87,-52.87,-52.9
G-0046,v0.2,AGENTCAT,HyLTPacbYR4V8yQw5bbWwAETZkjcsRw9xzCbayMnU45o,pumpswap,2026-10-04T22:30:51Z,2026-10-05T22:30:51Z,path-closed,1409,0.043008598005037584,2026-10-05T13:03:00Z,144.6,0.0003374355782696207,2026-10-05T20:20:00Z,-98.1,2026-10-05T07:48:00Z,0.03516,take_profit,100.0,44.6,2026-10-05T07:48:00Z,0.03516,take_profit,100.0,93.66,93.66,93.66,93.7
G-0047,v0.2,MINTRO,8t34p7n94man8wcmFdHedYkJaWEhA9nKGJMLZyZUzbn,pumpswap,2026-10-05T22:32:17Z,2026-10-06T22:32:17Z,path-open,0,,,,,,,,,,,,,,,,,,,
G-0048,v0.2,BATONROGUE,CGFDdPEpn1SfTJXDnRYb1BWS6aTAuWXBd4gCf1LddVt6,pumpswap,2026-10-05T22:32:17Z,2026-10-06T22:32:17Z,path-open,0,,,,,,,,,,,,,,,,,,,
G-0049,v0.2,HIGGS,BFrSZakeqNzVtM3EFhroo4eRhagmmWN8BRntiQKFH6Ru,pumpswap,2026-10-05T22:32:17Z,2026-10-06T22:32:17Z,path-open,0,,,,,,,,,,,,,,,,,,,
G-0050,v0.2,swordcali,9gvxh5FY3eYNHY2UyeRt3LJD1TPBq2sryPN2zCMNrJYy,pumpswap,2026-10-05T22:32:17Z,2026-10-06T22:32:17Z,path-open,0,,,,,,,,,,,,,,,,,,,
