date,market,high,low,close,prev_high,ibs,rsi5_simple_after_close,ibs_gated,logged_utc
2026-10-07,SPY,779.1021,773.6100,777.2200,781.6200,0.6573,flat,flat,2026-10-07T22:32:09Z
2026-10-07,QQQ,758.2000,751.7600,757.7300,762.8600,0.9270,flat,flat,2026-10-07T22:32:09Z
2026-10-07,DIA,511.8600,508.4600,511.0200,515.9900,0.7529,flat,flat,2026-10-07T22:32:09Z
2026-10-07,IWM,279.0400,276.9450,277.7000,284.6400,0.3604,flat,flat,2026-10-07T22:32:09Z
2026-10-07,EFA,103.2450,102.5350,103.1000,104.7000,0.7958,flat,flat,2026-10-07T22:32:09Z
2026-10-07,EEM,67.5400,66.8923,67.3700,68.7600,0.7375,flat,flat,2026-10-07T22:32:09Z
2026-10-07,EWU,45.9900,45.7700,45.9300,46.5100,0.7273,flat,flat,2026-10-07T22:32:09Z
2026-10-07,EWJ,98.4000,97.6400,98.3200,99.9800,0.8947,flat,flat,2026-10-07T22:32:09Z
2026-10-07,EWG,40.9400,40.6100,40.9100,41.7100,0.9091,flat,flat,2026-10-07T22:32:09Z
2026-10-08,SPY,777.0900,770.4350,773.9300,779.1000,0.5252,flat,flat,2026-10-08T22:32:17Z
2026-10-08,QQQ,757.1799,743.2300,747.5800,758.3000,0.3118,flat,flat,2026-10-08T22:32:17Z
2026-10-08,DIA,511.7650,508.6600,511.6500,511.8600,0.9630,flat,flat,2026-10-08T22:32:17Z
2026-10-08,IWM,277.8300,274.5200,277.5700,279.0400,0.9215,flat,flat,2026-10-08T22:32:17Z
2026-10-08,EFA,102.8250,102.0000,102.7000,103.2500,0.8485,flat,flat,2026-10-08T22:32:17Z
2026-10-08,EEM,66.6150,65.6900,66.1000,67.5400,0.4432,flat,flat,2026-10-08T22:32:17Z
2026-10-08,EWU,46.2350,45.7500,46.2300,45.9900,0.9897,flat,flat,2026-10-08T22:32:17Z
2026-10-08,EWJ,97.7300,96.9000,97.3200,98.4000,0.5060,flat,flat,2026-10-08T22:32:17Z
2026-10-08,EWG,40.6700,40.3050,40.6700,40.9800,1.0000,flat,flat,2026-10-08T22:32:17Z
2026-10-09,SPY,779.4200,775.1400,778.5700,777.0900,0.8014,flat,flat,2026-10-09T22:32:05Z
2026-10-09,QQQ,752.8600,748.3650,751.2700,757.1800,0.6463,flat,flat,2026-10-09T22:32:05Z
2026-10-09,DIA,517.0200,511.6700,516.1100,511.7700,0.8299,flat,flat,2026-10-09T22:32:05Z
2026-10-09,IWM,279.8800,277.4600,278.9400,277.8300,0.6116,flat,flat,2026-10-09T22:32:05Z
2026-10-09,EFA,103.4557,102.9550,103.4000,102.8300,0.8888,flat,flat,2026-10-09T22:32:05Z
2026-10-09,EEM,66.9300,66.5400,66.8000,66.6200,0.6667,flat,flat,2026-10-09T22:32:05Z
2026-10-09,EWU,46.5250,46.2900,46.5200,46.2400,0.9787,flat,flat,2026-10-09T22:32:05Z
2026-10-09,EWJ,97.9100,97.3600,97.8600,97.7400,0.9091,flat,flat,2026-10-09T22:32:05Z
2026-10-09,EWG,41.0200,40.8150,40.9600,40.6700,0.7073,flat,flat,2026-10-09T22:32:05Z
