date,market,open,close,sma200,rsi5,rsi5_1,rsi5_2,rsi5_3,rsi5_simple,rsi5_triple,logged_utc
2026-10-06,SPY,778.1500,779.0900,721.4892,78.6320,72.6586,62.4194,44.2298,flat,flat,2026-10-07T01:50:50Z
2026-10-06,QQQ,760.5200,759.6600,670.1225,85.2000,82.6840,76.5933,65.5319,flat,flat,2026-10-07T01:50:50Z
2026-10-06,DIA,514.3200,514.5600,503.0382,57.5626,46.0031,40.6738,26.4053,flat,flat,2026-10-07T01:50:50Z
2026-10-06,IWM,284.4000,281.3400,276.6579,48.0187,62.6719,51.9843,30.6268,flat,flat,2026-10-07T01:50:50Z
2026-10-06,EFA,104.4900,104.2200,102.6893,47.6746,44.1431,43.0094,22.5226,flat,flat,2026-10-07T01:50:50Z
2026-10-06,EEM,68.7500,68.2700,63.1517,60.1234,70.2046,56.8743,39.2265,flat,flat,2026-10-07T01:50:50Z
2026-10-06,EWU,46.3500,46.3700,46.7086,39.0028,28.9486,28.4243,13.6380,flat,flat,2026-10-07T01:50:50Z
2026-10-06,EWJ,99.7900,99.3200,90.5791,70.4947,70.3233,67.4494,52.5519,flat,flat,2026-10-07T01:50:50Z
2026-10-06,EWG,41.4800,41.4900,42.3759,45.8700,35.7388,36.8895,16.1563,flat,flat,2026-10-07T01:50:50Z
