mint,symbol,night,bought,outcome,pnl_gbp,creator,creator_tokens,graph_insiders,insider_networks,insider_net_max_pct,fetched
82ezhRLKdKwkSC9jkM3js1yf93VbmvLXNMPkBmompump,SI,2026-09-24,0,stop_loss,-52.83,EeLjBXRELqrcWAXbnj8T4jQPS9Qh7UGWiKxovsJ36pZY,,0,0,0,1
BDKC1AV3saXrN8jKnWB2TTQmDD6z8CFdY55ku7eAfunk,FUNKOS,2026-09-24,0,stop_loss,-52.86,GMemhV1EBnyUiNT3GJKKULs74SZzEaCTidL7JZHKUbAZ,,13,3,6.190092078660628,1
2PENPmfgJfq6CG3k4byj4oWwHf8SerqakmYHMkUupump,familiars,2026-09-24,0,take_profit,93.07,7FuxBTHEAwNa6nQs3qpwyGxv7k3RS2ynZY2WnaDvmBrk,,41,3,2.5252453757604987,1
7GUnr7krtQhJwd6ASY2VUprd9t4c64zcgCsjdmZepump,NPC,2026-09-24,0,stop_loss,-52.78,31FSHEvoTogwRne8GVoTzDke69EeauzDGg7DYLMrY63f,,67,5,9.134522003228824,1
HSUMi4rMgjrx7zRUabw3ogGu1pa5hmF2eVcXj9Apump,goon,2026-09-24,0,take_profit,91.33,4YJ2MYpWXSvbUW9W5mVC2pG4vJ82sAUdAiTzkQgbnb6Q,,81,5,4.339653482811681,1
MboMMGXjGDi45hfjCVzYru32kEM5nw7VzCqCofZpump,KCAT,2026-09-24,0,stop_loss,-52.92,CLDfXEbaWbpYVcxC8a9AZnTLJWPFeHVKjUc179rcauJA,,9,2,2.8742138128042694,1
4WECKfvfgEiojyZJq5Xm12Hvk76rhM4VHQAZGaELpump,JEANCOIN,2026-09-24,0,take_profit,93.13,2r1ozFt4HEBe22LwXe3A3Quf1EajjNFwzTRHfotoDxLt,,1524,8,58.03722096935174,1
8Vte25yt28L8BfLXm8DrzjSYEyaKX8yry6hRKRmX7FGd,UPTOBER,2026-09-24,0,take_profit,90.96,5Rx2xfDwXLtscNE2iXnN2AjdZKVmd5wZ186aK3nTxnj8,,115,4,0.9318659145298761,1
6TfTBpkgRX5kzb1qbtijV1nZVTfzfbmbXE1hPsFrpump,Agrippa,2026-09-24,0,rug,-98.12,DGLPBixxtc61QNSDK6eTMBqTxDvwui3dcwB2jm6cCyfY,,0,0,0,1
8LHgAXXPbMVqd3wmAQbTu4NxuRRe3qowgUSLiKmFpump,dap,2026-09-24,0,stop_loss,-53.52,42u5XpqkNBcHPpNWqhTY14xRaw5r4UUBCDay3B8Ku5gt,,0,0,0,1
DmQDfFpbKHna4MgtsZgBQYmyMSNJjvLAj6XjduqRpump,TRUMP,2026-09-25,1,stop_loss,-52.77,3H4VAEQpTpwvttBLTD94eX9DKG86aJNK2vM3uHojDmGU,,0,0,0,1
CbcyNo7m1amFWqEQm2m4PLv1UNvpcL3C1Ujm6AkzpKoU,e/acc,2026-09-25,1,take_profit,92.43,5qKMaj2PBLQoSiH8bXAS3QJYkaq53p6vc7hvrX9hovd4,,94,8,8.10063971682745,1
5g9PWcRUHpmqm5uKycpShKXJB18sGLeCEzgB3qrRpump,SWARM,2026-09-25,0,time_stop,-1.23,DhqjSn3wgTMAua6Cd9DHSZUtLuXMsyqky7Hy4mgtxvN6,5,13,3,7.480599822388369,1
5NhN6zzDkzwXFGPFqtpTopV4ttBeZ6CWy1oRL9Rkpump,Bagwork,2026-09-25,0,stop_loss,-52.81,DtoukZHJQHRxsqhrs3Ju9XQDtPRKSazxnJiYSQxtLgqn,,32,2,0.7426713681602117,1
pwfAeX3kpWpkuumA6iodJxtVcGAen6BkRPToR2VqLp9,AMERICA,2026-09-25,0,stop_loss,-53.04,5AcHYKR64j9n6PbmNjG7KKtxL3515cd2ziSUHfYh8Ms8,,33,3,2.790401565848126,1
4G5YDqDvwgwSS3nLPDGDpGuetbG7rZYzNSBb1U4Tqbzi,ARENA,2026-09-25,0,time_stop,34.79,7BdULPB6fMcbgpKLQFJgqvL9G3p8vSqzz3bcSGBdBgx2,,57,10,21.178192159317856,1
nDZknLvfFRp5rgUHdzTrQsmSY5NKzoavqdLjSHVpump,COLLECT,2026-09-25,0,time_stop,33.35,GaB8TsBavRCodktVEkqYLZpTRALhhZ9xo8xjzW99kkLa,,26714,10,18.011787438168867,1
5iqjhP5ig6JWdXQf6hYAwojZeMf11pTCvH87gCQtpump,TTP,2026-09-25,0,stop_loss,-52.96,2QnnJUwaHUWigWwSn6qs6S6E3KiuKhHzXi2WdWVRe9wo,,0,0,0,1
EGRv76STtVdNNwKdyMkQLQquYggcMuToXy92qS9pump,GHOSTGUY,2026-09-25,1,stop_loss,-53.28,5SPR2TmaE2v6Uitp8XzaUc1Xp75rjQZVdZfTJKieWQre,,0,0,0,1
GgsSaetRZNCuP9HEWjbojtVWByRWFxpr93S1wtGFpump,BLUEPRINT,2026-09-25,0,stop_loss,-52.89,4encGzW7V6YqjoVVnytKxw24ZhdM66q8qzYWPA4njNQe,,9,2,5.436067939873197,1
BYPmzwqUT8NcDTWeGFbMQqafg7JHvLxfepjfF4Ahpump,VSOF,2026-09-25,0,rug,-100.04,HmfG9LFcU7DfYAafuj1NV64k2m9TRo8UCRyCH9rj1L2A,,816,10,415.6261258270298,1
3znS89gifim2Hhhu8wjb2PfSgaCDdma187D5NMkDpump,BRAIN,2026-09-25,0,stop_loss,-52.97,GxTXJvtn5teHtCcxPjeacKjhi7KVqScjKupmifXgf2c4,,8,2,2.6609196273387345,1
9EwEYhqzRHmE87ypWKUU1zZKP8uMeGdunmJ4etTmpump,JEANWORK,2026-09-25,1,stop_loss,-53.0,xr1Ki3a9m6jmar7MYem911RTzLE7ihheH6N29akGESW,,0,0,0,1
9NPmnDgL39NmoivaE1XfiFWm7o61repcfkVyvyv9pump,merci,2026-09-25,0,stop_loss,-53.06,GdwVgDQLWA8edpx6KhRTAvJ8wGfnYxeM5unyNQpJDnQM,,43,2,2.1123500852591,1
DRKGYsGALqr5p2aTcGLK9zqiPB5wk7JV78bJv4mPpump,SPLIT,2026-09-26,1,stop_loss,-52.73,ARvq6DX6RLmvwmn9BqJfK7M3WEMZkzYR5cvzDxgchb3v,,20,1,1.9986222741351338,1
5wW9mhbwq1HTFh341iimpmrqBB4mfxdXiYhdYBL7hUnp,KARDASHEV,2026-09-26,1,stop_loss,-52.69,6S8isTYpkar7e1iYiFue8iNAhwLdk11xKVbvnRbvFhCb,,17,3,3.7809627697878803,1
GDT8UZGGuaa9YAevWxh7yBcNvj4otQUv4xf6j4RsForK,FORK,2026-09-26,0,stop_loss,-53.36,3fKxJkYzbxJSMuSdNSX1Z5aYxBSmuwGipH3Eaqjpu1yR,,5,1,2.09605357482327,1
J6rYa7tX5UeFs3dSKiSLjgq4RE7ywaorkSSjpykqSiSL,RELOOT,2026-09-26,0,stop_loss,-53.36,8ELgYvL6LT29eLm64rruDMMNU3WHwAisn18xH7onE58h,,4,1,2.310648654110696,1
777XNvfVmvumMEc6M9yxJQJQnQtjbUYJyx53cqrwo777,7,2026-09-26,1,stop_loss,-52.6,Ajjf5sX3mDcLVZJE92osScy7F4EeaPqj4EH9GLnH3fkv,,25,1,26.013621646857853,1
CMuvWQ6qQbSt7NUQdPGcVKCoDgETieuqS68qu6BaeVgR,Cream,2026-09-26,0,stop_loss,-52.8,Fv23oSbzNXLM5uuj9dFK1aDAhpx8oPxeKPUV1ZyuRuTt,,0,0,0,1
ehegfG1UQEFSYKcV6ReiMupjheDm22FoQQukiDspump,VSOF,2026-09-26,0,rug,-100.04,945hDd5fgbdMfzGVnYFPU412tZfeoHWDx8n3REQpHSLd,,5576,1,201.05168606239636,1
pVhz9wZiepvcQsPNFS5L8wSf2RiPH5TojPPL4qspump,WAIF,2026-09-26,0,rug,-99.92,9NZJoZNujfbtYNzB9sR4ysYHXpLhYCAxLQZDPLsEeyjZ,,0,0,0,1
WJoCm62bzS94tWSexdnzC3Gn7N9PcUxzKGyEX8Dpump,OURA,2026-09-26,0,rug,-94.71,9ZXX78tooxK59JJDfJ1adQNvDBRYW8G6JmhRMbRdJCY7,,0,0,0,1
12ppTUnBWHbGy11h3QsXiat2sydhLAgjevu55jYzpump,XBC,2026-09-26,0,time_stop,43.72,AW9HSvG1G885DTSqAqbmK9HXLDarVrmtAYMg5YY8AZYQ,,0,0,0,1
8vdJA3MYhUhirZZzjZ5i8jXhNkHgrCnirCrqDG23pump,manifest,2026-09-26,1,take_profit,93.32,ApvhrMSo3VrRFjBXLKUs6pqkpBK8Zoqfvh6ehCJ9bFVy,,0,0,0,1
7tEsDuij7aj4b2jLUAS5oXcp6B3zWratYVmviS5zpump,VAULT,2026-09-27,1,stop_loss,-52.79,9aXc9HMGtwucjQXL8K9EtNDfvRZ6sZNEqj6v9p4z51uK,,4,1,0.08594164430001155,1
DAemPFNc3RtibBDKkUA4eL2Ns11q9VRdbpptmqm8DGqN,CAKE,2026-09-27,0,take_profit,91.47,9CZb6JtsiREYszfutuMB2NgbQWhicvSwkrinUvRoKEF2,,106,5,6.634677278859057,1
B2kipu1WYBPBDQrCX5yv9p7dhjhG1FwwnxBjUDhSkbdG,RAMP,2026-09-27,0,stop_loss,-53.01,5WNA3dzm7xcxTu1gJwcyizojG7AkSET39Wy7ZuyJ6TGz,,13,2,2.9848001205307746,1
3iUTyNYW6xKv5kZUjtbrEDTsuJTrSVwvB3bQtxkLpump,bukangi,2026-09-27,1,stop_loss,-52.79,D3gdYLNM7dpp2k5USCzhS9QP1TtFsK2igMuCv9R5cZWk,,9,2,1.6725517480672007,1
CC5D6puFmcsnGaJh7kNXeAcRpL2SZzQfoQezvx45uKjt,WORLD,2026-09-27,0,time_stop,-19.63,9bqjm8DcCERuNysG8bBaHGLxv9vNTKBGHtfYddSW4x8K,,25,3,0.8628468966044821,1
J1yxV53EmVRmt9RUj6PPufMfdAYUbtgwXCuNYTBTsYzJ,JACK,2026-09-27,1,stop_loss,-52.9,HDtmYqhFWeo3Rsxd5sAdsZGsTL23JSuhVPfyzZpbFu8,,44,5,5.444974383767537,1
6uPEdkU2xPg1iyfLzV1ssUwvve8nndA2sd6nBFrb1n58,NEARPAD,2026-09-27,1,stop_loss,-52.93,8CeAfjjG6v8xaexLM86sxAr3wWA1qJyhawHsvyz3TQdT,16,8,2,6.271555783343791,1
Cgi54CNpHaYn4smqLH5tW8X5QxssMvi592My3tRoiHfX,BARSTOOL,2026-09-27,0,stop_loss,-53.24,HqUvvV3es138rBmhC2SZFjk4rPacWJye93ViE5xK3Q1k,,12,1,74.46683646671164,1
kFWgzdFBd6DERYGSWUrT3ZUUjoREcv14rHJCBSbpump,AROS,2026-09-27,0,rug,-97.59,AX5a8iS8qGE3fD6c24G6X7uUKeXMjvHPzXBZmUNLtsxB,,5798,1,498.8101705734917,1
F1z5FQdToNDLQYJ72grqePaWJrcrf39HR4gaKA57ySUQ,Q4,2026-09-27,0,time_stop,12.85,32TDbGUftKofrwrKSaCsUHVEeC3EQWpCnKmmLMvj1LGV,,477,7,30.04381479436868,1
7BN68PVzqWV6EjK8J8Y6Q1h5C8FFD5ZRZVscXyJDpump,20xx,2026-09-27,0,take_profit,91.58,7hbihgf1myV3DE6PAhBz3ytvnBTV7MZXcsFgsBY6oo2W,,0,0,0,1
2yu92oYzBWLAdVpu8BoaLzmM1oxPsHoboay2BXmeDDZr,FROINK,2026-09-28,1,stop_loss,-52.74,GjtnAw2KtY1QTGC5ZNgDdEFpZCcse7PQpVHrK3CR9Wbu,,16,3,2.162338827466214,1
AfVUPhruMtJuFVtPj4u8kvpNbNEuy7VQ3ME5eAHq9999,STOXES,2026-09-28,1,stop_loss,-52.73,,,227,2,2.2322354441848047,1
8DXqVUopcdviLvujTcpwEqkKzB43Arp6E1axzsEE5Btq,moin,2026-09-28,0,stop_loss,-52.93,6Xp6WiRPj3LgEAVyt7ErYaGc2HqX9WAvAMmcNgeeBWVa,,10,2,6.6637589836349935,1
8n1Qyjo7LrQMFaZsTJ3K1qPkNRMxDmS6R4eDjkvjpump,HOOKEDCAT,2026-09-28,1,take_profit,92.64,5Eb3WPA9GVbHUUxNQrFN6dTZgGHX8XY4JYyfQRXzGStC,,4,1,0.12019611951929964,1
C1mBfBoDkwWfd6uTFZp62ARHLjeVp3bDpCDMfMZtPngE,HOOKED,2026-09-28,1,take_profit,92.8,Dpmutmc4ZLqvJwHbwabvKYeFJ9zkQ86nutUAUviRrXG2,,33,3,1.1640209819097915,1
E4vwseNWpkBxzNxyv3msVLCzYHU5SXrj1QWXEycypump,BOB,2026-09-28,0,stop_loss,-52.88,Bkn7ec2ca5vLAAzg6kEWYMLSUSjvtVGWbQepxvogWnrn,,1812,5,6.074192683225158,1
92BVgXufGjaMUyANA97dvg8LqNb5VMg2wgRfve9tPdCG,DELREY,2026-09-28,0,stop_loss,-53.04,J7Tz2U9n7j7U6d1wi4vbq7WLFoGqmjynD5pN9CtXZYBG,,0,0,0,1
wQK5ZserCHkhUCJQJxLL7NKg4N3o3R9VTEqJFqfpump,VSOF,2026-09-28,0,stop_loss,-52.53,DWybquzPqeyd3zZoZTFu5ehViMsG8tpkHtC8toY9UGHw,1,0,0,0,1
Y49yTFUyBiim3HQEiVnVKiiRPqTY2nNrJyvxsi4pump,USDF,2026-09-28,0,rug,-100.02,3BgR7FDmZM9f3wVHqrNZ4SspYkxVuEowMVY7hDbXjHfv,,0,0,0,1
4Gkq4Eg4J2Ktv586YkyMuKBxj2PHoSekFZt6sgX2pump,VSOF,2026-09-28,0,rug,-93.91,CUPgEBqZsJb43GBe5j9yo3bgWjGVVqwGFN5wH41qgMC7,,494,5,26.3424278116266,1
FjKd8GR4uwYQymh87VhknT7w5iS8qz1DM8ZHPCWZpump,HAUNTED,2026-09-28,0,stop_loss,-53.17,AEprsyVi5uiNtcrwt4vRb59dp5NrMHXMmehNPQdkJW4X,,0,0,0,1
HGN8K3x5ZLfYNjvE8b1hCqqu7RwupuKU6EkEhemzpump,SNOWBALL,2026-09-28,0,take_profit,90.07,BotN5By8tax4kPDWHWidscvV3bvWqSh3Kvo19JnbPuxB,,12,3,15.728500298918707,1
3kmygWKZBkCYrgZHKfiuB9UFKTcDLTFFsKo3BWpmpump,PARASITE,2026-09-29,1,stop_loss,-52.69,8RXNzg9QEheV1SZyTLisckJRwziVoZFzGWA3tajj1yJg,,94,8,11.727233638203034,1
5tCju6YNxHq5zrA6tGndr6F7TK42mpUFmeE31cSFpump,swordcat,2026-09-29,0,take_profit,91.69,7naFFwuEJWeWwWYQUkgAWHsxYKg3KctEuUj42JdAMidP,,33,4,9.961095790765146,1
84D3VopU3g5qo7jUwzQK4P4BnVPQWr2MzeaRCFkHpump,POND,2026-09-29,0,time_stop,-35.39,HdN3bsj4XHZ7zg9kFijfThQ4fgyLmRUMn5826PdYp8oB,1,53,6,1.6690895825112024,1
XU438yQcHEf5bGAZ3pHqXhbZPqotoapdanjnhj1pump,AROS,2026-09-29,0,rug,-99.93,DLKWBmT7uL8pBZM12K6GLtLjE7QXgGnMcQ8MZzPXPgcY,,0,0,0,1
eNBcJZ2yWFs45326ifVxaHWtszPTwCdmgHzH2pTpump,ECTF,2026-09-29,1,take_profit,92.57,GxDMwCYiYgiq8ApoUTs85VSKAWZr7gwYaCyTfb8kG9AC,,0,0,0,1
u5vXnPNUzvqGtAg3SXKtA3mEdPX4XZvp9hgQWQKpump,XDP,2026-09-29,0,rug,-100.03,3NC6QhWcNPsdyqAGxpDrYf7Y1diP51XExdHCGojv5tfs,,0,0,0,1
EthghzCFZNvTUbUeHsTZCWXZ4HXjzszSPs9bwvJpump,WSOS,2026-09-29,0,rug,-99.97,Dsw5oqdBgCwQHqBk6MobmVVn6AyehtJLNcYMt3AXEMkr,,0,0,0,1
1fRVDg4E8vUPBpAW32rc8HYaq6NneY7XZZ6SREHpump,NTDA,2026-09-29,0,rug,-94.86,HSyDGxvzsPB5pdLN1S3aTdwbbsYWcGtvNNJvMuu5zv1m,,0,0,0,1
A71Uf3jwg57fNedSao9eFwm9eKSLYFbVJ85T4fuXpump,cNFTs,2026-09-29,1,stop_loss,-53.02,8Zrt62tCicxNCntKeugnKdDH4psUYTesdnPfCED57Bkd,,0,0,0,1
uEMVScZfPPfSGeoKkPCQ82oRedJn6u1dQvDEo8qpump,UDR,2026-09-29,0,rug,-100.04,8jiCKQQNkh4BdkiHa2D5ruXv2JNptjDqaVtKcfGGGQCf,,130,2,120.57802463462275,1
jSh3qi3qf7b3gWtCdpfMzSH2WFR1Qp6gyw1Xc3Npump,DOTF,2026-09-29,0,rug,-82.68,7qXhWhrJUydcMgheXqpWQ76P5t7n4RWAE2EiFqv8sSMq,2,126,2,117.58848373746909,1
erZo4bdwE1wZ4E2D8RQzCMdxypL5kVWC7Du6zdCpump,VSOF,2026-09-29,0,rug,-100.01,GTexY88PQNHKFFoxVhygJ8jxZmipdj9XWYzhJiguScnw,,3562,1,364.854887501186,1
6Vuz122BbhCoBSXLH94JdMamHAJhRGBKGJJ1i2TWpump,CROCS,2026-09-29,0,stop_loss,-53.14,EEnpvaxR75LeM1G4ARUdF3dGq6AdmQSZ8ntzT74Yy5B6,,21,5,3.139601869673453,1
97SkmPTaFH5zT4QD2KjSsmxaPmKG3PL9kxb3KMtsJwfs,SI,2026-09-29,1,stop_loss,-53.09,9cAUb46AzrSfA94wvDsc5wS5JrqGo9AZaTYtTAzTsHbU,,0,0,0,1
2d79yirWWZmzf249y7B4DMvgaSb7jgrCxrwTcweFpump,STOCK,2026-09-29,0,stop_loss,-52.78,8XCn9ky4Ef1a7NWgGhCp4e38Fc9pPvScgR5CxzYN21fw,,0,0,0,1
9aqmJjCnnMQv42TXLk921ceUkN35nea2QP969n1caqjj,SI,2026-09-30,1,take_profit,93.46,3VgrmqGqnFocFhJ2b87ea2SVzMiy8VGz8BHGckvrguns,,359,8,10.770665830790591,1
6ZG6fMHaE7NpubJr16G8nFLBg91rH5kU5SVpqUmQpump,AIRPAD,2026-09-30,1,stop_loss,-53.06,7AuQ7q1SifetuuDbDcKQHAjkZMRCayvHN2KT9hpNggeJ,,308,1,17.33938300073205,1
JCX5nDG99k1CWB9AttJ3U57NmjSgnCoagFaZhqfEf7Ah,BANDIT,2026-09-30,1,stop_loss,-52.75,7UkWDt4HMiaPAZphkV7NxSy9Pf2Mtc1LdxFADK5KaYe1,,50,4,5.629126909992342,1
GjrhXcr8YzUZBbu5rifdqM5CPBS4LFJveq3ZiY2u3g5G,Meridian,2026-09-30,1,take_profit,91.74,B2YBjBcHwBqC2iMDrq2ok4MyVt3exEHWTDcJWhWuhy8y,,4,1,1.9236143401817063,1
9twiuSdTVkwtAC9XQDG57dFRhF4iqPih461HJfMZKci9,Saw,2026-09-30,0,stop_loss,-53.17,2WhKZiL7CMKGr546eTKu4EbFzi5uQeg1tYikp3tPwo1K,,44,4,2.9823548670806144,1
st57oas5yPVfDsEc6Md55CXv7i3Uhp9kg6PFGp4pump,SARP,2026-09-30,0,rug,-100.03,C2o8XHaQAS2PEEWaziBwQikv1NNcS1mNXm2VoqQDgD12,1,0,0,0,1
tCHCHiqVVcsL69ab94xGHV8zdpKyFYNiz92Behjpump,WSOS,2026-09-30,0,rug,-100.03,Fe72v4JERMUs25vLFkP6X5d7x4zzXupugxUwSHn33Sme,,0,0,0,1
TcVG9MHS4PM6p6kwFhfLvUxzZiKqpbQzNq6DpTHpump,XBC,2026-09-30,0,rug,-100.02,7MwEqSi2pxanzXEmKjgnJ1dCZTsc8cMGpLXCzs9FZdtc,,0,0,0,1
6iAj2oywQMiD9NeyTcW1S7UtG7e3jSK7Ud5ZJDqJpump,HI,2026-09-30,0,take_profit,91.32,BzejLp5hMuEKzNRKWMxycH5fBpdvSuw1j59S7Md4aAjT,,19,2,7.020778716974195,1
BYaxkgDfkUApMgsXu4SiJ5yc6DTSfLxp6an3PvVVpump,SS,2026-09-30,0,rug,-98.45,GM8QGSgTm4b5nwCytSNiThaf7uJiMwL97QaCxc5re31F,,0,0,0,1
H3vfXFZfFQnba2NV2seTMBdY92yLK2VJHsppUzYv6ua,GENNYWEALTH,2026-09-30,0,rug,-97.33,9eNzRAnJ34tQMmUMsuDQzAxVGCA3QMFniGjTCHXvDBgx,,69,8,26.967830592343873,1
B7yfFFkX4NtxtQwGdegi2DuaVssitc3FGpqF2pxUH1zM,PUMPKINU,2026-09-30,0,rug,-98.56,8mCJ5NERYcFRq5wTAxCTNekCqcDJpS1RazSqT3uMQnoP,,0,0,0,1
f9t9ZtbmonrKiJP1GECP2HZoFM3sQrpPzs2pAqfpump,TRUMP,2026-10-01,1,take_profit,90.06,CRSL6PdZmEm6JTGicWV5JDMJckXLGGCgmM6DGLCeF7hD,,5,1,4.620023515556444,1
HXxJdaQbrYRvwTAM8M8mUPyoRPvmyuUbPFBRkiAAMASS,Ansemmas,2026-10-01,1,take_profit,92.23,7tCynLUGCeR1He7QEU1hyeKM1cTLhteqKm8a7LtRsSYL,,24,3,7.553642286641941,1
FFrRBPP9yWtSqnKjXXM9C77MBdLztfdgSnRE858zpump,MEME,2026-10-01,0,stop_loss,-53.32,3D3Rzz2qehzaLejXiNLXkgpMMkLq1v32s2v71i6j3f5d,,4,1,2.0433656347965905,1
8oMvxgcBJtDGNSc8kogCEEFxSvvi7x6jHRfSWaiWpump,DOMAIN,2026-10-01,0,stop_loss,-52.79,B3Cz7TiGgfyY5qezGZ2ptuu12x9mxBFUCxHvydmiTDfr,,19,4,20.683329762481765,1
9pJWJdpPebyANys45eetpemLJo8yTz4n5B9zbpYw9ZMr,Jane,2026-10-01,0,take_profit,92.57,4G6aDejMS7KVfVZoAiAwoBd73JhkHvnKSX4Kim4heLwL,,24,4,10.042095468665913,1
DvNcJZTiSMD1RBCtZ2J31mh7s42CVCwrzGapv1Lypump,MICRO,2026-10-01,0,stop_loss,-52.69,nzj7rfQwjVsR9NTFPy6bZ4vJ8jKSnHDVUa7sKpvCJEk,,19,2,0.45150366864036273,1
H9qKeikv2EuifXaMCWSFQSUvNHUu2dre9R3Gmz62mvjw,Ajax,2026-10-01,0,stop_loss,-52.78,5ZUz3HuBAG9QdJgZR2mCKYJ2fBLaj8g2wSoJ8ysUQ1GN,,11,2,2.08279564088124,1
Gd28K8mXV6AsDyjpHnREdC6zetL3XVrLY2yk1urZpump,CATANA,2026-10-01,1,stop_loss,-53.36,GieQcg8YmhtcwdZVt7egcowDnFSq52c76Tgc7ofbEaFw,,0,0,0,1
cNJ78S1eCfQxUihcSSEf9VVzcnKRws2stSzGm2hpump,UDR,2026-10-01,0,rug,-100.04,9PNHWqptgiRKAePqdzNy1dDY1RtuCF3ZvYWPh6b69rg9,,0,0,0,1
azTv7govxm9MWA2evtxvai4UZYkeKb4RrBfABxfpump,VSOF,2026-10-01,0,rug,-99.95,ALy35Mp98tVKZgUbcZiMhoagRryQNQGvrs3j8jnUnxKu,1,0,0,0,1
mLWY3TjoiPabqYYTeqFFjxDwtN4UZZoco3zrV1Spump,UDR,2026-10-01,0,rug,-99.91,HVWXxYhwZSoR4fcnHdaNRiKaN6Re3kZnUvGUgGNr2gfT,,4871,10,101.94758879006677,1
3PmjFE36FtTHMxge8wrmnLdykZJTtHhEnWkgfLPPpump,GOIF,2026-10-01,0,time_stop,36.64,HGyshHSNM65qQwibaRt8wvAwEU6TkQzBGBsxVJJdYC5m,,512,8,64.95542059772129,1
1Atst4LcMEYfAXACbCaBpdk166CU8eopNkjyD8jpump,AROS,2026-10-01,0,rug,-100.04,2USRJi3V1Xoa26zvbG7EjuU8dbYyyGVMjabh3af5TiYk,1,6563,10,100.98555625981645,1
zapZHziBkeeNxJkZt3T5NzbbKcnjdYazkqNwrgPpump,SARP,2026-10-01,0,rug,-100.03,AL694GEU1ozAbxEtD4aHboMK7uAetYpQ84NiLBghjgQZ,,6268,10,90.48901744994164,1
9Hi75Cp5PcfJfCdaxrheyP9oZ2TG6fnGt1Cgq2Jrce62,HALL,2026-10-01,0,time_stop,5.0,BnUZDsbWq55DKshyNRSDHjYC2ePdZDsAEG3QpP23WJPd,,8,2,1.251922091315109,1
qTyZGgDKVH1fZNhBAnGcUgtyVbVrWZ3uNeuCgJ4pump,GOIF,2026-10-01,0,rug,-100.0,EKgVQtMer1pZirPy4GKicAnxgbv8nrQRD57zwiJcdbMn,,7312,3,188.58776417217834,1
HmMDsu7WFPxJVhXEZdkMFgQHgschqA73DnuSTheYpump,Janes,2026-10-01,0,stop_loss,-52.82,HSAFTugAja5kuLeuPyQtQQhxqf793XiY6QD1DfhR1z56,,0,0,0,1
4K8V9yH6kKRLS46BTG68Te1QHLkb7an8J5YcWQ3ppump,SACC,2026-10-01,1,take_profit,92.12,qTnJWUoNQgqjF5uZnryPRP7KYhd33oPDkbbvMziffBk,,0,0,0,1
4vEX32B4LLr2hL4tzdgz724rSYXGccAGT8MRSUaNpump,DEGEN,2026-10-01,0,stop_loss,-52.78,92SnMs34o9UU1WH7NAayduPhKJFvrx2ZgBfvL686Haz3,,6,1,1.412205225333919,1
8nnaeWCw8mUypcGAgbmSuzAT85uWx4UN12adDrMhXrGF,HOTBOT,2026-10-02,1,take_profit,92.75,21GML1ieck3tVVM1J5N6GsXh51rTrzVF55tbgdcvPAex,,4,1,1.4007571439164,1
7VertkgF9KLhxxJXHX6uaWuoYZTP9LdGj2bWmVXVpump,Agency,2026-10-02,1,stop_loss,-52.63,DaK84rV4rVyatDrWJG9itDTBQeXq6exDvsLYCb5YkLvx,,26,4,4.309164172528624,1
2AKrTTVNsxhHV2FLNBWUBv6W6Vq35VJMuiAhjsKjpump,ANON,2026-10-02,1,stop_loss,-52.73,4SxAN2FnknfmMHYhKnZHMQDk25Aj5JKSp2Uac9qK2Vin,,306,7,2.377799248576359,1
5yQYLno5ABBZ2ELVvLXEU323CbHhr2jwR1NKFDh4pump,BOO,2026-10-02,1,stop_loss,-53.0,EmMtkDJNUtB8gq1PyTYdkp1Thue1cESP8h7pSckh5uf9,,0,0,0,1
XLBLxbY1Mr7aadnqAbmqSBXLEyUdjvUXtXCnz8Mpump,SOCKET,2026-10-02,0,take_profit,92.01,Dsw9j47WAxqDXT2Rry8xMfv7FUmeSVv7Zfgrp61VasXh,,25,5,1.2534553270548927,1
EFtMJryTCBdDcc7MS1wnsW41wD6edXcvLkUvH3v1pump,SIP,2026-10-02,0,stop_loss,-52.82,3TU7u7iynBn15YwFmCwiESm1bUTVaXhneejLXbcYLvRx,,0,0,0,1
CNohWHNTurS7PpB55czspwUJfpk9yy92uf1wXdweEGg9,CATGPT,2026-10-02,0,take_profit,91.28,3out3Ywed5C3kNx2VCQj2UzkoUMTYJsLWUX9hV54iJ4H,,22,5,3.096611462700825,1
BZFYNPeQAEW3HWQ4DNsTVahC1n4ZjTgn6jB2nnBbB96W,SAPLING,2026-10-02,0,stop_loss,-52.65,FauKh2enCxjqMDaEEmo3qMmA9toxyZPFvPhGEZNMzChr,,10,2,10.61577826488715,1
ERxLYPjqeFfLsnChuPnvS6f3y5Me8BjgJi9oWaTJpump,e/acc,2026-10-02,0,stop_loss,-52.81,9wPFJzLw5K7kfKqU8nv5vvkGxTp5E22zsPFFfsNuaaNK,,0,0,0,1
2JPaBUjRHjcSF5nTDquuyCsxVGjV4ffKvXQCDJG9pump,VSOF,2026-10-02,0,stop_loss,-52.59,HeL9zigZt6pM4QJc4mc2mehTLEtRs95QqXNfqJnQiWHZ,,416,10,210.8922723153681,1
89HJhdb1nVxSgohDP7Cge9YhhwBnfe3TUKFW5LqZpump,DOTF,2026-10-02,0,rug,-100.04,Ha6xW6tLWNckYSfK5f7dnPUBzyYpAc1rLpMxvH85W6Bg,,596,2,92.00067422570115,1
9SLcTBtuvembyxFk9Wy9SHB4VWSuaGDFvPb9e3jBpump,GOIF,2026-10-02,0,stop_loss,-52.53,DhJtV2z7A4tKRGnZVUZRnu4dFmhCTFhW9LF3CCnAqbXe,,433,10,63.17698073684639,1
6WbiJtjXoNpLH6GhSvDX4HqRUN3ShQgxsk56Synpump,SARP,2026-10-02,0,take_profit,93.9,HbHVGdknKQZH8xPo1sSdb6DzxVMt6De4yfAtu9h5HjYe,,10346,2,168.41800514592612,1
D5SdxmGmVsDKMizEZtBagz3ECk3eucwe7LYeAANpump,GOIF,2026-10-02,0,rug,-97.07,DrBCfAThfyj2a9JvHDekYBQ9JtYCiVAPDycvoymHbpBk,,4,1,1.406044315030035,1
89P9wrpu2g3Kkm1ChM7mcXekZK2LZVhQD2dtJfUpump,XRPN,2026-10-02,0,rug,-100.0,AVn4HBkHjNWfcMAeEvzmeQVWp39uZcYjtZQe6VHiF6wP,,0,0,0,1
EDm7RKU1uUFLFNU4qVBv6cddpY4Ei4cfLcbnCUWpump,WSOS,2026-10-02,0,rug,-100.04,24TchFNKerC5H34jDRRziKhmNAefJUYXS9Qxa1zmcdqc,,0,0,0,1
7Jv7D7qpT8GpKUywkbQv9WgF5yDWr6Yf7SZXZj1Gpump,www,2026-10-02,0,stop_loss,-53.03,642ujanZZzWLii3LJvg5NfLpnY12MkVeMeZrRGiStyyp,,0,0,0,1
9ZUwZjiMP8Un9qcBYNfKmVmRRj97YWLB1DRWPhhnpump,HOOKEDINU,2026-10-02,0,take_profit,92.12,Ev8N68LYod6ysZHd1ik5tqdR2ns46uYaaHHms1dqtD58,,0,0,0,1
H7TuvDxEKygh27zGfGcjKG8JGWgrbyKpPtvJEpGosfas,CLAUDIA,2026-10-03,1,stop_loss,-52.66,A1oqwsLTbXZ4iBQjZGgjjk7Rwc5JFsby3RAt9GmaG69n,,38,5,1.2320429205273224,1
9dSMwFfPezQ8WPcW1uZV7ns4rcviEj2LssSAg75WBLXd,Aiden,2026-10-03,1,take_profit,92.39,FpP3vVoydm13FhHronBdZFDLDxAPiFG9sPfGWWunrnNR,,65,9,3.832915900251293,1
GgdAua8qfnwFKZxKEnDqTcJz5jQ81NURPWBK1qDzpump,PURRSWORD,2026-10-03,1,take_profit,92.12,EmC1au79VPDxYBAasP51yJ45cErExubm9HhwfE3t5CXr,,274,10,14.02652235711609,1
HAcEqEVru6dRbe1grLFTPBxjxGgjn1tVpR7bLgYXdust,DUST,2026-10-03,0,stop_loss,-53.15,BqSTVy4zi2gE6N3JHeLBB5rpj1hySzYVSRBepzncrA1M,,30,3,0.7479691103643828,1
GAwhcphCqCv5bKHmCiN4VDdNWfbXJL4npmkc8L3Q9S9H,www,2026-10-03,0,stop_loss,-52.68,CC2FRguyfXbq3ASDGUDDy5NbRDhoN5ndM6HQmPEP6xKC,,55,9,2.6903242355619503,1
8Y6pHi3cMhxhtHuzgGAsWgAJMyw3zaQLeFFf3qvRpump,PRINTR,2026-10-03,0,stop_loss,-53.16,4WXd8TNVsRKNCam3p8ETDjYnjYYzbPtzmhAPkXXowunb,,12,3,4.226881311173227,1
6hTLdzZaaCjmqtn7RtaEMQsCbXT5Pg8q76tRViEGpump,ABU,2026-10-03,0,take_profit,91.17,89i6PfXzDLRi3k3pe1TP9cVABtrJ4gTHPJTLTrjgRYF6,,4,1,3.7505140404098456,1
Bf9i7oG8We16XBtgeAnNB9rDBnmCZPW37P7b6a9Hpump,KIN,2026-10-03,0,stop_loss,-53.33,6tBAG8W8hNp5Hy36udjUq6fmLnmBbsZeoMeKHA8Qomyb,,5,1,8.333251701128297,1
HmkiLg8BQnXMexzKJYFsMjbq82sFcqFXXfJ78CYypump,PAYR,2026-10-03,1,stop_loss,-52.88,AbEyyGsTQ8j5ZEhMDn9TdthgyfeVsJAHLbaoovamjRRJ,,208,4,6.768237041572153,1
9S2uxYgTDM1eM1Ryyc7D4dVKEFrb2F9m8NAygyQspump,catius,2026-10-03,0,stop_loss,-52.8,8PSCfJAwRVBmDFUk12tCj7x4Ctkrv9jsayfxEkWvraZW,,0,0,0,1
J6yUJLiLywR9CugELcdkpPjG6eZN3FVjHUjMP5jXpump,SA,2026-10-03,0,stop_loss,-52.76,BpVLQkzM8hbHYD7YV6EoZ6ocrXUw7CXfFDLxVBn1iBdk,,0,0,0,1
XSeqKH7y53dYjzSxmsfojE6dRGmxGQ14kDFaftTpump,lemonem,2026-10-03,0,stop_loss,-53.11,D9X6acyZo8Sz4Jxg8WC1Cz8Bo4ZoUFakaSN1oqcFLPkx,,4,1,6.853105590702992,1
8nPoBHiBM6pybxMws9PA2JRb9BjkppBfqcZGmot4DMBC,Human,2026-10-04,1,stop_loss,-52.72,D9XyBnoor86VkKEdEtdrZrNo1yUnimtBoFsYH2vegUa,,42,8,8.395248737159232,1
BbJJUTuGV2B7tJ99YeryiCBFLG39Hoc4RTzEwchtpump,EGO,2026-10-04,1,stop_loss,-52.87,3i4ifkpkHn28wUJKhk4K5iPuvmd73FsG4mPt3PkipMQC,,64,9,7.273109769231759,1
F5WvFdG9sCfhv3bVYAMJNWiwpx5e3X2uvpXDtLtdsDJs,Ash,2026-10-04,1,take_profit,92.71,G2fKn4MynRWhjyNKiDU79eymrTLYoNpJGSQMtZpGLgPE,,43,2,4.112060407647074,1
7bC8ugu1ZJn21MhA4ht483nX8brLNesa8R7XLimpFyhq,SPLICE,2026-10-04,0,stop_loss,-52.72,8uHPxbN9qjTHWJGNpHH7pAf4LgyawaHDuQkoEzcvPxHV,,6,1,15.47113200112852,1
3sfF6VyrW9MJwWoFvYC51UK4pPp7P5H4wRPqqHTbpump,SHIBO,2026-10-04,0,stop_loss,-53.08,6DW513zcBcs2233X9j2iCDtSL1Mmz6F5eJox6Ltkszj9,,47,2,87.84875089871709,1
CZJfrAmMs5Cz4H22PWzfqTJu5FkP7Q2Vvx1oPVL9pump,AGENTCAT,2026-10-04,1,take_profit,93.66,cJSgF6az6m8pnU45AeBpoDJhbYYz4xqAjbVzGeZoFUw,,35,5,0.9944769747163571,1
F4635H9HFAzYjpyM3coGMtW8pMmEYRtwrgz5mgfHpump,WHIPCAT,2026-10-04,0,rug,-96.53,6WgRp4xxtnHV1LQWyAWikevUkFJHW8ND7hhNbuwSSVNA,,531,10,15.335135413364826,1
GYFLuEAZMDdpUsTmyGdHstuXQC3JB9ZqtZbfktpppump,SWAP,2026-10-04,0,take_profit,91.67,AfNHMbKFBcymfwU6yArwwbqbj7sdu5vms5yWzd8HjqAB,,357,3,6.882986253899304,1
DoVAVzViX8Bjy3r15nwikSaSbzE6dV4ovd28aWpJpump,HIGGS,2026-10-05,1,take_profit,93.35,DAR7byxGpLWWdWUkRYM7Lqycvk5KGXMwoHkUJcD4se4r,3,175,9,8.700030304592858,1
BrUimx7KncgRNTggAdZdaX2s5XUqQyR6XMRmEg4mpump,MINTRO,2026-10-05,1,take_profit,93.01,3CxkxNpC6Ys4JngaP94hiCGmipBBU8VzRys8sM7cU7HC,,1326,10,2.752145924844136,1
CBLx6CRcCTtbmgTdxpqnF2dP1MpWbMUjngtNbFTApump,BACKERS,2026-10-05,0,take_profit,92.53,CLaZvSPjSg9wCY4xNzzmPjGgKLYSHEmqv7UZxenZrd1a,,27,4,0.8530395095769423,1
Aqv8Gj8MesSzuEsgigq4kEDWVRFHgPUZq4Po4Q1Mpump,SM,2026-10-05,0,take_profit,91.59,J3Yyn9tfAAJ3kxaCUzNyv9kRLkZgs5P31yQj8EiizhAK,,9,2,6.87971846779978,1
26ZixeXtGBQe3DBrN4448oZaY5rnhwPrZNhAjZPopump,SOLBORN,2026-10-05,0,stop_loss,-53.34,4BYPei1Q3uGeqAeUNqBjyJt4whkSD7TuEbz1oXJjJcZD,,11,1,2.2589041947783226,1
H8oe2SCksJcYzhPeS4TsbteusgZW5k7QaZ4boKyq8C7U,quarantinu,2026-10-05,0,stop_loss,-53.53,B4GJ2gBBvMCTyUTD6NN5Xx4AtCv8qgFiezaz9frujPJp,,4,1,9.829678135840043,1
8nKp4JkesNtDgu3PiSjdTdNSrtBt8YCHhW8BU14wpump,BATONROGUE,2026-10-05,1,rug,-96.66,DFgN6FYw38QFWwVMgDG9UfFQeUwPkuVmdhdphddj4iT2,,201,10,10.365534126721206,1
AsyWkgzTJD2VsiJYf7DSjs6LFyvMFZ6ojeVoEBvupump,swordcali,2026-10-05,1,take_profit,91.72,7SseN1FZLLWbV6BQFAJnFqYqHbyP1HYYb5wbr8LXE6Te,,118,2,1.5214663628945297,1
BZ8pkWUs4TjboT2xHRCwg3o6PK8xkvmNewvqMyyfpump,IRL,2026-10-06,1,stop_loss,-52.82,AwNKBTFnwueK5DjyACubMW7csSQHrWKeq4577aXATyLE,,0,0,0,1
HzYCHqAN2uoHGRnL9v2ChCfFQX3bvJuJd5zu2Hd5MZQy,TWEETCRAFT,2026-10-06,1,take_profit,92.06,4ejXyDmGw7aS4wZjWGFyRcSu98GpaRCbXUGQKahLwb9f,,74,4,2.944463285232786,1
4zf496BBRWZ5H2Rrb3riUBCBsfPUY6FsZhea1YH2nZXb,Buto,2026-10-06,0,stop_loss,-53.48,CMorZHcc4SPWu2gYytXEgY36YG79EqaN8j36gFr6oCMT,,32,7,13.153930477324149,1
CBcjQNdtgb4SHwKDqKFxD3yPSk7pEMpKHQiMmZrgpump,phubber,2026-10-06,0,time_stop,26.75,4si1aGhUetvjEckayT66K7Vzh5xNqeqDQUstBzo9Tobu,,30,4,7.686914364442218,1
FeAWY9L9hr82TvTuEyi328V9FP7GxVuGLx7xNg6kzWVa,CHONK,2026-10-06,0,stop_loss,-53.11,,,1177,2,19.66018362609198,1
8cp1WhUDxTbfX8nDe1kAB1ogPUyQvUSKgzFz365LbQyZ,CAESAR,2026-10-06,0,stop_loss,-53.13,dar9geTb388PBGta7yR81PgiCcXVXgHYYdymqMoGvDp,,30,6,12.248455801101587,1
2T6Wg3urxPQHaoGh4gqNHyYL6FAfyWA5BaH6Lo37pump,MINER,2026-10-06,1,take_profit,90.82,13hAFA7J2frbbg2Xdxe12rvUqiSbQVjADpVeMuhFDupV,,13,3,5.072140341385616,1
rtyCb78V7G3yEX3zqFRGn94Zy6nJYx5rKQrhDZ5pump,ATFS,2026-10-06,0,time_stop,46.41,2vE292zrTaR6DRmAVbRxt1JexExJM9DehryKyja32Gz8,,0,0,0,1
49gr2VBv3igYyXXVthoozw2bCsHhHaF3WJufgfQrpump,SK,2026-10-06,0,stop_loss,-53.06,3BJskNBdSBmXUiuBnxekodpXas1vLXpXBRiRhsScWDn3,,41,6,9.325087022052463,1
J9qzFhTLYnmf3tZYvHBaF96rH3YKToELAAVMzz66pump,SNDWITCH,2026-10-06,0,take_profit,91.66,7MaWuUDBFwasCZGXZ3qyoE97UNTKEkUSKjA4AheVaxev,,286,10,14.06257282779949,1
HMYd9tosnUXuNHmq7pXmoePRVBLBBjA3JBfydq6upump,SI276,2026-10-06,0,take_profit,90.1,GtsWwLkxeZgHsknc8rhDkRsaxN2ADTQL1Dr2AwkNeckJ,,263,3,208.76163441950985,1
CsCPttDSDsKxhCiVrYvCpFHtT9A3Uni8tbSfqpDXpump,AGENCY,2026-10-06,1,stop_loss,-53.22,EXyWvShEhVbEJB1qLf6Qi2rY7Vgt4H8C5DZqpkZ6RK7h,,0,0,0,1
GfBwZAaRLdarL7mmUce8wkFc2xALuTSzyrREVKixpump,DONSOM,2026-10-06,0,take_profit,90.61,J2qwUevjXiJRRc4ARyHwZEZtniccmrnS55aSvwo3psV1,,0,0,0,1
