night,symbol,mint,bought,outcome,pnl_gbp,age_h,liq_usd,mcap_usd,mcap_per_liq,vol_h1,vol_h24,turnover_h1,h1_share_of_24h,trades_h1,buy_share_h1,chg_h1,chg_h24,top10_pct,holders,lp_locked_pct,rug_score,rug_risk_named,socials,pumpswap,tg_mentions,reddit_mentions,x_mentions,paid_promo
2026-09-24,SI,82ezhRLKdKwkSC9jkM3js1yf93VbmvLXNMPkBmompump,0,stop_loss,-52.83,3.4,66282.43,484945.0,7.3163,150860.82,1712617.5,2.276,0.0881,2159.0,0.5563,45.56,953.0,25.208,5159.0,100.0,1.0,0.0,1.0,1.0,21.0,0,0,1.0
2026-09-24,FUNKOS,BDKC1AV3saXrN8jKnWB2TTQmDD6z8CFdY55ku7eAfunk,0,stop_loss,-52.86,2.7,61568.59,391822.0,6.364,331013.42,2492177.78,5.3763,0.1328,4306.0,0.5344,2.15,746.0,29.4944,6236.0,100.0,1.0,0.0,1.0,1.0,21.0,0,0,1.0
2026-09-24,familiars,2PENPmfgJfq6CG3k4byj4oWwHf8SerqakmYHMkUupump,0,take_profit,93.07,8.2,136527.5,1661155.0,12.1672,116438.94,8057394.49,0.8529,0.0145,1298.0,0.5039,-3.87,3581.0,18.1478,11607.0,100.0,1.0,0.0,1.0,1.0,31.0,0,9.0,1.0
2026-09-24,NPC,7GUnr7krtQhJwd6ASY2VUprd9t4c64zcgCsjdmZepump,0,stop_loss,-52.78,5.1,79429.48,625469.0,7.8745,165445.86,3084086.3,2.0829,0.0536,1993.0,0.5369,33.49,1319.0,22.5414,9324.0,100.0,29.0,1.0,1.0,1.0,19.0,0,4.0,1.0
2026-09-24,goon,HSUMi4rMgjrx7zRUabw3ogGu1pa5hmF2eVcXj9Apump,0,take_profit,91.33,8.8,45289.89,530413.0,11.7115,29065.57,797016.63,0.6418,0.0365,332.0,0.5392,-20.66,9.67,22.2689,10325.0,100.0,1.0,0.0,1.0,0.0,35.0,0,7.0,1.0
2026-09-24,KCAT,MboMMGXjGDi45hfjCVzYru32kEM5nw7VzCqCofZpump,0,stop_loss,-52.92,45.2,51964.21,263253.0,5.066,10535.75,657808.44,0.2028,0.016,185.0,0.4757,-12.84,6.42,25.9123,1800.0,100.0,1.0,0.0,1.0,1.0,0,0,5.0,1.0
2026-09-24,JEANCOIN,4WECKfvfgEiojyZJq5Xm12Hvk76rhM4VHQAZGaELpump,0,take_profit,93.13,14.8,146516.32,2361934.0,16.1206,201319.43,1884528.26,1.374,0.1068,2548.0,0.6099,102.0,3118.0,6.2726,4714.0,100.0,1.0,0.0,1.0,1.0,7.0,0,12.0,1.0
2026-09-24,UPTOBER,8Vte25yt28L8BfLXm8DrzjSYEyaKX8yry6hRKRmX7FGd,0,take_profit,90.96,39.8,39690.38,187866.0,4.7333,14219.52,484383.03,0.3583,0.0294,517.0,0.5899,-0.55,41.9,24.8673,2498.0,100.0,1.0,0.0,2.0,1.0,3.0,0,5.0,1.0
2026-09-24,Agrippa,6TfTBpkgRX5kzb1qbtijV1nZVTfzfbmbXE1hPsFrpump,0,rug,-98.12,4.8,31325.37,118166.0,3.7722,101066.97,931104.54,3.2264,0.1085,9644.0,0.7184,-32.37,81.68,1.9115,4831.0,100.0,1.0,0.0,2.0,1.0,4.0,0,8.0,1.0
2026-09-24,dap,8LHgAXXPbMVqd3wmAQbTu4NxuRRe3qowgUSLiKmFpump,0,stop_loss,-53.52,2.2,20409.05,50708.0,2.4846,80563.8,1643187.29,3.9475,0.049,1817.0,0.5713,-50.75,7.12,17.491,4695.0,100.0,1.0,0.0,1.0,1.0,11.0,0,0,1.0
2026-09-25,TRUMP,DmQDfFpbKHna4MgtsZgBQYmyMSNJjvLAj6XjduqRpump,1,stop_loss,-52.77,1.4,82788.42,719445.0,8.6902,1219747.94,1797121.52,14.7333,0.6787,19121.0,0.736,149.0,729.0,1.8366,5267.0,100.0,1.0,0.0,2.0,1.0,4.0,0,0,1.0
2026-09-25,e/acc,CbcyNo7m1amFWqEQm2m4PLv1UNvpcL3C1Ujm6AkzpKoU,1,take_profit,92.43,1.1,78907.66,596435.0,7.5586,2917230.91,3902748.81,36.9702,0.7475,35963.0,0.575,-15.51,1135.0,15.2602,8572.0,100.0,1.0,0.0,1.0,1.0,16.0,0,0,1.0
2026-09-25,SWARM,5g9PWcRUHpmqm5uKycpShKXJB18sGLeCEzgB3qrRpump,0,time_stop,-1.23,13.6,62649.83,338356.0,5.4007,52904.7,4475280.42,0.8445,0.0118,3013.0,0.8042,-6.55,672.0,20.1188,12080.0,100.0,1.0,0.0,1.0,1.0,64.0,0,0,1.0
2026-09-25,Bagwork,5NhN6zzDkzwXFGPFqtpTopV4ttBeZ6CWy1oRL9Rkpump,0,stop_loss,-52.81,8.1,72624.83,462472.0,6.368,141635.2,5489641.25,1.9502,0.0258,1933.0,0.5453,-27.87,861.0,14.8774,9486.0,100.0,1.0,0.0,1.0,1.0,44.0,0,5.0,1.0
2026-09-25,AMERICA,pwfAeX3kpWpkuumA6iodJxtVcGAen6BkRPToR2VqLp9,0,stop_loss,-53.04,3.4,39558.8,776131.0,19.6197,94420.9,1108112.55,2.3868,0.0852,888.0,0.6115,2.86,637.0,13.1268,11898.0,100.0,1.0,0.0,0.0,0.0,23.0,0,0,1.0
2026-09-25,ARENA,4G5YDqDvwgwSS3nLPDGDpGuetbG7rZYzNSBb1U4Tqbzi,0,time_stop,34.79,23.6,78684.16,696337.0,8.8498,22330.17,1430908.95,0.2838,0.0156,1370.0,0.7577,3.81,147.0,21.3014,5436.0,100.0,1.0,0.0,2.0,0.0,11.0,0,2.0,1.0
2026-09-25,COLLECT,nDZknLvfFRp5rgUHdzTrQsmSY5NKzoavqdLjSHVpump,0,time_stop,33.35,21.3,146923.36,2584748.0,17.5925,66663.19,2331892.03,0.4537,0.0286,222.0,0.4324,57.7,569.0,16.2663,21634.0,100.0,1.0,0.0,1.0,0.0,10.0,0,0,1.0
2026-09-25,TTP,5iqjhP5ig6JWdXQf6hYAwojZeMf11pTCvH87gCQtpump,0,stop_loss,-52.96,21.8,47436.38,209691.0,4.4205,21237.56,4676456.33,0.4477,0.0045,683.0,0.4334,-8.86,343.0,25.014,7708.0,100.0,1.0,0.0,3.0,1.0,25.0,0,1.0,1.0
2026-09-25,GHOSTGUY,EGRv76STtVdNNwKdyMkQLQquYggcMuToXy92qS9pump,1,stop_loss,-53.28,1.6,27039.95,88038.0,3.2558,396324.73,637377.09,14.657,0.6218,33863.0,0.5006,-2.83,82.09,16.5536,2681.0,100.0,1.0,0.0,1.0,1.0,5.0,0,0,1.0
2026-09-25,BLUEPRINT,GgsSaetRZNCuP9HEWjbojtVWByRWFxpr93S1wtGFpump,0,stop_loss,-52.89,5.1,55768.66,290251.0,5.2046,95698.74,4252348.04,1.716,0.0225,1941.0,0.4972,-4.18,499.0,17.019,9203.0,100.0,1.0,0.0,1.0,1.0,41.0,0,0,1.0
2026-09-25,VSOF,BYPmzwqUT8NcDTWeGFbMQqafg7JHvLxfepjfF4Ahpump,0,rug,-100.04,11.7,2905150.83,981117003.0,337.7164,67051.66,2031582.81,0.0231,0.033,3944.0,0.9739,3.56,1985721.0,10.0832,1983.0,100.0,54.0,1.0,0.0,1.0,0,0,0,0.0
2026-09-25,BRAIN,3znS89gifim2Hhhu8wjb2PfSgaCDdma187D5NMkDpump,0,stop_loss,-52.97,22.3,46163.05,194302.0,4.209,23768.25,4741224.91,0.5149,0.005,825.0,0.4388,22.68,319.0,19.4767,9376.0,100.0,1.0,0.0,1.0,1.0,21.0,0,8.0,1.0
2026-09-25,JEANWORK,9EwEYhqzRHmE87ypWKUU1zZKP8uMeGdunmJ4etTmpump,1,stop_loss,-53.0,5.8,43045.98,191684.0,4.453,332975.59,2537868.77,7.7353,0.1312,4936.0,0.593,29.41,93.55,1.9694,6907.0,100.0,1.0,0.0,1.0,1.0,2.0,0,0,1.0
2026-09-25,merci,9NPmnDgL39NmoivaE1XfiFWm7o61repcfkVyvyv9pump,0,stop_loss,-53.06,2.0,38311.56,160024.0,4.1769,276015.11,1480167.19,7.2045,0.1865,4622.0,0.5424,79.9,236.0,17.5012,3766.0,100.0,1.0,0.0,1.0,1.0,9.0,0,0,1.0
2026-09-26,SPLIT,DRKGYsGALqr5p2aTcGLK9zqiPB5wk7JV78bJv4mPpump,1,stop_loss,-52.73,2.9,100394.01,887567.0,8.8408,980844.84,4345713.28,9.77,0.2257,12992.0,0.563,28.87,1728.0,12.1553,11570.0,99.9073,1.0,0.0,1.0,1.0,45.0,0,0,1.0
2026-09-26,KARDASHEV,5wW9mhbwq1HTFh341iimpmrqBB4mfxdXiYhdYBL7hUnp,1,stop_loss,-52.69,15.0,124716.0,1281848.0,10.2781,302557.77,9359640.25,2.426,0.0323,2458.0,0.5151,75.18,2563.0,17.8325,13110.0,100.0,1.0,0.0,1.0,1.0,31.0,0,0,1.0
2026-09-26,FORK,GDT8UZGGuaa9YAevWxh7yBcNvj4otQUv4xf6j4RsForK,0,stop_loss,-53.36,4.1,24175.42,60954.0,2.5213,89573.39,3069617.13,3.7051,0.0292,2224.0,0.6129,-46.96,27.47,26.3273,7176.0,100.0,1.0,0.0,1.0,1.0,26.0,0,0,1.0
2026-09-26,RELOOT,J6rYa7tX5UeFs3dSKiSLjgq4RE7ywaorkSSjpykqSiSL,0,stop_loss,-53.36,6.5,24167.36,70863.0,2.9322,15825.34,708880.82,0.6548,0.0223,300.0,0.5233,29.24,57.4,25.4596,2917.0,100.0,1.0,0.0,2.0,1.0,9.0,0,0,1.0
2026-09-26,7,777XNvfVmvumMEc6M9yxJQJQnQtjbUYJyx53cqrwo777,1,stop_loss,-52.6,4.4,273122.93,1530215.0,5.6027,218554.41,3913009.97,0.8002,0.0559,1311.0,0.5179,-35.15,2752.0,14.6906,4030.0,99.0,1.0,0.0,1.0,0.0,14.0,0,0,1.0
2026-09-26,Cream,CMuvWQ6qQbSt7NUQdPGcVKCoDgETieuqS68qu6BaeVgR,0,stop_loss,-52.8,22.1,75225.66,439269.0,5.8394,46210.82,7833444.84,0.6143,0.0059,432.0,0.3796,5.9,784.0,24.0144,10511.0,100.0,1.0,0.0,1.0,1.0,78.0,0,0,1.0
2026-09-26,VSOF,ehegfG1UQEFSYKcV6ReiMupjheDm22FoQQukiDspump,0,rug,-100.04,18.0,6031579.44,4249737769.0,704.5812,46239.12,3574873.93,0.0077,0.0129,3519.0,0.9829,2.22,8472436.0,1.0112,3086.0,100.0,54.0,1.0,0.0,1.0,0,0,4.0,0.0
2026-09-26,WAIF,pVhz9wZiepvcQsPNFS5L8wSf2RiPH5TojPPL4qspump,0,rug,-99.92,25.0,1220308.2,174278635.0,142.8153,12229.98,422572.82,0.01,0.0289,2829.0,0.9788,2.68,155.0,0.5994,3041.0,100.0,53.0,1.0,0.0,1.0,0,0,0,0.0
2026-09-26,OURA,WJoCm62bzS94tWSexdnzC3Gn7N9PcUxzKGyEX8Dpump,0,rug,-94.71,20.9,1162163.79,158103097.0,136.042,12448.17,764304.6,0.0107,0.0163,2847.0,0.9796,3.32,312370.0,0.6378,3039.0,100.0,53.0,1.0,0.0,1.0,0,0,0,0.0
2026-09-26,XBC,12ppTUnBWHbGy11h3QsXiat2sydhLAgjevu55jYzpump,0,time_stop,43.72,16.0,1718415.85,345671021.0,201.1568,12918.35,933966.87,0.0075,0.0138,2872.0,0.9777,2.07,691291.0,0.4748,3065.0,100.0,54.0,1.0,0.0,1.0,0,0,8.0,0.0
2026-09-26,manifest,8vdJA3MYhUhirZZzjZ5i8jXhNkHgrCnirCrqDG23pump,1,take_profit,93.32,1.5,190010.41,3825162.0,20.1313,718561.06,1007416.23,3.7817,0.7133,10983.0,0.912,65984.0,7877.0,7.1137,1417.0,100.0,1.0,0.0,1.0,1.0,14.0,0,2.0,1.0
2026-09-27,VAULT,7tEsDuij7aj4b2jLUAS5oXcp6B3zWratYVmviS5zpump,1,stop_loss,-52.79,2.3,78206.51,585503.0,7.4866,830197.64,4416510.35,10.6155,0.188,9041.0,0.5557,-25.84,1067.0,19.5475,10019.0,100.0,1.0,0.0,1.0,1.0,14.0,0,0,1.0
2026-09-27,CAKE,DAemPFNc3RtibBDKkUA4eL2Ns11q9VRdbpptmqm8DGqN,0,take_profit,91.47,22.0,47942.43,175569.0,3.6621,29323.55,11473877.71,0.6116,0.0026,582.0,0.4622,10.75,286.0,15.2744,14004.0,100.0,1.0,0.0,1.0,1.0,44.0,0,2.0,1.0
2026-09-27,RAMP,B2kipu1WYBPBDQrCX5yv9p7dhjhG1FwwnxBjUDhSkbdG,0,stop_loss,-53.01,5.0,42358.53,185670.0,4.3833,37982.15,2216171.84,0.8967,0.0171,538.0,0.487,52.94,280.0,19.6088,6083.0,100.0,1.0,0.0,1.0,1.0,7.0,0,0,1.0
2026-09-27,bukangi,3iUTyNYW6xKv5kZUjtbrEDTsuJTrSVwvB3bQtxkLpump,1,stop_loss,-52.79,8.4,78046.82,863113.0,11.0589,84218.09,1247841.37,1.0791,0.0675,455.0,0.6,-31.49,690.0,18.5712,11406.0,100.0,1.0,0.0,1.0,0.0,20.0,0,0,1.0
2026-09-27,WORLD,CC5D6puFmcsnGaJh7kNXeAcRpL2SZzQfoQezvx45uKjt,0,time_stop,-19.63,17.2,62974.85,353980.0,5.621,45040.83,4936406.15,0.7152,0.0091,596.0,0.4513,-14.8,640.0,15.9471,9944.0,100.0,1.0,0.0,1.0,1.0,38.0,0,0,1.0
2026-09-27,JACK,J1yxV53EmVRmt9RUj6PPufMfdAYUbtgwXCuNYTBTsYzJ,1,stop_loss,-52.9,21.8,53995.75,202029.0,3.7416,73224.1,12986495.85,1.3561,0.0056,984.0,0.4512,44.78,320.0,14.7425,21444.0,100.0,1.0,0.0,2.0,1.0,86.0,1.0,0,1.0
2026-09-27,NEARPAD,6uPEdkU2xPg1iyfLzV1ssUwvve8nndA2sd6nBFrb1n58,1,stop_loss,-52.93,10.2,50738.68,218659.0,4.3095,74400.21,6548442.75,1.4663,0.0114,1168.0,0.5188,29.02,356.0,13.174,11937.0,100.0,67.0,1.0,1.0,1.0,107.0,1.0,0,1.0
2026-09-27,BARSTOOL,Cgi54CNpHaYn4smqLH5tW8X5QxssMvi592My3tRoiHfX,0,stop_loss,-53.24,3.0,28330.39,94155.0,3.3235,36678.89,1207399.71,1.2947,0.0304,773.0,0.4955,-17.25,96.71,22.5462,4257.0,100.0,1.0,0.0,1.0,1.0,16.0,0,0,1.0
2026-09-27,AROS,kFWgzdFBd6DERYGSWUrT3ZUUjoREcv14rHJCBSbpump,0,rug,-97.59,45.2,7901051.77,7256380865.0,918.407,45938.84,1137502.98,0.0058,0.0404,2989.0,0.9799,0.43,47.5,0.3789,3258.0,100.0,54.0,1.0,0.0,1.0,0,0,0,0.0
2026-09-27,Q4,F1z5FQdToNDLQYJ72grqePaWJrcrf39HR4gaKA57ySUQ,0,time_stop,12.85,10.5,23365.5,70852.0,3.0323,36820.38,291419.32,1.5758,0.1263,660.0,0.5258,-25.54,27.36,8.9096,1817.0,100.0,1.0,0.0,2.0,1.0,3.0,0,0,1.0
2026-09-27,20xx,7BN68PVzqWV6EjK8J8Y6Q1h5C8FFD5ZRZVscXyJDpump,0,take_profit,91.58,15.4,50153.86,277379.0,5.5306,25576.76,924887.6,0.51,0.0277,455.0,0.6505,-6.85,476.0,23.2964,2394.0,100.0,1.0,0.0,1.0,1.0,3.0,0,5.0,1.0
2026-09-28,FROINK,2yu92oYzBWLAdVpu8BoaLzmM1oxPsHoboay2BXmeDDZr,1,stop_loss,-52.74,7.2,95009.16,746926.0,7.8616,921382.31,8893366.2,9.6978,0.1036,8426.0,0.5513,15.23,1820.0,13.7035,13842.0,100.0,1.0,0.0,2.0,1.0,22.0,0,0,1.0
2026-09-28,STOXES,AfVUPhruMtJuFVtPj4u8kvpNbNEuy7VQ3ME5eAHq9999,1,stop_loss,-52.73,4.3,96880.44,956693.0,9.875,222883.12,4622378.82,2.3006,0.0482,3498.0,0.3485,3.12,1687.0,18.5361,5800.0,100.0,1.0,0.0,2.0,0.0,4.0,0,5.0,1.0
2026-09-28,moin,8DXqVUopcdviLvujTcpwEqkKzB43Arp6E1axzsEE5Btq,0,stop_loss,-52.93,25.6,50404.55,217850.0,4.322,32080.46,3599529.42,0.6365,0.0089,525.0,0.501,22.0,-75.35,14.7272,13512.0,100.0,1.0,0.0,2.0,1.0,12.0,0,6.0,1.0
2026-09-28,HOOKEDCAT,8n1Qyjo7LrQMFaZsTJ3K1qPkNRMxDmS6R4eDjkvjpump,1,take_profit,92.64,1.4,91233.15,946338.0,10.3727,694204.4,1006630.55,7.6091,0.6896,23002.0,0.7793,453.0,1061.0,3.1346,11663.0,100.0,1.0,0.0,1.0,1.0,4.0,0,0,1.0
2026-09-28,HOOKED,C1mBfBoDkwWfd6uTFZp62ARHLjeVp3bDpCDMfMZtPngE,1,take_profit,92.8,2.3,104208.79,1142692.0,10.9654,272172.12,3702287.97,2.6118,0.0735,2281.0,0.6063,-9.45,1716.0,16.4523,8298.0,100.0,7.0,1.0,1.0,0.0,6.0,0,0,1.0
2026-09-28,BOB,E4vwseNWpkBxzNxyv3msVLCzYHU5SXrj1QWXEycypump,0,stop_loss,-52.88,22.0,56868.47,305353.0,5.3695,53528.76,3767566.11,0.9413,0.0142,736.0,0.4457,32.57,524.0,16.8778,9408.0,100.0,1.0,0.0,1.0,1.0,20.0,0,0,1.0
2026-09-28,DELREY,92BVgXufGjaMUyANA97dvg8LqNb5VMg2wgRfve9tPdCG,0,stop_loss,-53.04,33.0,39579.27,168624.0,4.2604,20924.32,2416205.82,0.5287,0.0087,263.0,0.6312,-23.34,1619.0,18.6799,4098.0,100.0,1.0,0.0,2.0,1.0,18.0,0,4.0,1.0
2026-09-28,VSOF,wQK5ZserCHkhUCJQJxLL7NKg4N3o3R9VTEqJFqfpump,0,stop_loss,-52.53,32.9,3052277.46,1121535730.0,367.4423,47468.1,1134304.41,0.0156,0.0418,2049.0,0.9697,3.16,213.0,0.9723,3132.0,100.0,53.0,1.0,0.0,1.0,1.0,0,1.0,0.0
2026-09-28,USDF,Y49yTFUyBiim3HQEiVnVKiiRPqTY2nNrJyvxsi4pump,0,rug,-100.02,33.5,3142521.89,1188674273.0,378.2549,53528.82,1138355.02,0.017,0.047,2018.0,0.9683,2.51,189.0,1.2024,3109.0,100.0,50.0,1.0,0.0,1.0,0,0,9.0,0.0
2026-09-28,VSOF,4Gkq4Eg4J2Ktv586YkyMuKBxj2PHoSekFZt6sgX2pump,0,rug,-93.91,19.2,277712.78,9385250.0,33.7948,68916.88,520016.81,0.2482,0.1325,2511.0,0.8335,-43.41,18681.0,5.5373,2442.0,100.0,1.0,0.0,0.0,1.0,1.0,0,0,0.0
2026-09-28,HAUNTED,FjKd8GR4uwYQymh87VhknT7w5iS8qz1DM8ZHPCWZpump,0,stop_loss,-53.17,2.8,31783.65,126003.0,3.9644,24082.19,422950.94,0.7577,0.0569,2377.0,0.1283,5.26,112.0,20.8154,800.0,100.0,1.0,0.0,1.0,1.0,1.0,0,0,1.0
2026-09-28,SNOWBALL,HGN8K3x5ZLfYNjvE8b1hCqqu7RwupuKU6EkEhemzpump,0,take_profit,90.07,2.2,30432.58,99559.0,3.2715,155497.34,1023199.24,5.1096,0.152,4349.0,0.6298,-30.06,132.0,17.5987,3930.0,100.0,1.0,0.0,1.0,1.0,15.0,0,0,1.0
2026-09-29,PARASITE,3kmygWKZBkCYrgZHKfiuB9UFKTcDLTFFsKo3BWpmpump,1,stop_loss,-52.69,21.1,119755.77,1058350.0,8.8376,116956.65,12001376.44,0.9766,0.0097,1571.0,0.5652,-28.14,2183.0,17.5845,25102.0,97.0286,1.0,0.0,1.0,1.0,,,,
2026-09-29,swordcat,5tCju6YNxHq5zrA6tGndr6F7TK42mpUFmeE31cSFpump,0,take_profit,91.69,37.2,52751.4,250497.0,4.7486,66750.07,2016711.1,1.2654,0.0331,808.0,0.5087,-41.6,-49.94,20.0931,13605.0,100.0,1.0,0.0,1.0,1.0,,,,
2026-09-29,POND,84D3VopU3g5qo7jUwzQK4P4BnVPQWr2MzeaRCFkHpump,0,time_stop,-35.39,12.1,35987.44,130377.0,3.6228,18942.44,2994047.66,0.5264,0.0063,353.0,0.5807,30.8,168.0,20.8676,6841.0,100.0,1.0,0.0,1.0,1.0,,,,
2026-09-29,AROS,XU438yQcHEf5bGAZ3pHqXhbZPqotoapdanjnhj1pump,0,rug,-99.93,40.2,3569416.52,1511343820.0,423.4148,47303.06,1114552.47,0.0133,0.0424,3376.0,0.9819,3.76,162.0,1.1463,3172.0,100.0,53.0,1.0,0.0,1.0,,,,
2026-09-29,ECTF,eNBcJZ2yWFs45326ifVxaHWtszPTwCdmgHzH2pTpump,1,take_profit,92.57,25.4,87013.89,937562.0,10.7749,536140.28,796011.31,6.1615,0.6735,2712.0,0.944,-99.38,-98.75,1.4975,2960.0,100.0,31.0,1.0,0.0,1.0,,,,
2026-09-29,XDP,u5vXnPNUzvqGtAg3SXKtA3mEdPX4XZvp9hgQWQKpump,0,rug,-100.03,25.3,633864.63,47946166.0,75.641,11049.89,278001.57,0.0174,0.0397,2683.0,0.9776,5.17,417.0,1.5227,2991.0,100.0,32.0,1.0,0.0,1.0,,,,
2026-09-29,WSOS,EthghzCFZNvTUbUeHsTZCWXZ4HXjzszSPs9bwvJpump,0,rug,-99.97,23.8,1587736.91,300266078.0,189.1158,11257.84,873071.01,0.0071,0.0129,2650.0,0.9781,2.37,613953.0,0.7434,3003.0,100.0,54.0,1.0,0.0,1.0,,,,
2026-09-29,NTDA,1fRVDg4E8vUPBpAW32rc8HYaq6NneY7XZZ6SREHpump,0,rug,-94.86,21.8,1572935.73,294736410.0,187.3798,10776.85,834520.32,0.0069,0.0129,2676.0,0.9783,2.64,597212.0,1.1502,3032.0,100.0,54.0,1.0,0.0,1.0,,,,
2026-09-29,cNFTs,A71Uf3jwg57fNedSao9eFwm9eKSLYFbVJ85T4fuXpump,1,stop_loss,-53.02,6.1,41167.48,164228.0,3.9893,86437.28,5175325.3,2.0996,0.0167,1116.0,0.5278,-37.0,240.0,19.7094,10340.0,100.0,1.0,0.0,1.0,1.0,,,,
2026-09-29,UDR,uEMVScZfPPfSGeoKkPCQ82oRedJn6u1dQvDEo8qpump,0,rug,-100.04,17.9,2209847.18,580531374.0,262.702,48120.45,1428509.29,0.0218,0.0337,3416.0,0.9795,5.96,1184988.0,9.9651,3208.0,100.0,54.0,1.0,0.0,1.0,,,,
2026-09-29,DOTF,jSh3qi3qf7b3gWtCdpfMzSH2WFR1Qp6gyw1Xc3Npump,0,rug,-82.68,17.5,2162337.84,555913458.0,257.0891,44929.2,1377752.29,0.0208,0.0326,3358.0,0.9818,5.72,1140346.0,9.9651,3010.0,100.0,54.0,1.0,0.0,1.0,,,,
2026-09-29,VSOF,erZo4bdwE1wZ4E2D8RQzCMdxypL5kVWC7Du6zdCpump,0,rug,-100.01,17.1,2194477.31,572528719.0,260.8953,45695.33,1399663.76,0.0208,0.0326,3377.0,0.9831,6.13,1168850.0,9.9651,3093.0,100.0,54.0,1.0,0.0,1.0,,,,
2026-09-29,CROCS,6Vuz122BbhCoBSXLH94JdMamHAJhRGBKGJJ1i2TWpump,0,stop_loss,-53.14,4.1,32996.84,128805.0,3.9036,19456.83,1079245.24,0.5897,0.018,688.0,0.3866,-20.18,20.38,13.9827,2012.0,100.0,1.0,0.0,1.0,1.0,,,,
2026-09-29,SI,97SkmPTaFH5zT4QD2KjSsmxaPmKG3PL9kxb3KMtsJwfs,1,stop_loss,-53.09,2.3,36193.64,143229.0,3.9573,189313.31,1708049.57,5.2306,0.1108,2630.0,0.589,-36.98,194.0,22.561,3447.0,100.0,1.0,0.0,1.0,1.0,,,,
2026-09-29,STOCK,2d79yirWWZmzf249y7B4DMvgaSb7jgrCxrwTcweFpump,0,stop_loss,-52.78,22.9,79152.94,683856.0,8.6397,74074.69,1832669.03,0.9358,0.0404,2277.0,0.6798,-0.22,550.0,13.5172,3559.0,100.0,1.0,0.0,1.0,1.0,,,,
2026-09-30,SI,9aqmJjCnnMQv42TXLk921ceUkN35nea2QP969n1caqjj,1,take_profit,93.46,23.6,245053.46,4178592.0,17.0518,534160.31,17521155.33,2.1798,0.0305,5401.0,0.5564,40.93,8678.0,18.951,24053.0,100.0,1.0,0.0,1.0,1.0,77.0,0,9.0,1.0
2026-09-30,AIRPAD,6ZG6fMHaE7NpubJr16G8nFLBg91rH5kU5SVpqUmQpump,1,stop_loss,-53.06,19.2,38126.42,123340.0,3.235,516572.51,10290859.55,13.5489,0.0502,9988.0,0.6568,-71.01,,4.8367,3388.0,100.0,1.0,0.0,2.0,1.0,3.0,0,0,1.0
2026-09-30,BANDIT,JCX5nDG99k1CWB9AttJ3U57NmjSgnCoagFaZhqfEf7Ah,1,stop_loss,-52.75,3.7,90208.21,689584.0,7.6444,220958.36,9014985.92,2.4494,0.0245,2907.0,0.5263,9.33,1309.0,14.6955,14827.0,100.0,1.0,0.0,1.0,1.0,14.0,0,0,1.0
2026-09-30,Meridian,GjrhXcr8YzUZBbu5rifdqM5CPBS4LFJveq3ZiY2u3g5G,1,take_profit,91.74,2.2,53938.22,334407.0,6.1998,159795.15,730639.24,2.9626,0.2187,2140.0,0.564,57.52,619.0,19.73,2435.0,100.0,1.0,0.0,0.0,1.0,10.0,0,0,0.0
2026-09-30,Saw,9twiuSdTVkwtAC9XQDG57dFRhF4iqPih461HJfMZKci9,0,stop_loss,-53.17,11.3,31631.26,87698.0,2.7725,47918.19,7370504.75,1.5149,0.0065,732.0,0.5765,-53.57,84.03,15.7355,12363.0,100.0,1.0,0.0,1.0,1.0,37.0,0,0,1.0
2026-09-30,SARP,st57oas5yPVfDsEc6Md55CXv7i3Uhp9kg6PFGp4pump,0,rug,-100.03,12.8,1445421.12,251390542.0,173.922,44767.17,957082.95,0.031,0.0468,3311.0,0.9801,7.63,506053.0,0.9726,3058.0,100.0,53.0,1.0,0.0,1.0,1.0,0,0,0.0
2026-09-30,WSOS,tCHCHiqVVcsL69ab94xGHV8zdpKyFYNiz92Behjpump,0,rug,-100.03,18.8,1483184.57,265106417.0,178.7414,10594.4,815224.73,0.0071,0.013,2506.0,0.9769,2.35,534104.0,0.4767,3054.0,100.0,54.0,1.0,0.0,1.0,0,0,,0.0
2026-09-30,XBC,TcVG9MHS4PM6p6kwFhfLvUxzZiKqpbQzNq6DpTHpump,0,rug,-100.02,17.8,1459988.47,256900919.0,175.9609,11227.17,798483.97,0.0077,0.0141,2512.0,0.9777,2.2,518743.0,0.4745,2969.0,100.0,54.0,1.0,0.0,1.0,0,0,,0.0
2026-09-30,HI,6iAj2oywQMiD9NeyTcW1S7UtG7e3jSK7Ud5ZJDqJpump,0,take_profit,91.32,23.8,45154.12,234708.0,5.1979,42976.27,877646.77,0.9518,0.049,1826.0,0.3423,-10.49,280.0,20.777,2280.0,100.0,1.0,0.0,1.0,1.0,1.0,0,,1.0
2026-09-30,SS,BYaxkgDfkUApMgsXu4SiJ5yc6DTSfLxp6an3PvVVpump,0,rug,-98.45,23.8,36487.35,152604.0,4.1824,95322.32,2810956.58,2.6125,0.0339,4520.0,0.6374,-65.52,96.64,3.2066,10662.0,100.0,1.0,0.0,1.0,1.0,9.0,0,12.0,1.0
2026-09-30,GENNYWEALTH,H3vfXFZfFQnba2NV2seTMBdY92yLK2VJHsppUzYv6ua,0,rug,-97.33,11.0,26002.37,89749.0,3.4516,13817.24,216967.13,0.5314,0.0637,375.0,0.6613,1.22,61.55,10.6814,1429.0,100.0,1.0,0.0,2.0,1.0,3.0,0,,1.0
2026-09-30,PUMPKINU,B7yfFFkX4NtxtQwGdegi2DuaVssitc3FGpqF2pxUH1zM,0,rug,-98.56,2.5,44335.89,234250.0,5.2835,46703.01,719895.94,1.0534,0.0649,1477.0,0.4469,8.44,138.0,15.0205,983.0,100.0,1.0,0.0,1.0,1.0,0,0,0,1.0
2026-10-01,TRUMP,f9t9ZtbmonrKiJP1GECP2HZoFM3sQrpPzs2pAqfpump,1,take_profit,90.06,1.2,30313.44,107769.0,3.5552,632945.01,1327699.04,20.88,0.4767,15045.0,0.5323,-27.02,125.0,17.4084,5384.0,100.0,1.0,0.0,1.0,1.0,1.0,0,1.0,1.0
2026-10-01,Ansemmas,HXxJdaQbrYRvwTAM8M8mUPyoRPvmyuUbPFBRkiAAMASS,1,take_profit,92.23,5.5,69526.72,468456.0,6.7378,178312.74,3195265.02,2.5647,0.0558,3033.0,0.5401,1.68,936.0,18.6215,9106.0,100.0,1.0,0.0,1.0,1.0,13.0,0,0,1.0
2026-10-01,MEME,FFrRBPP9yWtSqnKjXXM9C77MBdLztfdgSnRE858zpump,0,stop_loss,-53.32,6.1,25547.21,68821.0,2.6939,18302.83,4245506.86,0.7164,0.0043,406.0,0.4901,37.7,46.41,22.5305,8961.0,100.0,1.0,0.0,0.0,1.0,2.0,0,,1.0
2026-10-01,DOMAIN,8oMvxgcBJtDGNSc8kogCEEFxSvvi7x6jHRfSWaiWpump,0,stop_loss,-52.79,24.3,77974.13,523753.0,6.717,75464.04,5990578.6,0.9678,0.0126,910.0,0.4033,27.77,9977.0,19.7537,8812.0,99.8982,1.0,0.0,0.0,1.0,17.0,0,,1.0
2026-10-01,Jane,9pJWJdpPebyANys45eetpemLJo8yTz4n5B9zbpYw9ZMr,0,take_profit,92.57,9.1,86716.12,630066.0,7.2658,128432.85,8259204.14,1.4811,0.0156,1509.0,0.4553,0.11,1288.0,13.794,17519.0,100.0,1.0,0.0,0.0,1.0,70.0,0,0,1.0
2026-10-01,MICRO,DvNcJZTiSMD1RBCtZ2J31mh7s42CVCwrzGapv1Lypump,0,stop_loss,-52.69,23.1,123765.51,1224600.0,9.8945,153169.05,8909162.71,1.2376,0.0172,1338.0,0.5232,-17.34,2530.0,19.911,13250.0,100.0,1.0,0.0,1.0,1.0,69.0,0,8.0,1.0
2026-10-01,Ajax,H9qKeikv2EuifXaMCWSFQSUvNHUu2dre9R3Gmz62mvjw,0,stop_loss,-52.78,20.0,79666.53,557055.0,6.9923,79700.95,5796194.36,1.0004,0.0138,1120.0,0.508,-2.54,1106.0,15.1756,11976.0,99.9929,1.0,0.0,1.0,1.0,39.0,0,0,1.0
2026-10-01,CATANA,Gd28K8mXV6AsDyjpHnREdC6zetL3XVrLY2yk1urZpump,1,stop_loss,-53.36,1.6,24239.01,76719.0,3.1651,177054.52,387017.17,7.3045,0.4575,2927.0,0.5504,-50.4,62.02,18.8279,2265.0,100.0,1.0,0.0,2.0,1.0,14.0,0,0,1.0
2026-10-01,UDR,cNJ78S1eCfQxUihcSSEf9VVzcnKRws2stSzGm2hpump,0,rug,-100.04,35.7,2422796.51,704246907.0,290.6752,60234.97,1140161.35,0.0249,0.0528,7074.0,0.9768,3.14,101.0,5.2759,4217.0,100.0,54.0,1.0,0.0,1.0,0,0,,0.0
2026-10-01,VSOF,azTv7govxm9MWA2evtxvai4UZYkeKb4RrBfABxfpump,0,rug,-99.95,19.0,1250019.42,187474887.0,149.9776,44739.64,5489874.02,0.0358,0.0081,3371.0,0.9825,9.41,382021.0,0.5039,3036.0,100.0,54.0,1.0,0.0,1.0,0,0,,0.0
2026-10-01,UDR,mLWY3TjoiPabqYYTeqFFjxDwtN4UZZoco3zrV1Spump,0,rug,-99.91,18.3,2244065.97,604899500.0,269.5551,47536.47,1743207.79,0.0212,0.0273,3442.0,0.9779,5.52,1226925.0,0.5857,3308.0,100.0,53.0,1.0,0.0,1.0,1.0,0,,0.0
2026-10-01,GOIF,3PmjFE36FtTHMxge8wrmnLdykZJTtHhEnWkgfLPPpump,0,time_stop,36.64,19.4,1471574.37,260883514.0,177.2819,15231.78,726402.91,0.0104,0.021,3329.0,0.9997,4.18,530936.0,2.38,3079.0,100.0,53.0,1.0,0.0,1.0,0,0,,0.0
2026-10-01,AROS,1Atst4LcMEYfAXACbCaBpdk166CU8eopNkjyD8jpump,0,rug,-100.04,16.3,2088265.94,524396016.0,251.1155,46754.35,1334213.4,0.0224,0.035,3356.0,0.9809,5.57,1056676.0,0.5573,3077.0,100.0,53.0,1.0,0.0,1.0,0,0,,0.0
2026-10-01,SARP,zapZHziBkeeNxJkZt3T5NzbbKcnjdYazkqNwrgPpump,0,rug,-100.03,14.7,2534398.95,771861664.0,304.5541,45799.59,1570256.72,0.0181,0.0292,3392.0,0.9823,4.58,1575166.0,0.5898,3113.0,100.0,53.0,1.0,0.0,1.0,2.0,0,,0.0
2026-10-01,HALL,9Hi75Cp5PcfJfCdaxrheyP9oZ2TG6fnGt1Cgq2Jrce62,0,time_stop,5.0,23.0,27413.46,74283.0,2.7097,15389.53,3324608.89,0.5614,0.0046,232.0,0.5905,-16.52,62.73,19.9518,5104.0,100.0,1.0,0.0,0.0,1.0,9.0,0,,1.0
2026-10-01,GOIF,qTyZGgDKVH1fZNhBAnGcUgtyVbVrWZ3uNeuCgJ4pump,0,rug,-100.0,11.7,2876620.84,994545961.0,345.7341,47867.19,1736058.97,0.0166,0.0276,3441.0,0.9811,4.32,2033939.0,1.0634,3180.0,100.0,53.0,1.0,0.0,1.0,1.0,0,,0.0
2026-10-01,Janes,HmMDsu7WFPxJVhXEZdkMFgQHgschqA73DnuSTheYpump,0,stop_loss,-52.82,6.3,69344.03,543398.0,7.8363,126953.98,1471519.46,1.8308,0.0863,3525.0,0.6548,-20.34,572.0,2.0833,11351.0,100.0,1.0,0.0,1.0,1.0,7.0,0,0,1.0
2026-10-01,SACC,4K8V9yH6kKRLS46BTG68Te1QHLkb7an8J5YcWQ3ppump,1,take_profit,92.12,4.3,65414.0,494834.0,7.5646,232026.45,1416183.48,3.547,0.1638,9245.0,0.8946,-0.49,381.0,3.3801,9061.0,100.0,1.0,0.0,1.0,1.0,2.0,0,0,1.0
2026-10-01,DEGEN,4vEX32B4LLr2hL4tzdgz724rSYXGccAGT8MRSUaNpump,0,stop_loss,-52.78,20.3,78746.78,688347.0,8.7413,32514.67,2099187.55,0.4129,0.0155,465.0,0.628,12.17,1329.0,9.1426,5464.0,100.0,1.0,0.0,3.0,1.0,8.0,0,,1.0
2026-10-02,HOTBOT,8nnaeWCw8mUypcGAgbmSuzAT85uWx4UN12adDrMhXrGF,1,take_profit,92.75,16.6,99963.93,885048.0,8.8537,459269.02,5110034.32,4.5943,0.0899,4816.0,0.5343,-12.84,1725.0,19.5824,9790.0,100.0,1.0,0.0,1.0,1.0,45.0,0,0,1.0
2026-10-02,Agency,7VertkgF9KLhxxJXHX6uaWuoYZTP9LdGj2bWmVXVpump,1,stop_loss,-52.63,23.7,197906.37,2692656.0,13.6057,465811.65,14327766.23,2.3537,0.0325,2508.0,0.4685,25.12,5720.0,26.3949,13369.0,99.7904,1.0,0.0,1.0,1.0,45.0,1.0,8.0,1.0
2026-10-02,ANON,2AKrTTVNsxhHV2FLNBWUBv6W6Vq35VJMuiAhjsKjpump,1,stop_loss,-52.73,7.5,97480.93,925054.0,9.4896,460633.06,5559860.44,4.7254,0.0828,6821.0,0.5896,-8.61,641.0,5.1293,2766.0,100.0,1.0,0.0,1.0,1.0,2.0,0,5.0,1.0
2026-10-02,BOO,5yQYLno5ABBZ2ELVvLXEU323CbHhr2jwR1NKFDh4pump,1,stop_loss,-53.0,2.5,43099.06,220864.0,5.1246,323842.78,608141.59,7.5139,0.5325,18435.0,0.2427,66.47,364.0,17.8806,3180.0,100.0,1.0,0.0,1.0,1.0,11.0,0,1.0,1.0
2026-10-02,SOCKET,XLBLxbY1Mr7aadnqAbmqSBXLEyUdjvUXtXCnz8Mpump,0,take_profit,92.01,10.3,61338.83,358491.0,5.8444,68417.16,4387346.62,1.1154,0.0156,582.0,0.4347,-4.15,645.0,20.5209,8829.0,100.0,1.0,0.0,1.0,1.0,8.0,0,0,1.0
2026-10-02,SIP,EFtMJryTCBdDcc7MS1wnsW41wD6edXcvLkUvH3v1pump,0,stop_loss,-52.82,22.1,70282.92,547815.0,7.7944,33845.21,1987235.6,0.4816,0.017,727.0,0.6204,-2.98,286.0,11.9268,4850.0,100.0,1.0,0.0,1.0,1.0,1.0,0,,1.0
2026-10-02,CATGPT,CNohWHNTurS7PpB55czspwUJfpk9yy92uf1wXdweEGg9,0,take_profit,91.28,18.3,44559.05,156705.0,3.5168,31374.32,9032463.52,0.7041,0.0035,669.0,0.5052,-6.45,228.0,13.562,13970.0,100.0,1.0,0.0,1.0,1.0,8.0,0,,1.0
2026-10-02,SAPLING,BZFYNPeQAEW3HWQ4DNsTVahC1n4ZjTgn6jB2nnBbB96W,0,stop_loss,-52.65,22.0,163400.07,2189193.0,13.3977,70550.0,2881944.71,0.4318,0.0245,187.0,0.4599,-21.57,47.8,22.4788,10628.0,100.0,1.0,0.0,2.0,0.0,63.0,2.0,12.0,1.0
2026-10-02,e/acc,ERxLYPjqeFfLsnChuPnvS6f3y5Me8BjgJi9oWaTJpump,0,stop_loss,-52.81,23.7,72252.91,578646.0,8.0086,38507.78,1762356.76,0.533,0.0219,657.0,0.4992,-8.12,653.0,3.0857,9865.0,100.0,1.0,0.0,1.0,1.0,4.0,0,,1.0
2026-10-02,VSOF,2JPaBUjRHjcSF5nTDquuyCsxVGjV4ffKvXQCDJG9pump,0,stop_loss,-52.59,41.4,300738.9,10887910.0,36.2039,15116.4,626360.14,0.0503,0.0241,5374.0,0.9142,16.32,-58.78,5.112,2418.0,100.0,1.0,0.0,0.0,1.0,0,0,,0.0
2026-10-02,DOTF,89HJhdb1nVxSgohDP7Cge9YhhwBnfe3TUKFW5LqZpump,0,rug,-100.04,9.7,2266614.62,616940720.0,272.186,66942.62,1438708.24,0.0295,0.0465,9483.0,0.9882,7.26,1211610.0,5.2767,2930.0,100.0,54.0,1.0,0.0,1.0,0,0,,0.0
2026-10-02,GOIF,9SLcTBtuvembyxFk9Wy9SHB4VWSuaGDFvPb9e3jBpump,0,stop_loss,-52.53,19.3,2630414.66,830720431.0,315.8135,37900.85,1851773.86,0.0144,0.0205,3879.0,0.9845,1.82,1663528.0,10.0316,2545.0,100.0,54.0,1.0,0.0,1.0,0,0,,0.0
2026-10-02,SARP,6WbiJtjXoNpLH6GhSvDX4HqRUN3ShQgxsk56Synpump,0,take_profit,93.9,20.1,2357687.25,667231248.0,283.0024,50860.48,1579152.68,0.0216,0.0322,3593.0,0.9811,5.4,1337574.0,1.3214,3296.0,100.0,53.0,1.0,0.0,1.0,2.0,0,,0.0
2026-10-02,GOIF,D5SdxmGmVsDKMizEZtBagz3ECk3eucwe7LYeAANpump,0,rug,-97.07,19.5,2988350.77,1071302157.0,358.4928,47375.12,1879906.77,0.0159,0.0252,3525.0,0.9835,4.13,2145873.0,1.8173,3018.0,100.0,53.0,1.0,0.0,1.0,1.0,0,,0.0
2026-10-02,XRPN,89P9wrpu2g3Kkm1ChM7mcXekZK2LZVhQD2dtJfUpump,0,rug,-100.0,27.0,1738657.37,363556007.0,209.1016,15273.35,318713.82,0.0088,0.0479,2845.0,0.9779,2.8,89.17,0.4765,3112.0,100.0,54.0,1.0,0.0,1.0,0,0,,0.0
2026-10-02,WSOS,EDm7RKU1uUFLFNU4qVBv6cddpY4Ei4cfLcbnCUWpump,0,rug,-100.04,24.4,1631818.63,320349792.0,196.3146,10391.86,277251.46,0.0064,0.0375,2843.0,0.98,2.06,78.32,0.4772,3020.0,100.0,54.0,1.0,0.0,1.0,1.0,0,,0.0
2026-10-02,www,7Jv7D7qpT8GpKUywkbQv9WgF5yDWr6Yf7SZXZj1Gpump,0,stop_loss,-53.03,3.5,40729.87,204986.0,5.0328,70504.63,505109.17,1.731,0.1396,1973.0,0.6199,21.0,136.0,2.9799,7505.0,100.0,1.0,0.0,1.0,1.0,3.0,0,0,1.0
2026-10-02,HOOKEDINU,9ZUwZjiMP8Un9qcBYNfKmVmRRj97YWLB1DRWPhhnpump,0,take_profit,92.12,3.3,65303.88,504922.0,7.7319,101156.7,920505.26,1.549,0.1099,3492.0,0.9192,26.83,674.0,4.7096,6824.0,100.0,1.0,0.0,1.0,1.0,0,0,2.0,1.0
2026-10-03,CLAUDIA,H7TuvDxEKygh27zGfGcjKG8JGWgrbyKpPtvJEpGosfas,1,stop_loss,-52.66,6.8,152218.8,1926343.0,12.6551,662025.08,8231736.56,4.3492,0.0804,5740.0,0.5054,14.73,4081.0,22.6726,14573.0,100.0,1.0,0.0,1.0,1.0,99.0,0,0,1.0
2026-10-03,Aiden,9dSMwFfPezQ8WPcW1uZV7ns4rcviEj2LssSAg75WBLXd,1,take_profit,92.39,5.1,76458.52,499976.0,6.5392,478370.87,5235841.45,6.2566,0.0914,5372.0,0.5395,-5.74,977.0,14.5648,12418.0,100.0,1.0,0.0,1.0,1.0,28.0,0,0,1.0
2026-10-03,PURRSWORD,GgdAua8qfnwFKZxKEnDqTcJz5jQ81NURPWBK1qDzpump,1,take_profit,92.12,8.1,65117.79,453461.0,6.9637,359440.1,2693351.92,5.5198,0.1335,12668.0,0.7772,-27.45,593.0,1.314,13307.0,99.9525,1.0,0.0,1.0,1.0,5.0,0,0,1.0
2026-10-03,DUST,HAcEqEVru6dRbe1grLFTPBxjxGgjn1tVpR7bLgYXdust,0,stop_loss,-53.15,15.1,32483.7,104150.0,3.2062,16057.13,3338380.45,0.4943,0.0048,438.0,0.532,-5.63,117.0,18.3848,13848.0,100.0,1.0,0.0,1.0,1.0,53.0,0,,1.0
2026-10-03,www,GAwhcphCqCv5bKHmCiN4VDdNWfbXJL4npmkc8L3Q9S9H,0,stop_loss,-52.68,43.0,129692.25,990171.0,7.6348,148763.22,3159722.31,1.147,0.0471,1103.0,0.4932,8.84,-32.63,13.6554,27569.0,100.0,1.0,0.0,1.0,1.0,6.0,0,8.0,1.0
2026-10-03,PRINTR,8Y6pHi3cMhxhtHuzgGAsWgAJMyw3zaQLeFFf3qvRpump,0,stop_loss,-53.16,16.9,31926.26,103583.0,3.2444,13213.97,3006661.55,0.4139,0.0044,261.0,0.5402,31.14,123.0,18.8108,6680.0,100.0,1.0,0.0,1.0,1.0,19.0,0,,1.0
2026-10-03,ABU,6hTLdzZaaCjmqtn7RtaEMQsCbXT5Pg8q76tRViEGpump,0,take_profit,91.17,23.6,42710.05,202613.0,4.7439,27226.95,1199831.49,0.6375,0.0227,462.0,0.6515,-4.51,329.0,17.963,3426.0,100.0,1.0,0.0,3.0,1.0,5.0,0,,1.0
2026-10-03,KIN,Bf9i7oG8We16XBtgeAnNB9rDBnmCZPW37P7b6a9Hpump,0,stop_loss,-53.33,11.0,25301.85,77191.0,3.0508,23503.4,914763.9,0.9289,0.0257,257.0,0.5331,-1.27,60.68,24.0297,2573.0,100.0,29.0,1.0,1.0,1.0,3.0,0,,1.0
2026-10-03,PAYR,HmkiLg8BQnXMexzKJYFsMjbq82sFcqFXXfJ78CYypump,1,stop_loss,-52.88,2.0,57933.54,376536.0,6.4994,682302.31,1344659.13,11.7773,0.5074,38900.0,0.6326,16.75,389.0,2.2265,2205.0,100.0,1.0,0.0,1.0,1.0,1.0,0,0,1.0
2026-10-03,catius,9S2uxYgTDM1eM1Ryyc7D4dVKEFrb2F9m8NAygyQspump,0,stop_loss,-52.8,5.4,73806.39,618808.0,8.3842,80692.13,906128.42,1.0933,0.0891,2777.0,0.6305,32.92,779.0,2.0909,9464.0,99.9291,1.0,0.0,1.0,1.0,2.0,0,,1.0
2026-10-03,SA,J6yUJLiLywR9CugELcdkpPjG6eZN3FVjHUjMP5jXpump,0,stop_loss,-52.76,2.7,85540.27,829160.0,9.6932,285117.57,826321.03,3.3331,0.345,8682.0,0.8589,197.0,1292.0,3.5392,7226.0,100.0,1.0,0.0,1.0,1.0,2.0,0,0,1.0
2026-10-03,lemonem,XSeqKH7y53dYjzSxmsfojE6dRGmxGQ14kDFaftTpump,0,stop_loss,-53.11,1.5,34983.81,147153.0,4.2063,229055.39,492267.55,6.5475,0.4653,4555.0,0.6083,66.93,215.0,21.6558,2792.0,100.0,1.0,0.0,1.0,1.0,3.0,0,0,1.0
2026-10-04,Human,8nPoBHiBM6pybxMws9PA2JRb9BjkppBfqcZGmot4DMBC,1,stop_loss,-52.72,1.8,103432.55,1001171.0,9.6795,2072379.1,4222977.34,20.036,0.4907,23010.0,0.5301,77.33,1962.0,12.9245,9412.0,100.0,1.0,0.0,1.0,1.0,17.0,0,0,1.0
2026-10-04,EGO,BbJJUTuGV2B7tJ99YeryiCBFLG39Hoc4RTzEwchtpump,1,stop_loss,-52.87,5.6,59448.3,302353.0,5.086,273082.85,6910493.49,4.5936,0.0395,2717.0,0.5031,-38.5,536.0,15.3629,13321.0,100.0,1.0,0.0,1.0,1.0,48.0,0,0,1.0
2026-10-04,Ash,F5WvFdG9sCfhv3bVYAMJNWiwpx5e3X2uvpXDtLtdsDJs,1,take_profit,92.71,6.7,96383.01,828992.0,8.601,310750.26,5592811.46,3.2241,0.0556,2607.0,0.4779,43.65,1586.0,20.5172,11443.0,100.0,1.0,0.0,1.0,1.0,8.0,0,0,1.0
2026-10-04,SPLICE,7bC8ugu1ZJn21MhA4ht483nX8brLNesa8R7XLimpFyhq,0,stop_loss,-52.72,23.4,106003.77,867995.0,8.1883,170701.67,9373523.88,1.6103,0.0182,1665.0,0.4715,-0.66,1720.0,14.9659,12844.0,100.0,1.0,0.0,1.0,1.0,21.0,0,8.0,1.0
2026-10-04,SHIBO,3sfF6VyrW9MJwWoFvYC51UK4pPp7P5H4wRPqqHTbpump,0,stop_loss,-53.08,4.6,36454.87,165751.0,4.5467,14778.05,277154.92,0.4054,0.0533,266.0,0.6654,-25.79,233.0,26.5318,1619.0,100.0,1.0,0.0,1.0,1.0,1.0,0,,1.0
2026-10-04,AGENTCAT,CZJfrAmMs5Cz4H22PWzfqTJu5FkP7Q2Vvx1oPVL9pump,1,take_profit,93.66,23.5,411907.63,17452620.0,42.3702,264710.11,3981171.44,0.6426,0.0665,1649.0,0.8253,74.05,20158.0,2.8375,4089.0,100.0,1.0,0.0,1.0,1.0,19.0,0,4.0,1.0
2026-10-04,WHIPCAT,F4635H9HFAzYjpyM3coGMtW8pMmEYRtwrgz5mgfHpump,0,rug,-96.53,30.5,27375.79,88619.0,3.2371,21835.7,566459.64,0.7976,0.0385,457.0,0.6915,-19.67,-0.54,15.8245,3693.0,99.8199,1.0,0.0,2.0,1.0,0,0,,1.0
2026-10-04,SWAP,GYFLuEAZMDdpUsTmyGdHstuXQC3JB9ZqtZbfktpppump,0,take_profit,91.67,3.7,52277.8,277273.0,5.3038,87532.25,787850.61,1.6744,0.1111,1041.0,0.585,22.18,532.0,17.7667,2168.0,100.0,1.0,0.0,1.0,1.0,0,0,4.0,1.0
2026-10-05,HIGGS,DoVAVzViX8Bjy3r15nwikSaSbzE6dV4ovd28aWpJpump,1,take_profit,93.35,33.8,199471.2,2403846.0,12.0511,291585.23,5528169.03,1.4618,0.0527,2466.0,0.5081,2.49,11.05,13.4274,30320.0,100.0,1.0,0.0,1.0,1.0,4.0,0,8.0,1.0
2026-10-05,MINTRO,BrUimx7KncgRNTggAdZdaX2s5XUqQyR6XMRmEg4mpump,1,take_profit,93.01,3.8,128221.2,1758251.0,13.7126,488742.46,1992017.74,3.8117,0.2454,10313.0,0.615,9.9,1322.0,1.8172,4613.0,100.0,1.0,0.0,1.0,1.0,3.0,0,0,1.0
2026-10-05,BACKERS,CBLx6CRcCTtbmgTdxpqnF2dP1MpWbMUjngtNbFTApump,0,take_profit,92.53,16.2,84545.74,657634.0,7.7784,109628.58,5698122.65,1.2967,0.0192,1250.0,0.54,39.01,1299.0,29.06,9947.0,100.0,1.0,0.0,1.0,1.0,8.0,0,0,1.0
2026-10-05,SM,Aqv8Gj8MesSzuEsgigq4kEDWVRFHgPUZq4Po4Q1Mpump,0,take_profit,91.59,16.5,50446.3,216905.0,4.2997,31285.36,6338200.6,0.6202,0.0049,433.0,0.5566,-9.67,349.0,19.8586,11105.0,100.0,1.0,0.0,1.0,1.0,27.0,0,,1.0
2026-10-05,SOLBORN,26ZixeXtGBQe3DBrN4448oZaY5rnhwPrZNhAjZPopump,0,stop_loss,-53.34,7.0,24786.56,64660.0,2.6087,14356.61,2807953.93,0.5792,0.0051,435.0,0.5356,-30.88,42.33,24.3744,9127.0,100.0,1.0,0.0,1.0,1.0,27.0,0,,1.0
2026-10-05,quarantinu,H8oe2SCksJcYzhPeS4TsbteusgZW5k7QaZ4boKyq8C7U,0,stop_loss,-53.53,11.2,20203.9,55069.0,2.7257,75767.4,373633.2,3.7501,0.2028,1128.0,0.547,164.0,14.93,22.6678,1603.0,100.0,1.0,0.0,1.0,1.0,4.0,0,0,1.0
2026-10-05,BATONROGUE,8nKp4JkesNtDgu3PiSjdTdNSrtBt8YCHhW8BU14wpump,1,rug,-96.66,24.8,34281.09,108508.0,3.1652,367741.59,6262117.03,10.7272,0.0587,5622.0,0.6238,-62.74,-63.99,3.9279,17685.0,100.0,1.0,0.0,1.0,1.0,2.0,0,7.0,1.0
2026-10-05,swordcali,AsyWkgzTJD2VsiJYf7DSjs6LFyvMFZ6ojeVoEBvupump,1,take_profit,91.72,6.6,53390.15,316677.0,5.9314,128372.73,1159429.77,2.4044,0.1107,3458.0,0.8953,-14.54,344.0,2.0396,6391.0,100.0,1.0,0.0,1.0,1.0,2.0,0,0,1.0
2026-10-06,IRL,BZ8pkWUs4TjboT2xHRCwg3o6PK8xkvmNewvqMyyfpump,1,stop_loss,-52.82,3.9,69326.38,492884.0,7.1096,254568.01,1447771.23,3.672,0.1758,4523.0,0.5311,44.33,609.0,15.1288,4244.0,100.0,1.0,0.0,1.0,1.0,5.0,0,0,1.0
2026-10-06,TWEETCRAFT,HzYCHqAN2uoHGRnL9v2ChCfFQX3bvJuJd5zu2Hd5MZQy,1,take_profit,92.06,1.9,63195.32,373003.0,5.9024,491005.95,4568087.75,7.7697,0.1075,5088.0,0.5147,-12.66,657.0,14.7634,8067.0,100.0,1.0,0.0,1.0,1.0,4.0,0,0,1.0
2026-10-06,Buto,4zf496BBRWZ5H2Rrb3riUBCBsfPUY6FsZhea1YH2nZXb,0,stop_loss,-53.48,4.6,21209.02,48358.0,2.2801,73828.38,2543375.39,3.481,0.029,1183.0,0.5545,-63.84,0.61,17.588,5974.0,100.0,1.0,0.0,0.0,1.0,14.0,0,0,1.0
2026-10-06,phubber,CBcjQNdtgb4SHwKDqKFxD3yPSk7pEMpKHQiMmZrgpump,0,time_stop,26.75,22.1,76590.89,467628.0,6.1055,93275.51,8535903.74,1.2178,0.0109,1019.0,0.5191,-19.45,876.0,17.101,13811.0,100.0,1.0,0.0,1.0,1.0,46.0,0,0,1.0
2026-10-06,CHONK,FeAWY9L9hr82TvTuEyi328V9FP7GxVuGLx7xNg6kzWVa,0,stop_loss,-53.11,8.3,34662.55,423409.0,12.2152,24325.37,588660.73,0.7018,0.0413,201.0,0.6766,15.53,-21.77,26.3578,8910.0,100.0,1.0,0.0,1.0,0.0,27.0,0,,1.0
2026-10-06,CAESAR,8cp1WhUDxTbfX8nDe1kAB1ogPUyQvUSKgzFz365LbQyZ,0,stop_loss,-53.13,17.5,33672.7,109698.0,3.2578,23441.52,3480707.09,0.6962,0.0067,441.0,0.542,-9.82,130.0,16.733,7948.0,99.9489,1.0,0.0,2.0,1.0,19.0,0,,1.0
2026-10-06,MINER,2T6Wg3urxPQHaoGh4gqNHyYL6FAfyWA5BaH6Lo37pump,1,take_profit,90.82,2.0,37819.8,146878.0,3.8836,394943.17,477252.56,10.4428,0.8275,4582.0,0.5574,386.0,299.0,26.4648,2023.0,100.0,1.0,0.0,1.0,1.0,6.0,0,0,1.0
2026-10-06,ATFS,rtyCb78V7G3yEX3zqFRGn94Zy6nJYx5rKQrhDZ5pump,0,time_stop,46.41,22.2,1611442.92,304370314.0,188.8806,10849.16,854344.83,0.0067,0.0127,1604.0,0.9613,2.38,605714.0,0.4794,2234.0,100.0,54.0,1.0,0.0,1.0,0,0,,0.0
2026-10-06,SK,49gr2VBv3igYyXXVthoozw2bCsHhHaF3WJufgfQrpump,0,stop_loss,-53.06,20.4,38288.69,168237.0,4.3939,40524.11,599845.87,1.0584,0.0676,602.0,0.6163,-15.32,257.0,23.5125,2378.0,100.0,1.0,0.0,2.0,1.0,41.0,0,,1.0
2026-10-06,SNDWITCH,J9qzFhTLYnmf3tZYvHBaF96rH3YKToELAAVMzz66pump,0,take_profit,91.66,2.8,52042.12,305003.0,5.8607,226258.38,1476898.19,4.3476,0.1532,8935.0,0.7587,-24.83,360.0,2.7056,5663.0,100.0,1.0,0.0,1.0,1.0,2.0,0,0,1.0
2026-10-06,SI276,HMYd9tosnUXuNHmq7pXmoePRVBLBBjA3JBfydq6upump,0,take_profit,90.1,3.0,30684.04,118036.0,3.8468,35606.43,481686.27,1.1604,0.0739,565.0,0.577,-27.62,140.0,26.7847,1886.0,100.0,1.0,0.0,1.0,1.0,7.0,0,,1.0
2026-10-06,AGENCY,CsCPttDSDsKxhCiVrYvCpFHtT9A3Uni8tbSfqpDXpump,1,stop_loss,-53.22,3.1,29259.44,92733.0,3.1693,478287.3,1620190.42,16.3464,0.2952,5463.0,0.5724,-1.9,5.0,2.2929,7942.0,100.0,1.0,0.0,1.0,1.0,0,0,10.0,1.0
2026-10-06,DONSOM,GfBwZAaRLdarL7mmUce8wkFc2xALuTSzyrREVKixpump,0,take_profit,90.61,1.3,35386.37,153086.0,4.3261,208963.84,548443.81,5.9052,0.381,7047.0,0.7119,-22.25,66.37,3.1822,2698.0,100.0,1.0,0.0,1.0,1.0,0,0,0,1.0
